561062
561063
561064
561066
561067
562929
562930
562931
562932
562933
562934
562935
562936
570795
570812
571003
571135
581597
595683
595687
595690
595693
610753
610757
610759
611658
612862
612864
613345
613349
613353
613357
613359
613361
626596
626815
626851
637020
637021
637022
661603
661677
661698
663754
672635
672639
672641
672644
672651
685455
686448
693337
693345
693353
698595
698720
704016
704019
704028
704030
704042
704044
704056
704063
704066
704074
704077
704080
704085
704088
704094
704099
704108
704110
704115
704116
704128
704136
704138
704142
704145
704159
704181
704192
704195
704198
704200
704203
704206
704208
704213
704220
704224
704228
704250
704263
704270
705073
707730
707736
707744
707750
707756
707760
707761
707762
707765
707773
707784
707787
707793
707802
707808
707811
707816
707820
707827
707828
707831
707836
709195
709203
710429
712503
713198
713201
713204
713207
713211
713214
713218
713222
713225
713228
713233
713238
713241
713245
713248
713251
713272
713274
713279
716744
716752
716756
716762
716770
716775
716782
716789
716794
716799
716806
716809
719065
719073
719079
719085
719096
719103
719108
720182
720189
720197
720204
720208
721415
721419
721425
721504
724749
724756
724763
724776
724793
724801
724806
724814
724824
724831
724836
724843
724848
733332
740765
740775
740780
742199
742209
742220
742234
755883
755890
755896
755900
755968
755976
755988
760069
761697
761877
761884
761891
761940
764322
764327
764351
764377
764397
767596
770727
772472
772930
772944
773550
775164
775192
775241
775254
775267
776507
776516
776521
776527
776535
776543
776549
776554
776555
776562
776564
776570
776574
776580
776581
776589
776611
776620
776624
776644
776654
776657
776676
776681
776702
778305
778315
778324
778331
778337
778341
778349
778361
778380
778390
778400
778419
778970
778977
778982
778988
778993
779000
779005
779018
779027
779032
779052
779056
779076
779084
779093
779100
779107
779202
779207
779215
779219
779230
779235
779252
779259
779270
779275
779282
779286
779294
779303
779310
779321
779327
779332
779466
779474
779483
779491
779497
779507
779516
779523
779536
779542
779559
779569
779575
779584
779590
779595
779782
779788
779799
779806
779814
779819
779832
779837
779851
779857
779861
779870
779875
779898
779911
779923
779928
779938
779943
780073
780080
780085
780097
780102
780107
780516
780518
780529
780535
780540
780546
780556
780560
780567
780582
780591
780602
780617
780619
780623
780627
780711
780727
782613
782622
782629
782633
782638
782640
782670
782826
787182
787189
787194
792049
792055
792061
792067
792072
792078
792116
792121
798586
798667
799040
799610
806221
806299
806351
806363
810400
810408
812449
812458
815911
815919
815926
817869
817883
817885
817888
817925
817943
818004
818031
818033
818038
819228
819238
819242
819243
819245
819296
819299
819301
819303
819305
819308
819347
819350
819352
819359
819366
819374
819377
819383
819386
819393
819403
819523
819528
819540
819591
821900
821904
822175
822176
822177
822178
822179
822183
822184
822185
822187
822190
822191
822192
822193
822194
822195
822443
822444
822549
822550
822551
822552
822553
822554
822556
822557
822558
822559
822562
822563
822564
822836
822839
823209
823210
823211
823214
823717
823720
831679
831690
832025
832100
832271
837094
837095
837096
837097
837098
837099
837100
837101
837102
837103
837104
837105
837106
837107
837108
837299
837300
851383
851484
851491
851500
851507
851510
851802
851837
853238
853565
853851
854418
854608
854993
855183
855185
855246
855913
862782
862783
881106
881109
881110
881112
881118
894534
894535
894536
899306
899310
960750
961145
969835
981505
981507
981509
992036
1001792
1001793
1001794
1004142
1004147
1004151
1004157
1004159
1004160
1006650
1027714
1031377
1032146
1032558
1032562
1032563
1032879
1032971
1032973
1033740
1033910
1033913
1034221
1034580
1035115
1035557
1035559
1035561
1035776
1035801
1039816
1055205
1055816
1058305
1064506
1064519
1064527
1064532
1070025
1070035
1070089
1070490
1070526
1070619
1070628
1070800
1070834
1070841
1071069
1071332
1071576
1071854
1071948
1072155
1072163
1072166
1072169
1072255
1097447
1097452
1099889
1130531
1130536
1130537
1139696
1298147
1298149
1298151
1298154
1298171
1298173
1298177
1298182
1298209
1298214
1298217
1356459
1356523
1443115
1443126
1443134
1443145
1443147
1443164
1443174
1443184
1443196
1443201
1443205
1443214
1443224
1443230
1443236
1443246
1443250
1443257
1443265
1443269
1443286
1443291
1443298
1443307
1443319
1443327
1443337
1443344
1443346
1443355
1443359
1443362
1443367
1443373
1443374
1443389
1443398
1443402
1443407
1443416
1443422
1443425
1443440
1511431
1511509
1511511
1511515
1511518
1511523
1511525
1511532
1511544
1514469
1514477
1514495
1568056
1569877
1601606
1601607
1601609
1601625
1601628
1601630
1601633
1601634
1601637
1601640
1601642
1601644
1648475
1648480
1648485
1648490
1648491
1648495
1649359
1649367
1649370
1649372
1649404
1649406
1701184
1701194
1701204
1701215
1701225
1701233
1701259
1701261
1701269
1701280
1701283
1701290
1701306
1701318
1701329
1701364
1701366
1701377
1701380
1701384
1701396
1701428
1701434
1701448
1847617
1951133
1951140
2031361
2031395
2031436
2037740
2037750
2037761
2037834
2037922
2037925
2037941
2038692
2041029
2041079
2041112
2041139
2041169
2045389
2045405
2045413
2045430
2045439
2045447
2045454
2045464
2045497
2046038
2046147
2046179
2056655
2134629
2140627
2140776
2140777
2140778
2147888
2147890
2147891
2147892
2147893
2147894
2147895
2147896
2147899
2147901
2147902
2147949
2147954
2147973
2147992
2156075
2156138
2156139
2156140
2156141
2156142
2156467
2165495
2165496
2165497
2165498
2165499
2165500
2165501
2165505
2165506
2165507
2165508
2165522
2165523
2165524
2165525
2165526
2165527
2165545
2165552
2165553
2165554
2165585
2165586
2165587
2166674
2166683
2168631
2171056
2242720
2324107
2324108
2324115
2324120
2324124
2324516
2332635
2332636
2332637
2332638
2332639
2332640
2332641
2332642
2332643
2453318
2485777
2505331
2524009
2524010
2524011
2524012
2524018
2524019
2561182
2561183
2561184
2561185
2561186
2561187
2561188
2561189
2561190
2561191
2561192
2561193
2561194
2561195
2561196
2561197
2561198
2561199
2561200
2561201
2561202
2561203
2561204
2561205
2561206
2605021
2613506
2613510
2630632
2644769
2644770
2644771
2644772
2644773
2718942
2718946
2728107
2728108
2728109
2924446
2924447
2924449
2924455
2924457
2924458
2924463
2952691
2960076
2960078
2960079
2960080
2960081
2960082
2960083
2960084
2960085
2960086
2960087
2960088
2960089
2963012
2963013
2963015
2963016
2963017
2963019
2963020
2963021
2963022
2963024
2963025
2963026
2963027
2963028
2963029
2963030
2963032
2963034
2963035
2963038
2963039
2963041
2963042
2963043
2963044
2963045
2963049
2963050
2963051
2963052
2963053
2964562
2964563
2964564
2964565
2964566
2964567
2964568
2964569
2964570
2964571
2964572
2964573
2964574
2964575
2964576
2964577
2964578
2964579
2964581
2964582
2964583
2964584
2964585
2964586
2964590
2964591
2964593
2964594
2964595
2964596
2964597
2964598
2964599
2964600
2964601
2964604
2964605
2964606
2964607
2964608
2964609
2964611
2964612
2964615
2964617
2964619
2964620
2964623
2964638
2964639
2964640
2964641
2964642
2964643
2964644
2964645
2964646
2964647
2964648
2964649
2964650
2964651
2964652
2964653
2964654
2964785
2964800
2964802
2964804
2964806
2964808
2964809
2964810
2964811
2964812
2964813
2964814
2964815
2964816
2964817
2964818
2964819
2964820
2964821
2964822
2964823
2964824
2964825
2964826
2964827
2964828
2964829
2964830
2964831
2964832
2964833
2964834
2964835
2964836
2964837
2964838
2964839
2964840
2964841
2964842
2964843
2964844
2964845
2964851
2964856
2964863
2964864
2964865
2964866
2964867
3044740
3061740
3061748
3063772
3069138
3069145
3091313
3093910
3093915
3093916
3093922
3094468
3094471
3094472
3094475
3094479
3094529
3095374
3095382
3095452
3095453
3095457
3095461
3095908
3095909
3095913
3095914
3095915
3095918
3096223
3096306
3096308
3096309
3096314
3096317
3096320
3096321
3096322
3096323
3096324
3096325
3096326
3096327
3096328
3096329
3096388
3096389
3096390
3096403
3096406
3096407
3096408
3096415
3096416
3096417
3096419
3096420
3096421
3096422
3096423
3096424
3096425
3096426
3096427
3096428
3096440
3096444
3096445
3096549
3096552
3096553
3096562
3096756
3096800
3096804
3096806
3096858
3097180
3097248
3097255
3097258
3097296
3097316
3108096
3108099
3108132
3108162
3108163
3111400
3113248
3115327
3115328
3115329
3115330
3115331
3115338
3115341
3115742
3115752
3115922
3115931
3115956
3115957
3115958
3115959
3115960
3115961
3115962
3115963
3115964
3115965
3115966
3115967
3115968
3115969
3115970
3115971
3115972
3120389
3120390
3120391
3120397
3120398
3120399
3120400
3120401
3120407
3120408
3120409
3120410
3120411
3120702
3121500
3121507
3121510
3121513
3121514
3121516
3126703
3127205
3127206
3127207
3127487
3127489
3127494
3130220
3130222
3130233
3130235
3130241
3131326
3141446
3142114
3145624
3145625
3145628
3151051
3151057
3151131
3151132
3151133
3151134
3151174
3151791
3151794
3151796
3151800
3151801
3151802
3151809
3151813
3151814
3151815
3151818
3151819
3151820
3163533
3163534
3163535
3163536
3163537
3163538
3163539
3163542
3163543
3163544
3163545
3163546
3163547
3163549
3163550
3163551
3163552
3163554
3163555
3163556
3163659
3163844
3163845
3163846
3163847
3163848
3163852
3163854
3163855
3165357
3168276
3170311
3170312
3171814
3171815
3171816
3171817
3171849
3171850
3171851
3171852
3171853
3171854
3171855
3171857
3171858
3171859
3172001
3177179
3177181
3177182
3177184
3177186
3177187
3177188
3177191
3177196
3177197
3177200
3177202
3177203
3177204
3179013
3180158
3180512
3186329
3186334
3186335
3186336
3186337
3186338
3186339
3186340
3186341
3186342
3186343
3186344
3186345
3186346
3186347
3186472
3186473
3186475
3186480
3194538
3194540
3194542
3194544
3194545
3194547
3194548
3194550
3194551
3194552
3194735
3196213
3211646
3211647
3211649
3211651
3211652
3211653
3211654
3211655
3211656
3211657
3211658
3211659
3212586
3212740
3214292
3214295
3215671
3217209
3218049
3218050
3221027
3221028
3221029
3221030
3221032
3221033
3221034
3221035
3221036
3221038
3221039
3221042
3221043
3221044
3221046
3224329
3229252
3229319
3229325
3229326
3229327
3229446
3229453
3229454
3229455
3229456
3229457
3229458
3229459
3229460
3229461
3229462
3229562
3229580
3229584
3229587
3229592
3229607
3229611
3229612
3229906
3229912
3230291
3230894
3230895
3230896
3230897
3230898
3230899
3230900
3230901
3230902
3230903
3230904
3230905
3230914
3230919
3230920
3231693
3231760
3233194
3235541
3235557
3237106
3237748
3237751
3237775
3237780
3239009
3240577
3240704
3240787
3240790
3240795
3240812
3240814
3240995
3240996
3240998
3240999
3241052
3241176
3241177
3241178
3241179
3241180
3241181
3241182
3241183
3241184
3241185
3241186
3241187
3241188
3242944
3242952
3244316
3244575
3244576
3244749
3244767
3244769
3244771
3244772
3245029
3251719
3252092
3252848
3252849
3252851
3252856
3252859
3252864
3252866
3256771
3256772
3256773
3258207
3258208
3258209
3258210
3258217
3258219
3258220
3258221
3258222
3258223
3258224
3258225
3258227
3258228
3258235
3258236
3258237
3258238
3258239
3258240
3258241
3258242
3258243
3258244
3259936
3261736
3264637
3264638
3264639
3264640
3264641
3267846
3267847
3267849
3267850
3267851
3267852
3267853
3267854
3269743
3270195
3270196
3270197
3270198
3270199
3270200
3270201
3270202
3270203
3270478
3270745
3270746
3270748
3270960
3270961
3270962
3270963
3270964
3270965
3271019
3271035
3271037
3271143
3271145
3271146
3271147
3271148
3271150
3271229
3271271
3271275
3271276
3271277
3271278
3271279
3271280
3271281
3271282
3271283
3271284
3271285
3271291
3271292
3271293
3271294
3271295
3271297
3271300
3271363
3271682
3271898
3271899
3271904
3271910
3271934
3271948
3271950
3271965
3271966
3271968
3271974
3271978
3271979
3271980
3271981
3272029
3272149
3272151
3272177
3272178
3272179
3272189
3272205
3272220
3272222
3272228
3272858
3273027
3273028
3273029
3273030
3273031
3273432
3273438
3273597
3273598
3273600
3273601
3273603
3273604
3273605
3273840
3273982
3274162
3274392
3274393
3274884
3278788
3278789
3280681
3280682
3284263
3284536
3284542
3284545
3284550
3284551
3284552
3284553
3284597
3284968
3284969
3284971
3284972
3284980
3286502
3286773
3288061
3288209
3288210
3288214
3288215
3288216
3288217
3288219
3288580
3288583
3288584
3288589
3288590
3288591
3288819
3288830
3288831
3288834
3288838
3288842
3289621
3289622
3289623
3289624
3289625
3289626
3289627
3289628
3289629
3289630
3289631
3289632
3289633
3289634
3289635
3289636
3289637
3289638
3289639
3289640
3289641
3289642
3289644
3289645
3289646
3294448
3294450
3294451
3294453
3294455
3294457
3294458
3294982
3294987
3294990
3296430
3296460
3297085
3297086
3297087
3300727
3300731
3300737
3300740
3300743
3300749
3300752
3300758
3300761
3300763
3305442
3305443
3305444
3305445
3305446
3305447
3305952
3305954
3305955
3305959
3305960
3305961
3305966
3306309
3306310
3306311
3306312
3306313
3306314
3306315
3306316
3306317
3306318
3306319
3306320
3306321
3306322
3306323
3306324
3306325
3306326
3306327
3306328
3306329
3306330
3309083
3309084
3309086
3313437
3315486
3315487
3315488
3315489
3315490
3315499
3315500
3315501
3315508
3315510
3315761
3316568
3316569
3316570
3316571
3316577
3317215
3317216
3317217
3317218
3317715
3317728
3318353
3318365
3319514
3319516
3322558
3322804
3322810
3323042
3323050
3323051
3325865
3325870
3325873
3325874
3326362
3326363
3327115
3327116
3327117
3327118
3328634
3328637
3328784
3330631
3330633
3330638
3330692
3330694
3330695
3330705
3330711
3330712
3330713
3330715
3335518
3335520
3335699
3335700
3336310
3336499
3336500
3336501
3336503
3336504
3336505
3336506
3336507
3336508
3336509
3336510
3336512
3336514
3336515
3336530
3336531
3336534
3342031
3345219
3345220
3345221
3345222
3345223
3345224
3345242
3346950
3346999
3347016
3347021
3347023
3347814
3347932
3348043
3348044
3348045
3348046
3348048
3348052
3348054
3348055
3349759
3349762
3349763
3349773
3349780
3351040
3351202
3358174
3358175
3358176
3358179
3358180
3358182
3358183
3358184
3358240
3358241
3358243
3358245
3358246
3358247
3358248
3358249
3361677
3362297
3363379
3363393
3364266
3364618
3370262
3370412
3370413
3370414
3370415
3370416
3370417
3370423
3370424
3370426
3370427
3370428
3370429
3370430
3370431
3370432
3370433
3370434
3370961
3370962
3370963
3370964
3370965
3370967
3370968
3370969
3370983
3371242
3371698
3371699
3372420
3372421
3372422
3372423
3372425
3372426
3372433
3372434
3372435
3372437
3372438
3372440
3372441
3372442
3372443
3372444
3372445
3372446
3372447
3372448
3372451
3372453
3372454
3372455
3372456
3372457
3372459
3372461
3374587
3374779
3378319
3378321
3378369
3378372
3378373
3378374
3378375
3378376
3378377
3378392
3378407
3379056
3379057
3379058
3379068
3379100
3379286
3379287
3379288
3379289
3379290
3379291
3379292
3379293
3379294
3379295
3379296
3379297
3379298
3379299
3379465
3379466
3379573
3379579
3379582
3380166
3380168
3380173
3380174
3380175
3380177
3380178
3380180
3380181
3380183
3380252
3380253
3380254
3380263
3380264
3380396
3380805
3381201
3381239
3381240
3381242
3381243
3381244
3381245
3381249
3381250
3381251
3381252
3381253
3381254
3381256
3381257
3383261
3383262
3383263
3383273
3383274
3383275
3383386
3383387
3383397
3383401
3383406
3383420
3383428
3384232
3384636
3384637
3384638
3384641
3384643
3384644
3384645
3384646
3384647
3384648
3384649
3384650
3384651
3384758
3384767
3384774
3384777
3385290
3385831
3386534
3386595
3386596
3391437
3391438
3391440
3391878
3391879
3391880
3391881
3392049
3392051
3392138
3392147
3392233
3396002
3396467
3401884
3401886
3401967
3401968
3402430
3402431
3402432
3402433
3402434
3402435
3402439
3402440
3402441
3402442
3402443
3402444
3409256
3409551
3415641
3415642
3415643
3415644
3415645
3415646
3415648
3415649
3415650
3415660
3415667
3415668
3415673
3416192
3416210
3416212
3416224
3416296
3416297
3416298
3416300
3416301
3416302
3416304
3416512
3416524
3416563
3416572
3416928
3416969
3417690
3417691
3417692
3417693
3417695
3417701
3417702
3417703
3417704
3417724
3417725
3417726
3418702
3418703
3418704
3418705
3418713
3418715
3419336
3419347
3419357
3419359
3419818
3419819
3420138
3420140
3420151
3420152
3420153
3420154
3420155
3420156
3420157
3420158
3420159
3420160
3420161
3420162
3420163
3420164
3420165
3420166
3420167
3420168
3420169
3420170
3420171
3420172
3420173
3420174
3420175
3420176
3420177
3420178
3420367
3420368
3420373
3428785
3428795
3428796
3428798
3428817
3428818
3428819
3428820
3428821
3428826
3428830
3429253
3429254
3429255
3429256
3429257
3429258
3429259
3429261
3429262
3429263
3429707
3429708
3429709
3431312
3432452
3433010
3433011
3433012
3433013
3433014
3433015
3433016
3433017
3433018
3433019
3433020
3433021
3433022
3433286
3433288
3435777
3435778
3435779
3435780
3435782
3436730
3436731
3436732
3436733
3436734
3436735
3436736
3436737
3436738
3436739
3436740
3438827
3438828
3447965
3447966
3447968
3449232
3449678
3449680
3449692
3450044
3450067
3450148
3451624
3451625
3451626
3451627
3451628
3451629
3451630
3451631
3451632
3451633
3451634
3451635
3451636
3451637
3451638
3451639
3451640
3451641
3451642
3451643
3451805
3451806
3451808
3451813
3451817
3451819
3451821
3451822
3451826
3451829
3451831
3451833
3451839
3451843
3451850
3451851
3451856
3451861
3452378
3452379
3452380
3452381
3452382
3452385
3452915
3452935
3453377
3453586
3456837
3456842
3456844
3456845
3458135
3463050
3463594
3463595
3465398
3465399
3467531
3468791
3468792
3468793
3468794
3471042
3471615
3471623
3472006
3472019
3472615
3472632
3472634
3472645
3478296
3480001
3480006
3480009
3480159
3480161
3480162
3480168
3480169
3480170
3480171
3480175
3480176
3480177
3481202
3486429
3486460
3486465
3486466
3486467
3486469
3486543
3486545
3486546
3486550
3487444
3488234
3488236
3488238
3488248
3488249
3488256
3488259
3492113
3492147
3492148
3492149
3492150
3492151
3492152
3492499
3492501
3492502
3492503
3493416
3493418
3493427
3493428
3493429
3493430
3493434
3493441
3493442
3493494
3493495
3493496
3493497
3493498
3493499
3496675
3496681
3496682
3496683
3496687
3496700
3496701
3496702
3496985
3497009
3497358
3497359
3497360
3497361
3497362
3497363
3497364
3497365
3497366
3498945
3499346
3499347
3499353
3499381
3499382
3499383
3499384
3499581
3499582
3499583
3499624
3499643
3499649
3500430
3500431
3500432
3500433
3500434
3500435
3500436
3500438
3500439
3500443
3500444
3500445
3500446
3502467
3502507
3502510
3502511
3502762
3502779
3504367
3504434
3511319
3511323
3511324
3511325
3511326
3511327
3511332
3511336
3511339
3511340
3511343
3511344
3513168
3514365
3518319
3518322
3518327
3518328
3518357
3518377
3518378
3518386
3518388
3518391
3518392
3518397
3518403
3518404
3518409
3518413
3518414
3520121
3521506
3521507
3521508
3523382
3523384
3523386
3523387
3523389
3523392
3523393
3523394
3523396
3523398
3523400
3523877
3523881
3524171
3525583
3525589
3525590
3526156
3526159
3526160
3526162
3526163
3526169
3526170
3528971
3529286
3530431
3530781
3530783
3530869
3530881
3530935
3530942
3530943
3530946
3531194
3531207
3531278
3531279
3531280
3531281
3531282
3531330
3532496
3532498
3532500
3533758
3533759
3535754
3536235
3581575
3582390
3583961
3586735
3587087
3587114
3587116
3587117
3587118
3587198
3587807
3587844
3587846
3587880
3587881
3587883
3588635
3588641
3588643
3588849
3588850
3588852
3588853
3588854
3588855
3588856
3588857
3588858
3588859
3588860
3588861
3588862
3588863
3588864
3588865
3588866
3589213
3589214
3589215
3589216
3589217
3589218
3589247
3589248
3589267
3589268
3589269
3589270
3589271
3589272
3589288
3589289
3589290
3589291
3589292
3589293
3589294
3589295
3589296
3589297
3589298
3589299
3589316
3589337
3589343
3589344
3589345
3589347
3589348
3589349
3589366
3589367
3589375
3589376
3589377
3589378
3589379
3733965
3733974
3735028
3735029
3835666
3835670
3835674
3853844
3881184
3882859
3890297
3890305
3890315
3890316
3890321
3890328
3890334
3890343
3890348
3890350
3890351
3896679
3896680
3896694
3896695
3896696
3896697
3896699
3896700
3903820
3903830
3904160
3904513
3904514
3904515
3904518
3904519
3904528
3904530
3913761
3914345
3916594
3916686
3916688
3916689
3916693
3916694
3916695
3916696
3916697
3916702
3916703
3916704
3916706
3916708
3916709
3916710
3916712
3916713
3916714
3916715
3916716
3916717
3916718
3916719
3916720
3916721
3916722
3916723
3916724
3917050
3917063
3917072
3917283
3917289
3917294
3917300
3922023
3922027
3922032
3922033
3928641
3979220
3979221
3979226
4002365
4002367
4002369
4002370
4002371
4002372
4002373
4002374
4002375
4021017
4086197
4086198
4086199
4086200
4094084
4094085
4094089
4109091
4109093
4109094
4109111
4109112
4109114
4109115
4109117
4111219
4119412
4119413
4119414
4119415
4119416
4119417
4119418
4122304
4122308
4122312
4122313
4122314
4122315
4122316
4122317
4122318
4122319
4122320
4122321
4122322
4122325
4122349
4127155
4127165
4127166
4127167
4127168
4127191
4127201
4127211
4127225
4127240
4127243
4127673
4127674
4127675
4128174
4152653
4152654
4152655
4152831
4152832
4152833
4152858
4153000
4153002
4153003
4153004
4153005
4153006
4153007
4153099
4153100
4153219
4153220
4153221
4153928
4154035
4154038
4154040
4156620
4156624
4156625
4156631
4156634
4156636
4156639
4156642
4156644
4156650
4156657
4156661
4156670
4156671
4156677
4156948
4156953
4156957
4156958
4156978
4156980
4157043
4157056
4157106
4157134
4157135
4157136
4157137
4157138
4157139
4157141
4157146
4157147
4157148
4157165
4157166
4157167
4157919
4157932
4157982
4158108
4158121
4158132
4158148
4158152
4158153
4158184
4158248
4158258
4158262
4158264
4158266
4158268
4158271
4158284
4158287
4158623
4158631
4158636
4158750
4158753
4158763
4158766
4158767
4158770
4158774
4159016
4159019
4159020
4159021
4159022
4159023
4159024
4159025
4159027
4159028
4159030
4159031
4159181
4159182
4159183
4159184
4159185
4159187
4159188
4159189
4159190
4159191
4159468
4160891
4160892
4160893
4160894
4160895
4160896
4160897
4160898
4160899
4160994
4160995
4160996
4161028
4161029
4161030
4161031
4161036
4161037
4161038
4161039
4161239
4161242
4161257
4183042
4183166
4183167
4183169
4183170
4183387
4183388
4183401
4183451
4183452
4183453
4183454
4183457
4183458
4183655
4183657
4183658
4183659
4183853
4183855
4183858
4183859
4183860
4183861
4183862
4183863
4183864
4183865
4183866
4183867
4183868
4183869
4183870
4183871
4183872
4183873
4183874
4183875
4183876
4183877
4183878
4183879
4183880
4183881
4183882
4183883
4183884
4183885
4183886
4183887
4183888
4183889
4183891
4183959
4183960
4184129
4184130
4184145
4184148
4184150
4184157
4184180
4184181
4184182
4184184
4184186
4184187
4184188
4184192
4184228
4184230
4184231
4184232
4184269
4184278
4184327
4184334
4184337
4184363
4184497
4184500
4184502
4184503
4184604
4184606
4191468
4191470
4191472
4191474
4195725
4195727
4195732
4195733
4195734
4217401
4218465
4219728
4220713
4220733
4220772
4220773
4220774
4220776
4225949
4226158
4226649
4226650
4226653
4226655
4226657
4226659
4226660
4226661
4226667
4226669
4228001
4228011
4228012
4233306
4233309
4233310
4233311
4263685
4263686
4263688
4263755
4263756
4263757
4263758
4263759
4263760
4263762
4263772
4263788
4263789
4263793
4267824
4267829
4267830
4267834
4267835
4269170
4269176
4272436
4272925
4285458
4285464
4285467
4285496
4286415
4286462
4286463
4305003
4305006
4305007
4373242
4373243
4373244
4373246
4373247
4373249
4373250
4373251
4373254
4373258
4406648
4406649
4406650
4589106
4597795
4597796
4597797
4597811
4622369
4622371
4638404
4638460
4638501
4638504
4638505
4638510
4638511
4638513
4638518
4638519
4638521
4638554
4638555
4638556
4638558
4638559
4638561
4638562
4638563
4638564
4638565
4638566
4638567
4638568
4638570
4638571
4638572
4638573
4638574
4638575
4638576
4638577
4638578
4638579
4638590
4638592
4638593
4638594
4638595
4638604
4638606
4638607
4638609
4638621
4638652
4638659
4667652
4667653
4667656
4667660
4667664
4667665
4667666
4667667
4667668
4667669
4667670
4667671
4667674
4667675
4667676
4667677
4667678
4667679
4667680
4667681
4667682
4667683
4667684
4667685
4667686
4667687
4667688
4667689
4667690
4667691
4667692
4667693
4667694
4667695
4667696
4667697
4667698
4667699
4667700
4667701
4667702
4667703
4667704
4667705
4667706
4667707
4667771
4667895
4667897
4667920
4667935
4667937
4668134
4674623
4674648
4678055
4681876
4681881
4681884
4681885
4681887
4681905
4681911
4681913
4681914
4681922
4681924
4681927
4681936
4683093
4683094
4683095
4683096
4683097
4683098
4683099
4686224
4690527
4705146
4705147
4705151
4705153
4705155
4705156
4705164
4708509
4708510
4708511
4708512
4708513
4708514
4708521
4738466
4761905
4761907
4761912
4761920
4763072
4763137
4829022
4829995
4830004
4835660
4835678
4835679
4835680
4835803
4835863
4835872
4836257
4836258
4836259
4836260
4836261
4836262
4836600
4836601
4836602
4836603
4943445
4943446
4943447
4943448
4943781
4943784
4943799
4943800
4943801
4943955
4943956
4943957
4943959
4943960
4943971
4943974
4943975
4943976
4943977
4943978
4943980
4943985
4943987
4943998
4944021
4944022
4944024
4944040
4944041
4944044
4944045
4944046
4944047
4944048
4944049
4944051
4944056
4944058
4944060
4945910
4945911
4945912
4945913
4966976
4967008
4967009
4967026
4967027
4967255
4967268
4967269
4967270
4967271
4967272
5038154
5040387
5120498
5120499
5120501
5120504
5120649
5120654
5273542
5273547
5273716
5273717
5273718
5273719
5273720
5304110
5304179
5304180
5304181
5304182
5317329
5317330
5317331
5317332
5317333
5317334
5317343
5331048
5400026
5400027
5400028
5400037
5400043
5400048
5400095
5400099
5400101
5422372
5477618
5477620
5477621
5477622
5477623
5477627
5477628
5477630
5477631
5487470
5498812
5498833
5593896
5593897
5593900
5597003
5597011
5597012
5597013
5597015
5597016
5597017
5597018
5597019
5597020
5597021
5597022
5621251
5621258
5621259
5621260
5621264
5621267
5621269
5644463
5655695
5655697
5655704
5655705
5655706
5655707
5655708
5655710
5655712
5655714
5655715
5807851
5807853
5807854
5807856
5807858
5807859
5807860
5807861
5807863
5807864
5807866
5807867
5807870
5807871
5807873
5807875
5807877
5807878
5807879
5807881
5807882
5807884
5807885
5807887
5903429
5938089
5938091
5938102
5938112
5938113
5938115
5938128
5938162
5938163
5938164
5938166
5938167
5938168
5938171
5938172
5968688
5972464
5972466
5972467
5972468
5972471
5972479
5972480
5972481
5972483
5972486
5972487
5972488
5972495
5972497
5972498
5972502
5972505
5972513
5972514
5972515
5972516
5972522
5972525
5972526
5972543
5972544
5972545
5972546
5972547
5972549
5972560
5972561
5972563
5972565
5972569
5972572
5972576
5972582
5972584
5972585
5972588
5972591
5972597
5972603
5972609
5972612
5972622
5972624
5972629
5972632
5972633
5972634
5972636
5972645
5972647
5972648
5972662
5972663
5972666
5972668
5972669
5972670
5972674
5972675
5972676
5972678
5972679
5972681
5972691
5972709
5972713
5972718
5972721
5972723
5972724
5972726
5972742
5972743
5972745
5972746
5972753
5972757
5972764
5972766
5972767
5972772
5972777
5972778
5972781
5972793
5972799
5972806
5972814
5972817
5972830
5972835
5972837
5972838
5972839
5972840
5972841
5972843
5972847
5972869
5972871
5972872
5972874
5972875
5972877
5972878
5972879
5972880
5972881
5972882
5972883
5972884
5972886
5972896
5972905
5972911
5972914
5972915
5972916
5972917
5972920
5972921
5972925
5972926
5972927
5972934
5972946
5972954
5972960
5972962
5972965
5972966
5972968
5972978
5972985
5972995
5973010
5973013
5973014
5973015
5973016
5973017
5973021
5973026
5973027
5973029
5973030
5973031
5973034
5973035
5973038
5973045
5973050
5973054
5973059
5973064
5973067
5973069
5973070
5973071
5973077
5973082
5973084
5973088
5973099
5973103
5973106
5973107
5973110
5973112
5973115
5973117
5973118
5973119
5973120
5973121
5973122
5973125
5973137
5973143
5973148
5973154
5973157
5973195
5973286
5973289
6348166
6348168
6491303
6491305
6491306
6491308
6491309
6491311
6491313
6491315
6491328
6491636
6491644
6574354
6574516
6574517
6574519
6574520
6574523
6574524
6574526
6574527
6574529
6574530
6574533
6574627
6574628
6574629
6574630
6574633
6574634
6574635
6574636
6574637
6574638
6574639
6574653
6574654
6574655
6574656
6587479
6587480
6587489
6587491
6587501
6587502
6587503
6587514
6587517
6587554
6587555
6587556
6587557
6587561
6587563
6587564
6587565
6587567
6587569
6587570
6587571
6587573
6587575
6587578
6601039
6601040
6601041
6662589
6662639
6662646
6662650
6662652
6662655
6662658
6662660
6663234
6663235
6663246
6663468
6664397
6814804
6814811
6921657
6921658
6921659
6921660
6921661
6921662
6921663
6921664
6921665
6921666
6921668
6921669
6921670
6921671
6921672
6921673
6921674
6921675
6921676
6921677
6921683
6921684
6921685
6921693
6921694
6921695
6921696
6921697
6921698
6921699
6921700
6921704
6921705
6921707
6921708
6922314
6922315
6922351
6922352
6922355
6922467
6922468
6922471
6922472
6922473
6922477
6922479
6922480
6922481
6922482
6922526
6943870
6943935
6943938
6943942
6943943
6943946
6943947
6944046
6944303
6944420
6944430
6944788
6944789
6944793
6944794
6944795
6944796
6944797
6944798
6944799
6944800
6944801
6944802
6944803
6944850
6944851
6944852
6944853
6944854
6944855
6944857
6944858
6944859
6944860
6945445
6945446
6945448
6945456
6945458
6945459
6945460
6945461
6945462
6945463
6945464
6945465
6945466
6945467
6945468
6945469
6945593
6945594
6945596
6945597
6945599
6945600
6946055
6946058
6946120
6946259
6946261
6946262
6946544
6946549
6946550
6946926
6946928
6946929
6946935
6946936
6946937
6946938
6946943
6946968
6947030
6947046
6947251
6947253
6947257
6947320
6947327
6947328
6947329
6947330
6947331
6947338
6947343
6947344
6947345
6947346
6947347
6947348
6947349
6947350
6947351
6947352
6947353
6947354
6947355
6947356
6947357
6947407
6947417
6947421
6947432
6947433
6947434
6947436
6947437
6947438
6947444
6947445
6947446
6947447
6947448
6947449
6947450
6947451
6947454
6947455
6947460
6947461
6947462
6947463
6947464
6947465
6947466
6947467
6947468
6947469
6947659
6947671
6947672
6947673
6947675
6947938
6948014
6948015
6948016
6948028
6948029
6948030
6948031
6948032
6948033
6948034
6948035
6948036
6948037
6948038
6948039
6948042
6948043
6948044
6948045
6948046
6948047
6948048
6948049
6948050
6948051
6948052
6948065
6948287
6948342
6948347
6948409
6948821
6948826
6948834
6948835
6948879
6948881
6948884
6948886
6948887
6948888
6949159
6949160
6949161
6949162
6949163
6949164
6949165
6949166
6949167
6949168
6949627
6949912
6949923
6950140
6950151
6950152
6950153
6950154
6950155
6950361
6950368
6950384
6950462
6950464
6950791
6950792
6950793
6950801
6950807
6950808
6950809
6950908
6951182
6951183
6951184
6951185
6951188
6951189
6951578
6951579
6951580
6952097
6952098
6952380
6952382
6952384
6952385
6952386
6952403
6952409
6952418
6952735
6952736
6952737
6952905
6953006
6953007
6953008
6953009
6953010
6953011
6953012
6953013
6954068
6954076
6954078
6954079
6954081
6954082
6954472
6954473
6954475
6954476
6954477
6954478
6954479
6954480
6954481
6954521
6954621
6954717
6954852
6954878
6954880
6954897
6955177
6955565
6955570
6955573
6955574
6955620
6955623
6955990
6955991
6955992
6955993
6956023
6956024
6956527
6956861
6956862
6956863
6956865
6956866
6956867
6957561
6957562
6957746
6957747
6957748
6957749
6957750
6957751
6957752
6957753
6957754
6957755
6957756
6957757
6957758
6957759
6957760
6957761
6957762
6957763
6957819
6958613
6958614
6958618
6958800
6958997
6958998
6958999
6959000
6959006
6959007
6959009
6959013
6959014
6959015
6959017
6959022
6959269
6959272
6959273
6959274
6959275
6959291
6959562
6959627
6959677
6959679
6959706
6959707
6959708
6959709
6960065
6960562
6960682
6960683
6960684
6960955
6960957
6960958
6960961
6960964
6961029
6961030
6961031
6961032
6961033
6961034
6961078
6961079
6961080
6961081
6961082
6961083
6961084
6961895
6962040
6962066
6962072
6962073
6962074
6962075
6962076
6962077
6962079
6962080
6962081
6962082
6962083
6962086
6962087
6962089
6962091
6962092
6962093
6962095
6962096
6962097
6962100
6962102
6962103
6962104
6962105
6970642
6970643
6970644
6970645
6970646
6970647
6970648
6970649
6970654
6970657
6971365
6971369
6971370
6971374
6971513
6971581
6971582
6971583
6971587
6971589
6971628
6971629
6971630
6971635
6971882
6971883
6971884
6971885
6972052
6972053
6972054
6972055
6972056
6972057
6972058
6972062
6972063
6972064
6972065
6972066
6972067
6972068
6972069
6972070
6972071
6972072
6972348
6972352
6972354
6972355
6972897
6972906
6972907
6973179
6973185
6973296
6973353
6973683
6973698
6974134
6974135
6974136
6974137
6974138
6974139
6974140
6974141
6974142
6974143
6974144
6974145
6974146
6974147
6974148
6974151
6974152
6974153
6974154
6974155
6974166
6974167
6974168
6974169
6974170
6974171
6974175
6974180
6974181
6974184
6974185
6974186
6974187
6974706
6974707
6974708
6974709
6974710
6974712
6974934
6975622
6975623
6975624
6975625
6975626
6975627
6975628
6975629
6975630
6975632
6975633
6975947
6975967
6976148
6976152
6976860
6976881
6978239
6978546
6978735
6978737
6979065
6979066
6979067
6979068
6979069
6979070
6979072
6979073
6979074
6979077
6979078
6979217
6979218
6979223
6979244
6979974
6979975
6979976
6979977
6979978
6979979
6979980
6979982
6979983
6979985
6979986
6979987
6979988
6979992
6979994
6979995
6979997
6979998
6979999
6980000
6980001
6980002
6980003
6980004
6980005
6980006
6980194
6980195
6980196
6980197
6980198
6980224
6981304
6981327
6981609
6981632
6981639
6981903
6982028
6982037
6982038
6982040
6982042
6982075
6982094
6982097
6982291
6982292
6982293
6982294
6982295
6982296
6982297
6983236
6983744
6983745
6983746
6983747
6983748
6983752
6983753
6983754
6983755
6983756
6983757
6983758
6983761
6983785
6983792
6983793
6983899
6984294
6984297
6984580
6984605
6984606
6984608
6984611
6984612
6984661
6985051
6985800
6986199
6986528
6986529
6986530
6986533
6986689
6986849
6986854
6986859
6987004
6987005
6987006
6987560
6987564
6987565
6987566
6987681
6987903
6987904
6987908
6987909
6987926
6987934
6988526
6988527
6988528
6988529
6988530
6988531
6988532
6988533
6988944
6988950
6989545
6989546
6989547
6990154
6990155
6990156
6990537
6990538
6990540
6990541
6990544
6990545
6990546
6990548
6990549
6990551
6990553
6990555
6990562
6990563
6990565
6990566
6990570
6990572
6990665
6991057
6991058
6991060
6991062
6991063
6991064
6991065
6991066
6991067
6991470
6991532
6992008
6992009
6992010
6992077
6992078
6992079
7029370
7029374
7034960
7034962
7034967
7034970
7034971
7034973
7034974
7129209
7129210
7129211
7129212
7129213
7129214
7129215
7129216
7129217
7129218
7129219
7260409
7260417
7261153
7261155
7272367
7272370
7272373
7272374
7293183
7293184
7293186
7321912
7369190
7379302
7392670
7392671
7392672
7392673
7392674
7392675
7392677
7392770
7406915
7406944
7406949
7407270
7407272
7407273
7407274
7407275
7407296
7407297
7407298
7414045
7414046
7414047
7422464
7422469
7422470
7422471
7422472
7422476
7422477
7422479
7422480
7422645
7422646
7422647
7422648
7422649
7422650
7422651
7422652
7422653
7422654
7422655
7422700
7422703
7422704
7422705
7422706
7422707
7422708
7422875
7422876
7422877
7422878
7422879
7422880
7422881
7422882
7422883
7422884
7422885
7423045
7423265
7447168
7447181
7447243
7459035
7459037
7459118
7459144
7507049
7507053
7563489
7563490
7563491
7572098
7572103
7572109
7681838
7708388
7708389
7708390
7708391
7708392
7708393
7708394
7708396
7708397
7708406
7708407
7709283
7709294
7709296
7790439
7790690
7790691
7790732
7790733
7790734
7790735
7790736
7790737
7790738
7790739
7790740
7790741
7790742
7790743
7790745
7790746
7790747
7790748
7790749
7790750
7790751
7790752
7790753
7790754
7790755
7790756
7790757
7790758
7790759
7790760
7790761
7790762
7790763
7790764
7790765
7790766
7790767
7790768
7790769
7790770
7790771
7790772
7790773
7790774
7790775
7790776
7790777
7790778
7790779
7790814
7790815
7790816
7790820
7790821
7790822
7790823
7790824
7790825
7790826
7790827
7790828
7790829
7790831
7790861
7790872
7790873
7790876
7790878
7790880
7790881
7790886
7790887
7790904
7790915
7790916
7790917
7790918
7790919
7790920
7790921
7790922
7790923
7790924
7790925
7790926
7790927
7790928
7790929
7790930
7790931
7790932
7790934
7790935
7790936
7790937
7790938
7790939
7790940
7790941
7790942
7790943
7790944
7790945
7790946
7790947
7790948
7790949
7790950
7790957
7790958
7790959
7790960
7790963
7790964
7790966
7790967
7790968
7790969
7790970
7790971
7790972
7790973
7790974
7790975
7790976
7790977
7790978
7790979
7790980
7790981
7790982
7790983
7790984
7790985
7790986
7790987
7790988
7790989
7790990
7790991
7790993
7790994
7790995
7790996
7790997
7790998
7790999
7791000
7791001
7791002
7791003
7791004
7791005
7791006
7791007
7791008
7791009
7791010
7791011
7791012
7791013
7791014
7791015
7791016
7791017
7791018
7791020
7791021
7791023
7791024
7791025
7791026
7791027
7791028
7791029
7791030
7791031
7791032
7791034
7791035
7791036
7791037
7791039
7791040
7791041
7791042
7791043
7791044
7791045
7791046
7791047
7791048
7791049
7791050
7791051
7791052
7791053
7791054
7791055
7791056
7791058
7791059
7791061
7791062
7791063
7791064
7791075
7791076
7791077
7791078
7821542
7821549
7821552
7821555
7821556
7828821
7828822
7828823
7883082
7883083
7907565
7907580
7920755
7920763
7925390
7925391
7925392
7971434
7971435
7971438
7971442
8061289
8061290
8061291
8061292
8061313
8061314
8061315
8061317
8061318
8061338
8061339
8061340
8061341
8061342
8061343
8061344
8061345
8061346
8061347
8061348
8061349
8061390
8061414
8061415
8061416
8061417
8061421
8061422
8061423
8061424
8061425
8061493
8061557
8061565
8176584
8176585
8176586
8176587
8176588
8176589
8176590
8176591
8176592
8176631
8176632
8770757
8770758
8770760
8770762
8770763
8770764
8770766
8770767
8770768
8770883
8770884
8770885
8770897
8931934
8931935
8931936
8932356
9054913
9713307
9713310
9804323
9804324
9804325
9804327
9804329
9804330
9804332
9804333
9804334
9804337
9804338
9804339
9804340
9804341
9911133
9912297
9912422
9912423
9912424
9912425
9912426
9912427
9912428
9912437
9912438
10028224
10114260
10114261
10114263
10114266
10114267
10114269
10196662
10196663
10264243
10264247
10264291
10274301
10278228
10278231
10278232
10278339
10278382
10278392
10281439
10281440
10281441
10281442
10281443
10281444
10281445
10281680
10331041
10331047
10447198
10447199
10447200
11220604
11220678
11220679
11220740
11220794
11220795
11220796
11234088
11257917
11258006
11258009
11258010
11258011
11258012
11258013
11258014
11258015
11258016
11258017
11258018
11258019
11258020
11258022
11258023
11258024
11617220
11617261
11617262
11617263
11617264
11974941
11974970
11974971
11974972
11974975
11974977
11974978
11974979
11974980
11974981
11974982
11974983
11974984
11974985
12192736
12198320
12199141
12207830
12207831
12207832
12207833
12207834
12207835
12207836
12207837
12207838
12207839
12207840
12207841
12207843
12207891
12254398
12343754
12573348
12573349
12573350
12573351
12573352
12573353
12655235
12786137
12786139
12819330
12853381
13203828
13203833
13229950
13229951
13229952
13229955
13229958
13229959
13229960
13229961
13229962
13229964
13233643
13233646
13233647
13233650
13233651
13254817
13275956
13359559
13404827
13442772
13442775
13464296
13470236
13470240
13491887
13529900
13529901
13529902
13529903
13529904
13529905
13529906
13529909
13568305
13568306
13568307
13568308
13568310
13568311
13568313
13568314
13568315
13568319
13568320
13568321
13568322
13568327
13568328
13568329
13568330
13568331
13568332
13568333
13568334
13568335
13568336
13568337
13568339
13568340
13568341
13568342
13568343
13568344
13568345
13568346
13568347
13568617
13568624
13568625
13568893
13621687
13622076
13622079
13622081
13651521
13651626
13794324
13794341
13794342
13794344
13794345
13794390
13975179
13975180
13975181
13975182
13975183
13975184
13975185
13975186
14007857
14058320
14058321
14058322
14058323
14058324
14058330
14058331
14058332
14058333
14058334
14064884
14064914
14195161
14195167
14195169
14275735
14275736
14275737
14275738
14275739
14275740
14275741
14275742
14275743
14275744
14275745
14275746
14291551
14341234
14407350
14407357
14496171
14496173
14496264
14496265
14496266
14496267
14497100
14497101
14497102
14497103
14497104
14497105
14497107
14497110
14497115
14497119
14497149
14497150
14497151
14497153
14497154
14497156
14497157
14497614
14501112
14501115
14501388
14501396
14501398
14501399
14575655
14575659
14599549
14599550
14599554
14599603
14599605
14599606
14599608
14599609
14599611
14615273
14615489
14615497
14650755
14650756
14650760
14650766
14650767
14650770
14650771
14650772
14655897
14687656
14772707
14772708
14772709
14890934
14916783
14935346
14954192
14954195
14954246
15107256
15141358
15141369
15169934
15169941
15169946
15169949
15169951
15169953
15441613
15441614
15441616
15441728
15441729
15441730
15537821
15613457
15613460
15613461
15613466
15687668
15818756
15824441
15824442
15824443
15824444
15824445
15824446
15824447
15824448
15824449
15824450
15828083
15829828
15829849
16037897
16130250
16130251
16130252
16130253
16130254
16130255
16130256
16130257
16130258
16130444
16143161
16143257
16143265
16143267
16143268
16143332
16163282
16543257
16622472
16622473
16663510
16712129
16914096
16914097
16914098
16914099
16914101
16914113
16916501
16928160
17000075
17000084
17000093
17384675
17384676
17384677
17384678
17384679
17384680
17384681
17384682
17384683
17384684
17384685
17384686
17384687
17384688
17384689
17384690
17384691
17384692
17384693
17384694
17384695
17384702
17384703
17384704
17384706
17384719
17384720
17384721
17384722
17384725
17403328
17404355
17404356
17404360
17404361
17404362
17404363
17404367
17404379
17492803
17587673
17587686
17827170
17827174
17827176
17827178
17827184
17994717
18228166
18228169
18228171
18228175
18230504
18230511
18230514
18230518
18230523
18230544
18230546
18230549
18230552
18230555
18230584
18231199
18231229
23272611
23272621
26113131
26113141
26113151
26113161
26113191
26113201
26211251
26211301
26211341
26211351
26211361
26211371
26211681
28576091
28869391
28869531
28869541
28869771
28869801
28869841
28870041
29082021
29790491
31051041
31051051
31069561
31069611
31069621
31069751
31069761
31069771
31069781
31069791
31069801
31069811
31069821
31069831
31069841
31069851
31069861
31069891
31069911
31069941
31069961
31069981
31070011
31070041
31070061
31070071
31070131
31070141
31070151
31070711
31070721
31070731
31070741
31070791
31070801
31070821
31071131
31071141
31071151
31071161
31071181
31071191
31071201
31071211
31071231
31071241
31073951
31074311
36248431
36248471
36248481
36248491
39061661
39061861
39405161
40096011
40099291
41587201
41587221
41649341
41649381
41649541
41649881
41649981
41650161
41650181
41650251
41650261
41650271
41650281
41650291
41650301
41650311
41650321
41650341
42303281
42303301
42303321
42303341
42395841
42699271
42699281
42699291
42699301
42699311
42699321
42699331
42699341
42699351
42699361
43347491
43347601
43347611
43347621
43351341
51460311
51460321
51460331
52324541
52324551
52324561
52324571
54362081
54362151
55238921
56365851
56365861
56365871
56365961
58789841
58789881
58845611
58845661
59793831
59913311
60812170
61104045
61104048
61104049
61104050
61104051
61104473
61249032
61249042
61249050
61249058
61249075
61249078
61249109
61249123
61249126
61249248
61250552
61261364
61261381
61261385
61261386
61289489
61289496
61289506
61365432
61365441
61365690
61365693
61365695
61365701
61365718
61503132
61503133
61503134
61503148
61503149
61503150
61503151
61543433
61543441
61543451
61554457
61554462
61554464
61554466
61554467
61554468
61554470
61554471
61554477
61554496
61554497
61554498
61554499
61557181
61557188
61557190
61588201
61774097
61774099
61774517
61774524
61774525
61774531
61792336
61792337
61792339
61792340
61792341
61792342
61792344
61792345
61792369
61792370
61792382
61793428
61978857
61978858
61978859
61978860
62094719
62094720
62094721
62094731
62094732
62094733
62097276
62097279
62107936
62109570
62109571
62109572
62110766
62112743
62112745
62112747
62112748
62112749
62112758
62112794
62112795
62112797
62112800
62112803
62112813
62112815
62112817
62115101
62253201
62315654
62563787
62648946
62648966
62648967
62648968
62648969
62648970
62648971
62648972
62648983
62648984
62648985
62648986
62648987
62648988
62648989
62648990
62648991
62648992
62648994
62648995
62648996
62648997
62648999
62649000
62649002
62700531
62700542
62700551
62714243
62714245
62714247
62933476
62933478
62933479
62953663
62953664
62953665
62953666
62953667
62953668
62953669
62953671
62953672
62953673
62953674
62953676
62953678
62953679
62953680
62953681
62953682
62953684
62953685
63034578
63034588
63034589
63034591
63034592
63034593
63034594
63034595
63034600
63034602
63034845
63034846
63034847
63034848
63034849
63034850
63034851
63034852
63035884
63035885
63035886
63035887
63035888
63035889
63035890
63035891
63035892
63035893
63035894
63035895
63035896
63035897
63035898
63035899
63035900
63035901
63035902
63035903
63035904
63035905
63035906
63035907
63035908
63035909
63035912
63035913
63035914
63086927
63086928
63086929
63086930
63086931
63086932
63086933
63086934
63086935
63214174
63214175
63214176
63214177
63214178
63214179
63214180
63214181
63214182
63214183
63214184
63214185
63214186
63214187
63214188
63214189
63214190
63214191
63214192
63214207
63214208
63214209
63214213
63214214
63214215
63214248
63214249
63214250
63214251
63214252
63214253
63214257
63214258
63214259
63214388
63214389
63214390
63214394
63214395
63214396
63214397
63214398
63214399
63214790
63214791
63214792
63214793
63214794
63214795
63214796
63214797
63214798
63214811
63214812
63214813
63214815
63214816
63214817
63214818
63214819
63227713
63227742
63227755
63227763
63227767
63227768
63227771
63249184
63249187
63249192
63249205
63249207
63249212
63249234
63249235
63249236
63249237
63249238
63249239
63249240
63249241
63249242
63249244
63249249
63249250
63249262
63249270
63249281
63249283
63249285
63249289
63249290
63249291
63249292
63249293
63249302
63249303
63249304
63249305
63249306
63249307
63249311
63348304
63348306
63348312
63433457
63433462
63554845
63554846
63554847
63554848
63554849
63560011
63560012
63560024
63560028
63667665
63667671
63669136
63669138
63669139
63676821
63676824
63678455
63678465
63678469
63688016
63688019
63688020
63688021
63688022
63688023
63688024
63688025
63692749
63692750
63692755
63692758
63701379
63701705
63712871
63712875
63712876
63712878
63721965
63721966
63721969
63721971
63721972
63721974
63721975
63721980
63721981
63726391
63726392
63726393
63726394
63726395
63726396
63726397
63726398
63726399
63726400
63726401
63726402
63726757
63726758
63744374
63767132
63767133
63767134
63767135
63767136
63767142
63767143
63767144
63767145
63767146
63768942
63769359
63769360
63769361
63769362
63772069
63772437
63778287
63788995
63789004
63789010
63802275
63802276
63811895
63811896
63811897
63811898
63811899
63811900
63811901
63811902
63811903
63811904
63811905
63811906
63811907
63811908
63811909
63811910
63811911
63811912
63811913
63811914
63811915
63811916
63811917
63811918
63814892
63847876
63847877
63847878
63847879
63847880
63847881
63847882
63847883
63895075
63901100
63960459
63960460
63960461
63981336
63981337
63981338
63981339
63981340
63981341
63981372
63981373
63981374
63981376
63981377
63983657
64030834
64081433
64081434
64081435
64081436
64081437
64081438
64081439
64084298
64084299
64084300
64084516
64085073
64085074
64085075
64124549
64124550
64124551
64124552
64124553
64124554
64124555
64124556
64124557
64124558
64176519
64176520
64197092
64197139
64228784
64228786
64249651
64249652
64249653
64249655
64249657
64249658
64249659
64249660
64249661
64249662
64249663
64249664
64249665
64249686
64257446
64264589
64280328
64280329
64281166
64470608
64470610
64470611
64470619
64470621
64470622
64471160
64471161
64471162
64471163
64471164
64471165
64471166
64472754
64479822
64479829
64481019
64482128
64482129
64482130
64521193
64521194
64521196
64521198
64599282
64599283
64602738
64602740
64602741
64667062
64667067
64667081
64667082
64667083
64667084
64667085
64667106
64667107
64667108
64667109
64667110
64667111
64667112
64667113
64667117
64799801
64799803
64799807
64799809
64799811
64799813
64799819
64799832
64799837
64799838
65020232
65020254
65020261
65020262
65020266
65020271
65020487
65020488
65179141
65179826
65180727
65180729
65180730
65180731
65180732
65180733
65180734
65180740
65180741
65183056
65183058
65252688
65326471
65326473
65326474
65326475
65326476
65326555
65326556
65326558
65326569
65326570
65326571
65326572
65340644
65340645
65340652
65340654
65340656
65340726
65340945
65341010
65341039
65341116
65341117
65341118
65341119
65341122
65341661
65341662
65341663
65341664
65341885
65341892
65341902
65341903
65341904
65341944
65341945
65341946
65341947
65341948
65341949
65341950
65341951
65341952
65341953
65341954
65342086
65342087
65342088
65342089
65342093
65342095
65342326
65342327
65342328
65342329
65342330
65342331
65342332
65342333
65342334
65342337
65342338
65342393
65342513
65342520
65342521
65342649
65342650
65342661
65342662
65342668
65342669
65342670
65342671
65342672
65342673
65342674
65342678
65342679
65342680
65342681
65342690
65342692
65342705
65342707
65342722
65342724
65342735
65342736
65342737
65342743
65342752
65342774
65342834
65342835
65342844
65342845
65342846
65343009
65343010
65343011
65343013
65343014
65343015
65343016
65343017
65343019
65343020
65343021
65343022
65343024
65343025
65343026
65343027
65343028
65343042
65343043
65343044
65343045
65343046
65343047
65343048
65343742
65343743
65343744
65343745
65343781
65343782
65343785
65343786
65344069
65344495
65344684
65344685
65344686
65344687
65344690
65344851
65355503
65355506
65356302
65356303
65356304
65362810
65362830
65362866
65362870
65363401
65363402
65363495
65363506
65363510
65363900
65369956
65370549
65370550
65370551
65370669
65370670
65370671
65370733
65370745
65370746
65370747
65370748
65370759
65394604
65394605
65394684
65394685
65394686
65394689
65395021
65395022
65395024
65395025
65395046
65395047
65395049
65395885
65395899
65399974
65399975
65399976
65399977
65399978
65399979
65399980
65399981
65399984
65399985
65399986
65399987
65399988
65399989
65399990
65399993
65399994
65399995
65399996
65399997
65399998
65399999
65400000
65400134
65414447
65414499
65414505
65414506
65414515
65414516
65442119
65442122
65442195
65442196
65442197
65442231
65442232
65442233
65442349
65442350
65442351
65442352
65442353
65442416
65442420
65442421
65442527
65442528
65442529
65442530
65442531
65442681
65442682
65442683
65442883
65442885
65442918
65442919
65442920
65442921
65442932
65442933
65442936
65442937
65442944
65442946
65442948
65442950
65442951
65442952
65442954
65443036
65443068
65443069
65443070
65443473
65443477
65443504
65443506
65443507
65443508
65443509
65443541
65443549
65443559
65443573
65443574
65443575
65443576
65443579
65443582
65443584
65443588
65443590
65443595
65443598
65443599
65443600
65443601
65444370
65444371
65444372
65444373
65444375
65444515
65444516
65444518
65445491
65445492
65445493
65445494
65445495
65445496
65445497
65445498
65445499
65445500
65445501
65445502
65445503
65445504
65445505
65445506
65445507
65445508
65445955
65445956
65445960
65445967
65445970
65445972
65445976
65445978
65461458
65462736
65465122
65465127
65465455
65465457
65465463
65466320
65466321
65466322
65466323
65466324
65466325
65466326
65471195
65476629
65477817
65477818
65477826
65477829
65483656
65483657
65485686
65485687
65485688
65485689
65485692
65485695
65485696
65485698
65485699
65485700
65485701
65485702
65485704
65486722
65492802
65492803
65492804
65492805
65492806
65492807
65492808
65497928
65497929
65497930
65497931
65497932
65500571
65500572
65500573
65500574
65500575
65500576
65500577
65500578
65500579
65500580
65500581
65500582
65500583
65500584
65500585
65500586
65500587
65500588
65500589
65500590
65500591
65500592
65500593
65500594
65500595
65500596
65500597
65500598
65500600
65500601
65500602
65500603
65500604
65500605
65500606
65500607
65500608
65500609
65500610
65500611
65500612
65500613
65500614
65500615
65500616
65500617
65500618
65500619
65500620
65500621
65500622
65500623
65500624
65500625
65500626
65500627
65500628
65500629
65500630
65500632
65500633
65500634
65500635
65500636
65500637
65500638
65500644
65500645
65500646
65500647
65500648
65500649
65500650
65500652
65500653
65500654
65500655
65500657
65500658
65500659
65500660
65501629
65501630
65501631
65501632
65501633
65501634
65502691
65502692
65502916
65502917
65504548
65505262
65505263
65505264
65505308
65505309
65505310
65505311
65505312
65505515
65505529
65505530
65505531
65505533
65505534
65505643
65505644
65505645
65505906
65505907
65505908
65505909
65506058
65506070
65506335
65506346
65506347
65506350
65506413
65506416
65506425
65506430
65506530
65506532
65506544
65506546
65506552
65506555
65506556
65507436
65507438
65507439
65507440
65507441
65507442
65507444
65507502
65507504
65507505
65507546
65507555
65507729
65507884
65507897
65507923
65507925
65507927
65507928
65507929
65507932
65507937
65507946
65507955
65507957
65508017
65508080
65508097
65509487
65509636
65526762
65526766
65526887
65526888
65526889
65526890
65526891
65526992
65526998
65527001
65527178
65527202
65527203
65527204
65527206
65527223
65527224
65527272
65527278
65527280
65527281
65527286
65527473
65527474
65527475
65527477
65527478
65527479
65527480
65527481
65527482
65527483
65527722
65527723
65527749
65527762
65528280
65528378
65528387
65528433
65528434
65528435
65528883
65528884
65528885
65528936
65528937
65528994
65528995
65529016
65529020
65529021
65529298
65529299
65529302
65529304
65529408
65529409
65529410
65529411
65529412
65529477
65529478
65529479
65529539
65529575
65529576
65529577
65529578
65529579
65529580
65529581
65529582
65529799
65545822
65545823
65545824
65545825
65545827
65545982
65545985
65545990
65545996
65545999
65546030
65546032
65546084
65546085
65546255
65546256
65546258
65546260
65546261
65546263
65546267
65546268
65546271
65546281
65546302
65546305
65546354
65548285
65548286
65548287
65548297
65548298
65548603
65548605
65548635
65548637
65548641
65548660
65548661
65548664
65548665
65548670
65548989
65548990
65548991
65548992
65548993
65548994
65548995
65548996
65548997
65549214
65549215
65549216
65549905
65549906
65549907
65549908
65549909
65549911
65549912
65549913
65549914
65550827
65550936
65550939
65550961
65550971
65551141
65551147
65551199
65551200
65551201
65551210
65551211
65551212
65551213
65551214
65551217
65551218
65551219
65551704
65551716
65551718
65551719
65551720
65551773
65551816
65551817
65551818
65551819
65551820
65551821
65551822
65551823
65551824
65551825
65551827
65551828
65551829
65551831
65551835
65551836
65551837
65551838
65551839
65551840
65551842
65551847
65551866
65551867
65551868
65551870
65551871
65551894
65551909
65551910
65551911
65551913
65551914
65551915
65551916
65551940
65551942
65551943
65551951
65551952
65551953
65551962
65551968
65551972
65551973
65551978
65551982
65552000
65552001
65552002
65552003
65552004
65552005
65552038
65552039
65552064
65552065
65552066
65552067
65552068
65552069
65552070
65552072
65552073
65552074
65552075
65552076
65552077
65552078
65552079
65552080
65552081
65552082
65552083
65552084
65552085
65552087
65552088
65552089
65552090
65552275
65552304
65552306
65552307
65552323
65552325
65552326
65552327
65552328
65552329
65552330
65552331
65552332
65552333
65552392
65552399
65552400
65552401
65552405
65552406
65552407
65552414
65552415
65552416
65552585
65552593
65552601
65552639
65552643
65552646
65552649
65552650
65552660
65552661
65552662
65552664
65552673
65552903
65552922
65553288
65553396
65553397
65553398
65553399
65553400
65553429
65553430
65553709
65554523
65554524
65554525
65554526
65554527
65554528
65554529
65554530
65554532
65554535
65554546
65567295
65567621
65567623
65567625
65567626
65567627
65567664
65569311
65569323
65569331
65570535
65570544
65570545
65571514
65576044
65576045
65576046
65576048
65576049
65576050
65576051
65576052
65576053
65576185
65576186
65576187
65580120
65580124
65580125
65580126
65580127
65580128
65580129
65580131
65580132
65580134
65580135
65580136
65580137
65580186
65580189
65580190
65580191
65580192
65580193
65580194
65580195
65580196
65580241
65580249
65580262
65580264
65580270
65580286
65580890
65581024
65581031
65581033
65581034
65581093
65581218
65581219
65581221
65581222
65581223
65581559
65581561
65581566
65581567
65581569
65581571
65581577
65581583
65581915
65581916
65581918
65581920
65581923
65581927
65581931
65581932
65581939
65581940
65582065
65582066
65582067
65582068
65582069
65582293
65583886
65583897
65583898
65583899
65583900
65583901
65583902
65583903
65583904
65583905
65583906
65583907
65583912
65583913
65583914
65583915
65583916
65583917
65583918
65583919
65583920
65583921
65583922
65583923
65583924
65583925
65583926
65583927
65583928
65583929
65583930
65583934
65583942
65583943
65583944
65583945
65583946
65583947
65583955
65583956
65583958
65583961
65583962
65583963
65584190
65584206
65584212
65584214
65584215
65584292
65584294
65584298
65584331
65584332
65584333
65584334
65584335
65584336
65584337
65584338
65584339
65584340
65584342
65584457
65584458
65584459
65584460
65584461
65584462
65584466
65584469
65584473
65584476
65584477
65584479
65584480
65584481
65584482
65584490
65584495
65584496
65584497
65584498
65584499
65584500
65584501
65584502
65584503
65584662
65584677
65584698
65615886
65615890
65615891
65615894
65615896
65615897
65616144
65616155
65616164
65616179
65616180
65623117
65623118
65623120
65623435
65623686
65623691
65623872
65623873
65623874
65623888
65623889
65623890
65623891
65623892
65624531
65624534
65624535
65624541
65624542
65624566
65624572
65624573
65624574
65624575
65624576
65624577
65624578
65624820
65624889
65626408
65626745
65626747
65626756
65627242
65627245
65627248
65627249
65627251
65627256
65627257
65627258
65647970
65647971
65647972
65647973
65647974
65648248
65649178
65649179
65649180
65649181
65649182
65652194
65652208
65652215
65652216
65652217
65652221
65652223
65652224
65652242
65652243
65652244
65652272
65652862
65652863
65652864
65653454
65653456
65653458
65653460
65653499
65653500
65653501
65653502
65653503
65653504
65653505
65653506
65653508
65653509
65653510
65653511
65653512
65653513
65653514
65653515
65653516
65653517
65653518
65653519
65653520
65653521
65653522
65653523
65654265
65654266
65654267
65655461
65656729
65656730
65656731
65656736
65656737
65656744
65656745
65656822
65656823
65656824
65656828
65656831
65684922
65684936
65685454
65685456
65685459
65685460
65685461
65686014
65686025
65686110
65686111
65686112
65686113
65686114
65686140
65686141
65686142
65686143
65686144
65686145
65686147
65686154
65686155
65686156
65686157
65686158
65686159
65686160
65686161
65686162
65686188
65686189
65686190
65686191
65686396
65686898
65687333
65687334
65687338
65687339
65687340
65687348
65687349
65687350
65687351
65687352
65687353
65687354
65687356
65687357
65687360
65687361
65687362
65687364
65687365
65687366
65687367
65687368
65687369
65687370
65687371
65687372
65687373
65687374
65687375
65687376
65687377
65687378
65687379
65687380
65687387
65687389
65687391
65687396
65687400
65687402
65687405
65687406
65687407
65687408
65687409
65687410
65687411
65687412
65687413
65687414
65687415
65687416
65687417
65687418
65687422
65687424
65687425
65687428
65687430
65687431
65687432
65687433
65687435
65687439
65687444
65687448
65687453
65687454
65687458
65687462
65687464
65687465
65687466
65687467
65687468
65687469
65687470
65687471
65687472
65687473
65687474
65687475
65687476
65687477
65687478
65687479
65687480
65687481
65687482
65687483
65687484
65687485
65687486
65687487
65687488
65687491
65687493
65687502
65687540
65687541
65687542
65687561
65687562
65687581
65687583
65687584
65687585
65687586
65687588
65687589
65687590
65687591
65687592
65687593
65687594
65687595
65687596
65687597
65687598
65687599
65687600
65687602
65687604
65687605
65687606
65687607
65687608
65687609
65687612
65687613
65687616
65687617
65687618
65687891
65687892
65687893
65687894
65687895
65687896
65687899
65687900
65687901
65687902
65687903
65687904
65688267
65688281
65688390
65688391
65688392
65688394
65688395
65688396
65688397
65688398
65688399
65688400
65688401
65688402
65688404
65688592
65689156
65689157
65689258
65689259
65689264
65689299
65689300
65689301
65689303
65689466
65689467
65689499
65689505
65689506
65689521
65689522
65689523
65690097
65690100
65708513
65708524
65708525
65708619
65721300
65721301
65721304
65722143
65722145
65722152
65722153
65722154
65723155
65723156
65723298
65723299
65723300
65724735
65725083
65725091
65725093
65725102
65725194
65725195
65725197
65725198
65725199
65725200
65725201
65725395
65725629
65725948
65725977
65725979
65725980
65726020
65726157
65726300
65726470
65726547
65726548
65726549
65726550
65726551
65726552
65726553
65726555
65726556
65726557
65726558
65726569
65726572
65726573
65726574
65726575
65726713
65726719
65726720
65726721
65726722
65726749
65726751
65727017
65727027
65727028
65727030
65727032
65727050
65727149
65727513
65727514
65727515
65727516
65727517
65727518
65727519
65727523
65727525
65727576
65727678
65727685
65727722
65727723
65727724
65727725
65727726
65727728
65727729
65727730
65727731
65727732
65727733
65727734
65727738
65727739
65727740
65727742
65727743
65727745
65727746
65727747
65727748
65727749
65727750
65727751
65727753
65727864
65727871
65727881
65728022
65748023
65758466
65761034
65765396
65765397
65765398
65766009
65766014
65766019
65766022
65766024
65766029
65766033
65766037
65766040
65766042
65768388
65768389
65768390
65768391
65768392
65768393
65768405
65768406
65768407
65768408
65768409
65768410
65768411
65768412
65768413
65768414
65768415
65768416
65768417
65768418
65768419
65768420
65768423
65769785
65769786
65769787
65769797
65769798
65769799
65770347
65770348
65770350
65770358
65770361
65770362
65770365
65770368
65770369
65770373
65770375
65770377
65770378
65770379
65770381
65770789
65770791
65770801
65770802
65770809
65771808
65771813
65771819
65771820
65771833
65771835
65771858
65771859
65771868
65771869
65771870
65771871
65773676
65775985
65775986
65775987
65775988
65775989
65775990
65775991
65775992
65775993
65775994
65775995
65775996
65775997
65775998
65775999
65776000
65776001
65776002
65776618
65776669
65777445
65778358
65778360
65778369
65778370
65778372
65778373
65778374
65778375
65778376
65778380
65780566
65780573
65780671
65780672
65780673
65780783
65781279
65781673
65781674
65781675
65781676
65781827
65783558
65784003
65784004
65784005
65784006
65784008
65784016
65784018
65784034
65784038
65784445
65784446
65784447
65784448
65784449
65784450
65784451
65784453
65784454
65784455
65784456
65784462
65784463
65784464
65784465
65784469
65784470
65784482
65785970
65785971
65785972
65785973
65785974
65785976
65785977
65786011
65786024
65786025
65786026
65786027
65786028
65786030
65786035
65786036
65786037
65786110
65786119
65786120
65786121
65786122
65786123
65786124
65786125
65786126
65786127
65786128
65786129
65786130
65786137
65786143
65786144
65786145
65786146
65786170
65786171
65786172
65786173
65786174
65786175
65786176
65786177
65786178
65786180
65786181
65786182
65786184
65786185
65786186
65786187
65796395
65796398
65796401
65796411
65796412
65796420
65796430
65796570
65796571
65796572
65796781
65796895
65796897
65796975
65796976
65796977
65796978
65796979
65796980
65796981
65796982
65796983
65796984
65797050
65797078
65797079
65797081
65797082
65797083
65797084
65797085
65797086
65797087
65797270
65797271
65797465
65797466
65797467
65797469
65797470
65797471
65797472
65797473
65797474
65797476
65797477
65797478
65797479
65797481
65797483
65797485
65797486
65797487
65797601
65797606
65797612
65797620
65797621
65797624
65797649
65797650
65797744
65797926
65797927
65797928
65797937
65797966
65797967
65797968
65797969
65797970
65797971
65797972
65797974
65797975
65797976
65797983
65797998
65798291
65798299
65798308
65798311
65798314
65798315
65798321
65798323
65798325
65798426
65798432
65798488
65798489
65798490
65798491
65798494
65798596
65799337
65799642
65799650
65799654
65799656
65799660
65799661
65799885
65800637
65800640
65800641
65800642
65800643
65800648
65800650
65800714
65800723
65800731
65800734
65800737
65800741
65800745
65800754
65800758
65800760
65800762
65801049
65801111
65801112
65801113
65801144
65801145
65801146
65801147
65801148
65801150
65801151
65801152
65801155
65801449
65801457
65801510
65801511
65801514
65801515
65801518
65801658
65801659
65801666
65801667
65801669
65801670
65801672
65801677
65801680
65801685
65801686
65802081
65813917
65813918
65813921
65815710
65815712
65815714
65815715
65815717
65815719
65815720
65815721
65815722
65815723
65815725
65815726
65815727
65815728
65815729
65815730
65815731
65815732
65816981
65816982
65817139
65817370
65817371
65817372
65817380
65817381
65817382
65817389
65817391
65817401
65817402
65817600
65818117
65818118
65818119
65818120
65818121
65818122
65818123
65818124
65818125
65818126
65818127
65818133
65818134
65818135
65818136
65818620
65821230
65821231
65821232
65821233
65821236
65821237
65821238
65821239
65821245
65821246
65821247
65821248
65821250
65821834
65822321
65822322
65822323
65822324
65822325
65822326
65822351
65822359
65822360
65822361
65823597
65823608
65823610
65823611
65823618
65824535
65824543
65824546
65824755
65824757
65825293
65825294
65825296
65825299
65825300
65825301
65825302
65825303
65825304
65825306
65825307
65825308
65825310
65825588
65825589
65825590
65825591
65825613
65825732
65825733
65825734
65829089
65829093
65829094
65829095
65829096
65829097
65829099
65829102
65829103
65829104
65829105
65829106
65829947
65829948
65829953
65829955
65831905
65834791
65834792
65834793
65839017
65839018
65839019
65839021
65839022
65839024
65839025
65839026
65849706
65853076
65853077
65853078
65853079
65853080
65853083
65853084
65853085
65853931
65853932
65854423
65856199
65856201
65858330
65858901
65858908
65858910
65860390
65860391
65860392
65860394
65860396
65860398
65860399
65860400
65860401
65860402
65860403
65860404
65860405
65860406
65860407
65860408
65860413
65860414
65860415
65860418
65861035
65861037
65861038
65861041
65861047
65863392
65863397
65863401
65863406
65863407
65863420
65863423
65864872
65866902
65869019
65869369
65870194
65870196
65870197
65870202
65870203
65870204
65870206
65870207
65870209
65870210
65870211
65870212
65870215
65870216
65870218
65870219
65870220
65870221
65870223
65870224
65870225
65870226
65870227
65870228
65870229
65870230
65870235
65870237
65870238
65870239
65870240
65874622
65879422
65879423
65879424
65879425
65961598
66000755
66000756
66030624
66030628
66030629
66030630
66030643
66031882
66031883
66031885
66031887
66031890
66031892
66125604
66125605
66125606
66125607
66125608
66125609
66125838
66125839
66125840
66125841
66125842
66125843
66125844
66125845
66125846
66125847
66125848
66125849
66125850
66125851
66125852
66125853
66125854
66125855
66125856
66125857
66125858
66125859
66125860
66125861
66126107
66126108
66126140
66126141
66126142
66126143
66126145
66126707
66126709
66126710
66126711
66126712
66126713
66127427
66127428
66127429
66127430
66127431
66127432
66127442
66127635
66127652
66127661
66127663
66127664
66127948
66127949
66127952
66128067
66128068
66128069
66128070
66128071
66128072
66128073
66128074
66128075
66128076
66128077
66128078
66128079
66130296
66130298
66130299
66131794
66131800
66131801
66131802
66131803
66131804
66131805
66131806
66131807
66131808
66131810
66131811
66131812
66135647
66135649
66135654
66135656
66135659
66135662
66135664
66135669
66135672
66135675
66135680
66135682
66135965
66135966
66135967
66137461
66137467
66137952
66145303
66145479
66145783
66145803
66145807
66145808
66145810
66145811
66145812
66145817
66145819
66145821
66145930
66145971
66145973
66145977
66145986
66145989
66145992
66146001
66146003
66146062
66146164
66146165
66146167
66146168
66146169
66146170
66146171
66146172
66146173
66146174
66146175
66146176
66146177
66146178
66146179
66146180
66146181
66146182
66146183
66146184
66146185
66146186
66146204
66146205
66146206
66146207
66146208
66146209
66146210
66146211
66146212
66146213
66146214
66146215
66146217
66146218
66146219
66146220
66146221
66146222
66146223
66146224
66146225
66146226
66146227
66146228
66146229
66146230
66146231
66146232
66146233
66146234
66146235
66146236
66146237
66146238
66146239
66146240
66146241
66146242
66146243
66146244
66146245
66146246
66146247
66146248
66146249
66146250
66146251
66146258
66146259
66146260
66146261
66146262
66146263
66146264
66146265
66146266
66146267
66146268
66146269
66146270
66146271
66146272
66146273
66146274
66146275
66146276
66146277
66146278
66146684
66147147
66147148
66147150
66147153
66147219
66147224
66147242
66147243
66147244
66147245
66147246
66147247
66147248
66147249
66147250
66147251
66147252
66147253
66147254
66147255
66147256
66147257
66147258
66147259
66147260
66147261
66147262
66147612
66147613
66147614
66147616
66147618
66147619
66147620
66147621
66147622
66147623
66147630
66147631
66147632
66147633
66147635
66147636
66147638
66147639
66147641
66147642
66148058
66148066
66148522
66148764
66148777
66148860
66148861
66148862
66148863
66148864
66148865
66148866
66148867
66148868
66148869
66148870
66148871
66148872
66148873
66148874
66148875
66148876
66148877
66148878
66148879
66148880
66148881
66149148
66149172
66149173
66149175
66149176
66149177
66149178
66149179
66149180
66149182
66149190
66149505
66149629
66149631
66149692
66149757
66149762
66149763
66149764
66149765
66149766
66149767
66149768
66149769
66149770
66149771
66149772
66149773
66149774
66149775
66149776
66149777
66149778
66149789
66149790
66149791
66149796
66149797
66149798
66149799
66149808
66149809
66149810
66149962
66150035
66150036
66150038
66150039
66150062
66150063
66150064
66150065
66150066
66150693
66150694
66150923
66150924
66150925
66150927
66150928
66150930
66150931
66150972
66150973
66150974
66150975
66150976
66150977
66150978
66150979
66150980
66150981
66150982
66150983
66150984
66150985
66150986
66150987
66150988
66150989
66150990
66150991
66150992
66150993
66150994
66150995
66151188
66151189
66151190
66151191
66151192
66151193
66151194
66151195
66151196
66151198
66151200
66151471
66151472
66151473
66151474
66151475
66151476
66151477
66151478
66151479
66151480
66151481
66151482
66151483
66151484
66151485
66151486
66151487
66151488
66151489
66151490
66151491
66151492
66151493
66151494
66151495
66151496
66151497
66151498
66151499
66151500
66151501
66151502
66151503
66151504
66151505
66151506
66151507
66151508
66151509
66151916
66151934
66151935
66151936
66151937
66151938
66151939
66152078
66152259
66152261
66152263
66152264
66152265
66152563
66152576
66152597
66152601
66152602
66152603
66152715
66152717
66152731
66153088
66153097
66153110
66153111
66153337
66153338
66153339
66153340
66153341
66153342
66153343
66153344
66153345
66153346
66153347
66153348
66153349
66153350
66153351
66153352
66153353
66153354
66153355
66153356
66153357
66153358
66153359
66153360
66153361
66153362
66153363
66153364
66153365
66153366
66153367
66153368
66153369
66153370
66153371
66153372
66153373
66153374
66153375
66153376
66153377
66153378
66153379
66153380
66153381
66153382
66153383
66153384
66153385
66153386
66153387
66153388
66153389
66153390
66153391
66153392
66153393
66153394
66153395
66153396
66153397
66153398
66153399
66153400
66153401
66153402
66153403
66153404
66153405
66153406
66153407
66153408
66153409
66153410
66153411
66153412
66153413
66153414
66153415
66153416
66153417
66153418
66153419
66153420
66153421
66153422
66153423
66153514
66153762
66153763
66153768
66153773
66153776
66153778
66153794
66153798
66153802
66153822
66163016
66165521
66165522
66165523
66165531
66165532
66165534
66165539
66165541
66165543
66165545
66165546
66165547
66166205
66166212
66166230
66166231
66166652
66167041
66167072
66167083
66167444
66167445
66167446
66167447
66167448
66167450
66167451
66167452
66167457
66167458
66167459
66167461
66167462
66167463
66167465
66167467
66167470
66167473
66167474
66167941
66167943
66168353
66168471
66168517
66168519
66168558
66168559
66168560
66168561
66168562
66168594
66168595
66168596
66168606
66168607
66168608
66168789
66168791
66168796
66168801
66168802
66168803
66168808
66169596
66169786
66169787
66169788
66169789
66170148
66170149
66170150
66170152
66170153
66170154
66170155
66170156
66170157
66170160
66170161
66170162
66170163
66170164
66170165
66170166
66170167
66170168
66170169
66170170
66170172
66170174
66170175
66170176
66170177
66170178
66170179
66170180
66170181
66170182
66170183
66170185
66170186
66170187
66170189
66170190
66170191
66170192
66170194
66170195
66170196
66170200
66170201
66170202
66170203
66170204
66170205
66170213
66170214
66170215
66170216
66170232
66170233
66170234
66170235
66170241
66170242
66170243
66170244
66170245
66170280
66170282
66170287
66170289
66170619
66170854
66170856
66170857
66170859
66170860
66170862
66170863
66170864
66170865
66170966
66170967
66170968
66170969
66170970
66170971
66170972
66170973
66170975
66170976
66176043
66179667
66179668
66179669
66179670
66179672
66179861
66181211
66181212
66181219
66181221
66181917
66182213
66182214
66182218
66182219
66183666
66183667
66183669
66183670
66183673
66183674
66183677
66242787
66242789
66242790
66242791
66242793
66242797
66242798
66242800
66242801
66242802
66242803
66242804
66242810
66242811
66242813
66242815
66242818
66242846
66242847
66242848
66242849
66242904
66242906
66243053
66243295
66243297
66243298
66243383
66243384
66243585
66243904
66243905
66243906
66244004
66244005
66244007
66244018
66244021
66244029
66244030
66244032
66244210
66244221
66244445
66244446
66244447
66244684
66244685
66244686
66244690
66244691
66244696
66244697
66244863
66244864
66244865
66244866
66244887
66244933
66244934
66244935
66244936
66244973
66244976
66244980
66245006
66245007
66245008
66245009
66245010
66245011
66245012
66245013
66269041
66269042
66269043
66269044
66269053
66269054
66269057
66269058
66269059
66269060
66269062
66273995
66273996
66273997
66273998
66274002
66274003
66287006
66287008
66287010
66288034
66288036
66288039
66294167
66294168
66294171
66294173
66294174
66294175
66294176
66294178
66294179
66297446
66297448
66297449
66297454
66297455
66297456
66297457
66297458
66297459
66297460
66297462
66297463
66297464
66297465
66297466
66300163
66300164
66300165
66300166
66300167
66301793
66301795
66301796
66301797
66301798
66301799
66301800
66301801
66301802
66301803
66301804
66301805
66301806
66301807
66301808
66301809
66301816
66301818
66301860
66301861
66301862
66301863
66301864
66301865
66301866
66301868
66301869
66301872
66301879
66301880
66301889
66301890
66301891
66301892
66301917
66301918
66301920
66301921
66301922
66301923
66301982
66302932
66303849
66303850
66303851
66303852
66303853
66303854
66303855
66303856
66303857
66303858
66304031
66304032
66305982
66305984
66305996
66306012
66308359
66308360
66308361
66308386
66308387
66308388
66308389
66308390
66308391
66310336
66310337
66310338
66310339
66310340
66310345
66311894
66311896
66311898
66311901
66311902
66312660
66312665
66312667
66313412
66313413
66313414
66313415
66313419
66313421
66314381
66314528
66314538
66314547
66314548
66314552
66314554
66314556
66314574
66314575
66314579
66314593
66314602
66314619
66314627
66314630
66314631
66314633
66314643
66314653
66314654
66314662
66314665
66314667
66314676
66314677
66314678
66314679
66314681
66314684
66314685
66314686
66314687
66314688
66314692
66316065
66316066
66316067
66316126
66316129
66316130
66316137
66316139
66316140
66316142
66316143
66316144
66316148
66316149
66316154
66316155
66316156
66316157
66316158
66316160
66316162
66316164
66316165
66316166
66316168
66316171
66316172
66316173
66316176
66316280
66316281
66316282
66316467
66316505
66316506
66316507
66316534
66316612
66316613
66316618
66316619
66316647
66316650
66316651
66316652
66316664
66316665
66316667
66316846
66316847
66316848
66316851
66316853
66316857
66316858
66316859
66316860
66316999
66317006
66317021
66317026
66317029
66317032
66317033
66317036
66317072
66317073
66317075
66317080
66317082
66317083
66317085
66317088
66317227
66317471
66317472
66317473
66317474
66317475
66317476
66317477
66317478
66317479
66317480
66317481
66317483
66317484
66317485
66317486
66317488
66317490
66317710
66317711
66317712
66317713
66317714
66317715
66317717
66317718
66317719
66317722
66317726
66317727
66317728
66317729
66318894
66318895
66318896
66318898
66318899
66318949
66318969
66318971
66318972
66318973
66318974
66318975
66318977
66318980
66318984
66318985
66318986
66318987
66318988
66318989
66318990
66318996
66318998
66319000
66319002
66319003
66319004
66319005
66319006
66319007
66319008
66319009
66319010
66319012
66319014
66319015
66322965
66322966
66322967
66322968
66342783
66342785
66342787
66342883
66342885
66342886
66342887
66342888
66342889
66342891
66342892
66342893
66342894
66342895
66342896
66342902
66342903
66342904
66342905
66342954
66342980
66342981
66342986
66343017
66343081
66343300
66343301
66343302
66343303
66343304
66343305
66343306
66343307
66343308
66343309
66343310
66343311
66343312
66343313
66343381
66343382
66343383
66343387
66343388
66343389
66343390
66343391
66343392
66343668
66343669
66343700
66343701
66343702
66343703
66343755
66343770
66343931
66343932
66343934
66343935
66343936
66343937
66343938
66343939
66343940
66343941
66343942
66343943
66343944
66343945
66343946
66343947
66343948
66343949
66343950
66343951
66343952
66343953
66344232
66344469
66344470
66344471
66344472
66344473
66344474
66344543
66344544
66344545
66344549
66344597
66344598
66344599
66344600
66344602
66344603
66344604
66344605
66344606
66344607
66344608
66344665
66344679
66344680
66344681
66344682
66344683
66344684
66344685
66344687
66344688
66344690
66344692
66344712
66344722
66344724
66344725
66344727
66344728
66349442
66349443
66349444
66349445
66349998
66351858
66351859
66351917
66351919
66351922
66351931
66351940
66351942
66352600
66352605
66352607
66352611
66352612
66352614
66352615
66352618
66352623
66352624
66352627
66352638
66352639
66352648
66352650
66354444
66354445
66354446
66354448
66354449
66354462
66354463
66354464
66354465
66356225
66356226
66356227
66356492
66356494
66356495
66356497
66356499
66356507
66356510
66356516
66356519
66356520
66356521
66356523
66356525
66356526
66356527
66356532
66356533
66356534
66356535
66356536
66356537
66356538
66356539
66356542
66356543
66356544
66356545
66356546
66356547
66356566
66356567
66356568
66356588
66361863
66362154
66362155
66362156
66362160
66362161
66362162
66362163
66362170
66362172
66362174
66362182
66362183
66362427
66362573
66362619
66362625
66362645
66362680
66362859
66362874
66362883
66362922
66362923
66362924
66362925
66362927
66362934
66362935
66362936
66362937
66362938
66362939
66362943
66362944
66362945
66362955
66362956
66362957
66362958
66362959
66362960
66362961
66362962
66362963
66362964
66362965
66362966
66362967
66363115
66363116
66363117
66363155
66363156
66363157
66363158
66363159
66363160
66363161
66363162
66363163
66363164
66363165
66363166
66363167
66363168
66363170
66363171
66363172
66363239
66363355
66363403
66363404
66363405
66363423
66363424
66363425
66363434
66363659
66363660
66363663
66363665
66363666
66364191
66364194
66364196
66364198
66364200
66364219
66364220
66364221
66364226
66364227
66364228
66364229
66364230
66364231
66364232
66364233
66364234
66364235
66364236
66364237
66364241
66364242
66364243
66364244
66364245
66364246
66364247
66364248
66364249
66364250
66364251
66364252
66364253
66364254
66364255
66364256
66364257
66364258
66364259
66364260
66364261
66364410
66364411
66364412
66364413
66364414
66364415
66364416
66364417
66364418
66364419
66364420
66364421
66364422
66364423
66364424
66364425
66364426
66364427
66364428
66364429
66364720
66364748
66364752
66364753
66364754
66364756
66364770
66364879
66365009
66365707
66365711
66366010
66366011
66366186
66366546
66366675
66366678
66366683
66368649
66368650
66368651
66368652
66368653
66368654
66368655
66368656
66368658
66368659
66368665
66368673
66368674
66368675
66368676
66368677
66368685
66368686
66368688
66369143
66370859
66375068
66375071
66397312
66397313
66397314
66397315
66397316
66397317
66397318
66397320
66397321
66397322
66397323
66397324
66397326
66397327
66397328
66397329
66397330
66397458
66397471
66398885
66398887
66398889
66398920
66399192
66399194
66399197
66399323
66399326
66399327
66399328
66399335
66399336
66399337
66399340
66399341
66399346
66399347
66399348
66399349
66399350
66399351
66399352
66399363
66399364
66399365
66399366
66399367
66399368
66399369
66399370
66399371
66399372
66399373
66399382
66399383
66399384
66399385
66399387
66399388
66399389
66399391
66399398
66399411
66399413
66399415
66399416
66399418
66399419
66399420
66399422
66399423
66399424
66399452
66399543
66399561
66399573
66399574
66399717
66399797
66399798
66399799
66399800
66399801
66399802
66399803
66399804
66399805
66399806
66399807
66399808
66399811
66399814
66399815
66399816
66399817
66399818
66399819
66399835
66399836
66399837
66400054
66400058
66400213
66400214
66400215
66400216
66400217
66400218
66400219
66400220
66400221
66400222
66400223
66400224
66400225
66400226
66400227
66400229
66400231
66400232
66400233
66400234
66400235
66400236
66400237
66400238
66400239
66400240
66400241
66400242
66400243
66400244
66400245
66400246
66400247
66400248
66400249
66400250
66400254
66400255
66400256
66400257
66400258
66400259
66400260
66400261
66400262
66400579
66400585
66400591
66400797
66402169
66402170
66402172
66402175
66402176
66402178
66402179
66402180
66402181
66402182
66402183
66402184
66402185
66402186
66402187
66402188
66402189
66402190
66402191
66402192
66402193
66402194
66402195
66402196
66402197
66402198
66402199
66402200
66402201
66402202
66402203
66402204
66402205
66402206
66402207
66402208
66402212
66402213
66402214
66402215
66402216
66402217
66402218
66402219
66402220
66402221
66402226
66402227
66402228
66402229
66402230
66402231
66402232
66402233
66402234
66402235
66402236
66402237
66402238
66402239
66402240
66402241
66402242
66402243
66402244
66402245
66402246
66402247
66402248
66402250
66402251
66402252
66402253
66402254
66402255
66402256
66402257
66402258
66402259
66402260
66402261
66402262
66402263
66402265
66402266
66402267
66402268
66402269
66402270
66402271
66402272
66402273
66402274
66402276
66402278
66402279
66402280
66402286
66402287
66402288
66402289
66402290
66402291
66402292
66402293
66402294
66402295
66402300
66402301
66402302
66402303
66402310
66402311
66402312
66402313
66402314
66402315
66402316
66402319
66402333
66402335
66402336
66402676
66402677
66402678
66404732
66405561
66405562
66405563
66405564
66405565
66405566
66405567
66405568
66405569
66405570
66405571
66405572
66405573
66405574
66405575
66405576
66405577
66405578
66405579
66405580
66405593
66405594
66405595
66407589
66407593
66407595
66407596
66408711
66412326
66412329
66412330
66412333
66412336
66412339
66412340
66412341
66412342
66412343
66412344
66412457
66412693
66412694
66415561
66415569
66415571
66415572
66415576
66419746
66419754
66419764
66419776
66419796
66419801
66434392
66434397
66434401
66434404
66434412
66434413
66434415
66434416
66434424
66434457
66434473
66434491
66434493
66434720
66435377
66435378
66435379
66435380
66435381
66435382
66435383
66435384
66435385
66435386
66435387
66435388
66435389
66435390
66435391
66435392
66435397
66435398
66435399
66435400
66435401
66435402
66435403
66435404
66435405
66435406
66435407
66435408
66435409
66435668
66435674
66435686
66435700
66435702
66435705
66435707
66435717
66435944
66435948
66435949
66435950
66435951
66435952
66435956
66435965
66435966
66435967
66435968
66435969
66435972
66435973
66435974
66435975
66435976
66435977
66435978
66435979
66435980
66435981
66436068
66436071
66436072
66436074
66436075
66436078
66436082
66436085
66436088
66436092
66436143
66436148
66436149
66436150
66436151
66436152
66436155
66436156
66436157
66436158
66436159
66436160
66436167
66436168
66436202
66436203
66436204
66436205
66436529
66436530
66436531
66436532
66436533
66436534
66436535
66436536
66436537
66436541
66436542
66436543
66436544
66436545
66436546
66436632
66436641
66436642
66436644
66436645
66436646
66436647
66436648
66436653
66436654
66436655
66436657
66436658
66436659
66436660
66436661
66436662
66436663
66436664
66436685
66436686
66436687
66436688
66436689
66436690
66436691
66436692
66436693
66436694
66436695
66436696
66436697
66436698
66436699
66436700
66436701
66436702
66436703
66436704
66436705
66436706
66436707
66436708
66436710
66436711
66436712
66436713
66436714
66436716
66436717
66436718
66436720
66436729
66436730
66436732
66436737
66436738
66436739
66436740
66436741
66436742
66436743
66436744
66436745
66436746
66436863
66437050
66437396
66438610
66438612
66438620
66438627
66438628
66438629
66438631
66438634
66438637
66438639
66438646
66438655
66438697
66438702
66454859
66456392
66456445
66456452
66456518
66457074
66457075
66457078
66457080
66457083
66457084
66457085
66457086
66457087
66457088
66457089
66457092
66457093
66457095
66457099
66457100
66457101
66457102
66457104
66457105
66457106
66457107
66457109
66457110
66457112
66457114
66457115
66457117
66457118
66457119
66457120
66457121
66457122
66457123
66457124
66457125
66457126
66457127
66457129
66457130
66457131
66457132
66457133
66457134
66457135
66457136
66457137
66464794
66464795
66464796
66464797
66464798
66464799
66464800
66464801
66464811
66465128
66465130
66465131
66465138
66465139
66465140
66465141
66465142
66465143
66596402
66596513
66597579
66597582
66597583
66597595
66597596
66597600
66597601
66597603
66597604
66597605
66597606
66597607
66597608
66597609
66597610
66597611
66597612
66597613
66597615
66597616
66597619
66597621
66597623
66597625
66597627
66597628
66597643
66597653
66597658
66597661
66597662
66597664
66597665
66597666
66597670
66597671
66597672
66597673
66597674
66597675
66597677
66600955
66600977
66601269
66601275
66601276
66601280
66601281
66601285
66601290
66601291
66602908
66602935
66602941
66602943
66602945
66602946
66602947
66602948
66609956
66609957
66609958
66609959
66610489
66610704
66610705
66610706
66610707
66610708
66610709
66610710
66610711
66610712
66610713
66610714
66610715
66610716
66610717
66610718
66610719
66610720
66610721
66610722
66610723
66610728
66610729
66610730
66610731
66610732
66610733
66610734
66610735
66610736
66610737
66610738
66610740
66610741
66610742
66610743
66610746
66610747
66610748
66610749
66610750
66610751
66610752
66610753
66610754
66610755
66610756
66610757
66610758
66610759
66610760
66610761
66610762
66610763
66610764
66610765
66610766
66610767
66610768
66610769
66610770
66610771
66610772
66610773
66610774
66610775
66610776
66610777
66610778
66610779
66610780
66610781
66610782
66610783
66610784
66610786
66610787
66610788
66610789
66610790
66610791
66610792
66610793
66610794
66610795
66610796
66610797
66610798
66610799
66610800
66610801
66610802
66610803
66610805
66610806
66610807
66610808
66610809
66610810
66610811
66610813
66610814
66610815
66610816
66610861
66611114
66611203
66611317
66611369
66611370
66611381
66611386
66611388
66611397
66611414
66611416
66611422
66611437
66611469
66611475
66611476
66611479
66611484
66611487
66611489
66611490
66611516
66611520
66611521
66611522
66611523
66611524
66611525
66611526
66611529
66611530
66611531
66611532
66611534
66611535
66611537
66611540
66611541
66611542
66611545
66611547
66611548
66611551
66611554
66611556
66611558
66611559
66611561
66611563
66611565
66611566
66611568
66611574
66611575
66611577
66611580
66611581
66611583
66611584
66611586
66611587
66611589
66611590
66611591
66611592
66611593
66611594
66611599
66611600
66611601
66611602
66611604
66611608
66611610
66611614
66611618
66611619
66611620
66611622
66611625
66611645
66611725
66611729
66612341
66612410
66612414
66612415
66612416
66612417
66612421
66612422
66612423
66612558
66612559
66612560
66612561
66612562
66612563
66612565
66612566
66612685
66613104
66613105
66613106
66613107
66613126
66613213
66613214
66613216
66613217
66613218
66613219
66613428
66613433
66613434
66613435
66613437
66613438
66613439
66613440
66613441
66613442
66613443
66613444
66613447
66613565
66613567
66613568
66613640
66613839
66613840
66613841
66613845
66613846
66613847
66613848
66613849
66613850
66613851
66613852
66613853
66614182
66614183
66614184
66614185
66614186
66614187
66614188
66614189
66614190
66614191
66614192
66614193
66614194
66614195
66614196
66614197
66614445
66614446
66614447
66614448
66614449
66614450
66614451
66614452
66614453
66614454
66614455
66614462
66614463
66614464
66614465
66614466
66614467
66614468
66614469
66614470
66614471
66614472
66614473
66614474
66614475
66614476
66616906
66618762
66626160
66627318
66627336
66627337
66627338
66627339
66627340
66627341
66627741
66627853
66627854
66627855
66627856
66627857
66627858
66627868
66627869
66627871
66627872
66627875
66627876
66627878
66627879
66627880
66627881
66627882
66627883
66627895
66627896
66627897
66627898
66627899
66627901
66627902
66627903
66627905
66627906
66627907
66627908
66627909
66627912
66627913
66627916
66627920
66627926
66627928
66627929
66627930
66627931
66627932
66627933
66627934
66627935
66627936
66627937
66627941
66627942
66627943
66627944
66627945
66627946
66628777
66628780
66628781
66628782
66628783
66628787
66628800
66628807
66628821
66628822
66628975
66628976
66628977
66628978
66629449
66629902
66629903
66631011
66631015
66631035
66631044
66631045
66631048
66631049
66631050
66631051
66631053
66631054
66631055
66631056
66631057
66631059
66631060
66631061
66631062
66631091
66631309
66631316
66631464
66631469
66631471
66631476
66631500
66631502
66631507
66631524
66631525
66631700
66631702
66631703
66631707
66632010
66632023
66632024
66632047
66632066
66632070
66632501
66632506
66632689
66632747
66632750
66632753
66632757
66632759
66632764
66632766
66632769
66632770
66632771
66632773
66632774
66632889
66632890
66632891
66632892
66632894
66632895
66632896
66632897
66633029
66633133
66633134
66633136
66633142
66633145
66633147
66633151
66633158
66633159
66633163
66633165
66633169
66633176
66633180
66633181
66633182
66633183
66633184
66633188
66633190
66633192
66633193
66633194
66633195
66633304
66633305
66633306
66633313
66633315
66633607
66633608
66633612
66633613
66635539
66635553
66635614
66635616
66635640
66635642
66635643
66639403
66639411
66639412
66639416
66639417
66639418
66639420
66639421
66639422
66639423
66639426
66639427
66639428
66639429
66639431
66639432
66639433
66639434
66639435
66639436
66639440
66639443
66639444
66639446
66639447
66639448
66639450
66639454
66639455
66639456
66639457
66639458
66639459
66639460
66639462
66639463
66639464
66639465
66639466
66639467
66639469
66639470
66640738
66640739
66640740
66640743
66640779
66640782
66640815
66641541
66641543
66641544
66641545
66641546
66641547
66641548
66641550
66641607
66641612
66641614
66641620
66641622
66641624
66641625
66641626
66641651
66641652
66641653
66642890
66642970
66642979
66642989
66643026
66643377
66643378
66643379
66644310
66644313
66644345
66644369
66644399
66658579
66658581
66658709
66658711
66658712
66659175
66659186
66659187
66659190
66659193
66659197
66659205
66659206
66659207
66659220
66659428
66659702
66659708
66659714
66659807
66659873
66659874
66659876
66659877
66660061
66660202
66660204
66660243
66660244
66660250
66660264
66660265
66660267
66660273
66660371
66660380
66661122
66661126
66661263
66661264
66661265
66661368
66661375
66661617
66661643
66661645
66661649
66661661
66661662
66661663
66661664
66661665
66661928
66661938
66661939
66661940
66661941
66661942
66661943
66661944
66661945
66661992
66662142
66662144
66662147
66662149
66662152
66662154
66662158
66662165
66662169
66662170
66662181
66662182
66662183
66662184
66662185
66662561
66662562
66662586
66662762
66662763
66662765
66662766
66662786
66662787
66662788
66662789
66662790
66662791
66662793
66662794
66662795
66662796
66662798
66662799
66662800
66662801
66662802
66662803
66662806
66662819
66662821
66662822
66662823
66664759
66666079
66666619
66666621
66666622
66666623
66666624
66666625
66666626
66666628
66666629
66666632
66666633
66666635
66666637
66666638
66666640
66666642
66666644
66666646
66666649
66666650
66666652
66666653
66666655
66666657
66666658
66673650
66673651
66675891
66675895
66680616
66680617
66680618
66680623
66680625
66680626
66680627
66680629
66680630
66680631
66681616
66681617
66682432
66682493
66682553
66682554
66682555
66682556
66683770
66683771
66683774
66683775
66683776
66683780
66683781
66685266
66685468
66687987
66687995
66688185
66688195
66688199
66688420
66688421
66688422
66688423
66688424
66688425
66688426
66688427
66688437
66689350
66689357
66689943
66689958
66689960
66690111
66690112
66690113
66690115
66695639
66695640
66710808
66710815
66710816
66710817
66710818
66710819
66710820
66710821
66710822
66710823
66710824
66710825
66710826
66710827
66710828
66710829
66710830
66710831
66710832
66710833
66710834
66710842
66710843
66710844
66711662
66726437
66733036
66733041
66734769
66734770
66734771
66735260
66735795
66735993
66735996
66735997
66736086
66736087
66741617
66741618
66741619
66741624
66741626
66741627
66741628
66741629
66741997
66742630
66742637
66742638
66743105
66745985
66746003
66746017
66746018
66746019
66746361
66746362
66746363
66746366
66746368
66746373
66746374
66746384
66746421
66746424
66746682
66747239
66747242
66747362
66747363
66747364
66747365
66747366
66747367
66747368
66747369
66747370
66747371
66747372
66747373
66747374
66747375
66747376
66747377
66747378
66747531
66747532
66747533
66747534
66747535
66747536
66747537
66747538
66747539
66747540
66747541
66747682
66747691
66747693
66747756
66747845
66747846
66747847
66747848
66747936
66747937
66747938
66747939
66747940
66748250
66748251
66748252
66748253
66748254
66748255
66748256
66748257
66748258
66748259
66748260
66748261
66748262
66748263
66748264
66748676
66748827
66748996
66748997
66748998
66748999
66749490
66749633
66749899
66749900
66750068
66750069
66750070
66756061
66756062
66756063
66756073
66756074
66756075
66756825
66757177
66757278
66757423
66757752
66757753
66757754
66757755
66757756
66757759
66757760
66757771
66757981
66757982
66757983
66757985
66757987
66757989
66758290
66758291
66758292
66758411
66758459
66758460
66758461
66758566
66758586
66758591
66758630
66758633
66758777
66758778
66758779
66758780
66758782
66758832
66758833
66758834
66758835
66758836
66758837
66758838
66758839
66758840
66758841
66758842
66758856
66758950
66759009
66759172
66759173
66759174
66759175
66759176
66759178
66759180
66759181
66759182
66759183
66759184
66759186
66759188
66759189
66775945
66776102
66776103
66776408
66776409
66776410
66776424
66776425
66776426
66776427
66776432
66776437
66776438
66776439
66776442
66776551
66777120
66777134
66777135
66777136
66777140
66884557
66884558
66884560
66884561
66884562
66939449
66939450
66939451
66939452
66939453
66939454
66939455
66939456
66939457
66939458
66939459
66939460
66939461
66939467
66939468
66939469
66939470
66939471
66939472
66939473
67190412
67227091
67227092
67227101
67227152
67227159
67227160
67227173
67227174
67229347
67229376
67229379
67229456
67229458
67229464
67229469
67229476
67229532
67229534
67229537
67229540
67229541
67229542
67229609
67229611
67229741
67229755
67230116
67230117
67230139
67230140
67230142
67230143
67230147
67230148
67230149
67230150
67230151
67230152
67230153
67230154
67230156
67230164
67230165
67230167
67230168
67230171
67230172
67230174
67230179
67230353
67230580
67230588
67230594
67230596
67231793
67231844
67232874
67232875
67232876
67232877
67232878
67232879
67232880
67233826
67233827
67233828
67233829
67233830
67233831
67233832
67233833
67233834
67233835
67233836
67233837
67233839
67233840
67233841
67233842
67233843
67233844
67233845
67233847
67233848
67233849
67233850
67233851
67233852
67233853
67233854
67234900
67234901
67234903
67234928
67235271
67235273
67235274
67235275
67235276
67235279
67235280
67235281
67235284
67235297
67235326
67235337
67235342
67235343
67235346
67235813
67235816
67235823
67235869
67237144
67237145
67238036
67238220
67319182
67319751
67319752
67319753
67319754
67321554
67329947
67329948
67329949
67329950
67329951
67329952
67329953
67329954
67329955
67329956
67329957
67329961
67329962
67329963
67329964
67329965
67330001
67330002
67330005
67330006
67330007
67330009
67330010
67330011
67330012
67330013
67330014
67330017
67330018
67330019
67330020
67330021
67330022
67330024
67330025
67330026
67330027
67330061
67330063
67330064
67330065
67330067
67330095
67330096
67330097
67330098
67330099
67330100
67330101
67330102
67330103
67330104
67330105
67330107
67330108
67330109
67330110
67330113
67330114
67330115
67330116
67330117
67330118
67330119
67330120
67330121
67330122
67330123
67330124
67330125
67330126
67330127
67330128
67330129
67330130
67330131
67330132
67330133
67330134
67330135
67330136
67330137
67330138
67330139
67330140
67330141
67330142
67330143
67330144
67330145
67330146
67330147
67330148
67330149
67330151
67330673
67330674
67330675
67330791
67330792
67330793
67331831
67331832
67331837
67331839
67331841
67331926
67331927
67331928
67331994
67331995
67332131
67332136
67332140
67332141
67332143
67332144
67332174
67332225
67332284
67332286
67332335
67332336
67332337
67332338
67332339
67332340
67332341
67332342
67332353
67332355
67332356
67332364
67332365
67332366
67332367
67332368
67332369
67332370
67332372
67332373
67332374
67332375
67332551
67332553
67332573
67332577
67332593
67332616
67332655
67332983
67332984
67332985
67333151
67333165
67333171
67333174
67333175
67333176
67333177
67333178
67333179
67333180
67333181
67333182
67333183
67333184
67333185
67333187
67333188
67333189
67333190
67333191
67333192
67333193
67333194
67333195
67333196
67333197
67333198
67333199
67333200
67333201
67333202
67333203
67333204
67333205
67333206
67333207
67333208
67333209
67333210
67333211
67333212
67333213
67333214
67333215
67333245
67334363
67334364
67334365
67334366
67334367
67334368
67334558
67334559
67334560
67334561
67334562
67334565
67334674
67334675
67334676
67334677
67334680
67334681
67334682
67334683
67334684
67334685
67335114
67335115
67335116
67335117
67335118
67335119
67335120
67335122
67335124
67335125
67335126
67335127
67335128
67335129
67335130
67335131
67335133
67335134
67335135
67335136
67335137
67335138
67335139
67335140
67335141
67335142
67335143
67335149
67335150
67335153
67335168
67335169
67335170
67335171
67335172
67335173
67335319
67335320
67335321
67335322
67335323
67335327
67335328
67335329
67335330
67335351
67335366
67335780
67336450
67336797
67336798
67336799
67336800
67336802
67336818
67336822
67336832
67336836
67336848
67336866
67336887
67337394
67337395
67337396
67337397
67337398
67337399
67337400
67337401
67337402
67337403
67337404
67337405
67337406
67337407
67337408
67337409
67337410
67337411
67337680
67337681
67337682
67337683
67337685
67337686
67337687
67337688
67337690
67337722
67337723
67337724
67337725
67337762
67337763
67337764
67337765
67337854
67338052
67338053
67338065
67338066
67338067
67338069
67338077
67338078
67338081
67338355
67338356
67338459
67338615
67338617
67338624
67338626
67338629
67338634
67338641
67338642
67339013
67339014
67339016
67339017
67339018
67339571
67339572
67339573
67339574
67339575
67339576
67339577
67339578
67339579
67339580
67339581
67339582
67339583
67339584
67339628
67339629
67339630
67339632
67339633
67339634
67339635
67339637
67339638
67339639
67339640
67339642
67339692
67339694
67339695
67339777
67339778
67339779
67339780
67340215
67340234
67340295
67340774
67340775
67340776
67340777
67341039
67341041
67341042
67341043
67341045
67341054
67341081
67341088
67341090
67341103
67341107
67341111
67341118
67341119
67341141
67341142
67341154
67341167
67341173
67341187
67341197
67341198
67341201
67341202
67341203
67341204
67341210
67341211
67341214
67341379
67342586
67342588
67343162
67343163
67343164
67343165
67343166
67343399
67343400
67343401
67343536
67343655
67343656
67343660
67343661
67343662
67343782
67343934
67343935
67343936
67343937
67343938
67343939
67343940
67343941
67343942
67343943
67343944
67343945
67344093
67344190
67344192
67344193
67344277
67344278
67344279
67344431
67344436
67344441
67344447
67344450
67344555
67344557
67344558
67344559
67344560
67344561
67344562
67344607
67344608
67344609
67344610
67344611
67344723
67344724
67344725
67344726
67344727
67344728
67344729
67344730
67344731
67344732
67345090
67345091
67345529
67345624
67345625
67345626
67346629
67346630
67346631
67346637
67346638
67346933
67346934
67346935
67346939
67346940
67346944
67346945
67347041
67347045
67347047
67347049
67347053
67347062
67347063
67347064
67347065
67347321
67347505
67347506
67347507
67347508
67347509
67347512
67347513
67348947
67348948
67348951
67348952
67348954
67348974
67348975
67348976
67349663
67349664
67349667
67349668
67349669
67349670
67349671
67349816
67350118
67350119
67350125
67350129
67350232
67350237
67350469
67350470
67350471
67350501
67350502
67350503
67350504
67364333
67364334
67364335
67364336
67364337
67364338
67364339
67364340
67364341
67364342
67364343
67364344
67364454
67442586
67442677
67484221
67484223
67484225
67484227
67484230
67484231
67484243
67484244
67484245
67484246
67484248
67484249
67556838
67556842
67556844
67556847
67556852
67556859
67556864
67606403
67606404
67606405
67606406
67606407
67606408
67606409
67606410
67606411
67606414
67606415
67606416
67606417
67606420
67615614
67615615
67615617
67615634
67615650
67615651
67615652
67615656
67615658
67615659
67648905
67648906
67648907
67648908
67648909
67648910
67648913
67648915
67648918
67648920
67648921
67648922
67648926
67648932
67648935
67648936
67648938
67755773
67755775
67756102
67799907
67799922
67799998
67807504
67807506
67807510
67807522
67807523
67807524
67821363
67841246
67942948
67954845
68155444
68243863
68243864
68243865
68243869
68243872
68243873
68243927
68243930
68243932
68243933
68243934
68243935
68243936
68243943
68243952
68244011
68244013
68244014
68244015
68244016
68244017
68244018
68244019
68244020
68244021
68244062
68244291
68244292
68244293
68244294
68244295
68244296
68244297
68244775
68244776
68244777
68244778
68244779
68244780
68244781
68244782
68245732
68245737
68246215
68246216
68246217
68246218
68246219
68246220
68246535
68246536
68246537
68246539
68246540
68246560
68246561
68246562
68246563
68246572
68246578
68246579
68246580
68246584
68246585
68246586
68246587
68246588
68246589
68246590
68246591
68246592
68246593
68246594
68246595
68246596
68246597
68246598
68246599
68246600
68246601
68246602
68246603
68246604
68246605
68246606
68246607
68246608
68246609
68246610
68246611
68246612
68246613
68246614
68246615
68246616
68246617
68246618
68246619
68246620
68246621
68246622
68246623
68246624
68246625
68246626
68246627
68246628
68246694
68246782
68246783
68246784
68247047
68247048
68247051
68247053
68247072
68247074
68247075
68247076
68247142
68247400
68247403
68247404
68247405
68247681
68247683
68247684
68247685
68247688
68247700
68247701
68247703
68247704
68247706
68247713
68247842
68247843
68247844
68247845
68247847
68247852
68247853
68247922
68247923
68247924
68247925
68247926
68247927
68247928
68247929
68247930
68247931
68247932
68247933
68247934
68247935
68247936
68247937
68247938
68247939
68247940
68247941
68247942
68247943
68247944
68247945
68247946
68247947
68247948
68247949
68247950
68247951
68247952
68247953
68247954
68248024
68248025
68248028
68248039
68248040
68248041
68248042
68248245
68248246
68248247
68248248
68248249
68248250
68248259
68248261
68248262
68248610
68248616
68248617
68248865
68248866
68248867
68248868
68248886
68248888
68248889
68248890
68248891
68248894
68248900
68248901
68248902
68248903
68248906
68248908
68248909
68248910
68248911
68248912
68248913
68248914
68248915
68248916
68248917
68248918
68248919
68248924
68248925
68248926
68248927
68248928
68248929
68248930
68248931
68248934
68248948
68248979
68248980
68248981
68248982
68248983
68248989
68248991
68248994
68249018
68249030
68250126
68250970
68251287
68251369
68251370
68251371
68251745
68251746
68251747
68251748
68251749
68251750
68251751
68251752
68251753
68251754
68251755
68251756
68251777
68251795
68251799
68251802
68251804
68251920
68251923
68251925
68251926
68251927
68251928
68251929
68251930
68251944
68251945
68251967
68251969
68251971
68251972
68252236
68252774
68253044
68253050
68253051
68253052
68253057
68253058
68253059
68253060
68253061
68253062
68253063
68253064
68253065
68253066
68253067
68253068
68253069
68253070
68253071
68253077
68253078
68253079
68253080
68253081
68253085
68253086
68253087
68253088
68253089
68253090
68253091
68253092
68253093
68253094
68253096
68253097
68253172
68253202
68253219
68253220
68253221
68253222
68253223
68253674
68253688
68254648
68254649
68254650
68254651
68254652
68254653
68254654
68254656
68254659
68254660
68254688
68254818
68254819
68254820
68254821
68254822
68254823
68254824
68254830
68254831
68254832
68254833
68254834
68254835
68254836
68254837
68254838
68254840
68254841
68254843
68254884
68254897
68254898
68254899
68254900
68254906
68254907
68254914
68254915
68254916
68254917
68254919
68254920
68254921
68255020
68255022
68255023
68255026
68255029
68255032
68255033
68255244
68255249
68255280
68255283
68255548
68255549
68255550
68255559
68255560
68255561
68255562
68255563
68255564
68255842
68256217
68256597
68256657
68256664
68256666
68256668
68257329
68257332
68257333
68257613
68257616
68258037
68258044
68258055
68258060
68258061
68258062
68258063
68258219
68258753
68258763
68258769
68259321
68259324
68259327
68259328
68259329
68259611
68259853
68259855
68259856
68259857
68259900
68259933
68259934
68259935
68259956
68260107
68260108
68260109
68260324
68260329
68260330
68260331
68260332
68260333
68260334
68260348
68260350
68260351
68260352
68260380
68260382
68260456
68260457
68260458
68260724
68260727
68260728
68260730
68260732
68260733
68260735
68260737
68260739
68260740
68260836
68261144
68261146
68273009
68273012
68273013
68273086
68273087
68273088
68273089
68273090
68273091
68273167
68273385
68273747
68273833
68273834
68273835
68273836
68273837
68273839
68273840
68273841
68273842
68273845
68273847
68273849
68273850
68273851
68273852
68273853
68273854
68273856
68273858
68273859
68273860
68273867
68273868
68273869
68273870
68273878
68273880
68273881
68273883
68273885
68273886
68273887
68273888
68273889
68273890
68273891
68273992
68274091
68274092
68274093
68274094
68274095
68274096
68274097
68274098
68274099
68274100
68274101
68274102
68274103
68274104
68274105
68274106
68274107
68274109
68274110
68274111
68274112
68274113
68274114
68274115
68274116
68274117
68274118
68274119
68274120
68274124
68274181
68274188
68274274
68274549
68274550
68274949
68275094
68276925
68276950
68276962
68276964
68276965
68276970
68276974
68276976
68276979
68276980
68276982
68276983
68276985
68276987
68276988
68277070
68277443
68277444
68277445
68277448
68277644
68277854
68277855
68277856
68277860
68277863
68277865
68277867
68277869
68277872
68277875
68277878
68277883
68277887
68277896
68277897
68277901
68277904
68278284
68278285
68278288
68278300
68278301
68278302
68278303
68278304
68278305
68278306
68278307
68278309
68278310
68278311
68278312
68278313
68278314
68278315
68278316
68278317
68278318
68278319
68278320
68278321
68278322
68278323
68278324
68278685
68278780
68278986
68279746
68279747
68279748
68279749
68279755
68279761
68279765
68279766
68279767
68279769
68279844
68279851
68280370
68280371
68280372
68280373
68280374
68280375
68280376
68280377
68280441
68280445
68280448
68280450
68280451
68280494
68280495
68280496
68280497
68280498
68280499
68280500
68280501
68280526
68280667
68280668
68280674
68280675
68280676
68280677
68280679
68280680
68280683
68280684
68280685
68280722
68281066
68281067
68281068
68281069
68281070
68281071
68281073
68281162
68281163
68281164
68281165
68281166
68281688
68281904
68281906
68281909
68281911
68281913
68281915
68281917
68281918
68281920
68281923
68281925
68283526
68283527
68283528
68283529
68283530
68283531
68283532
68283533
68283535
68283536
68283537
68283538
68283539
68283540
68283571
68283572
68283573
68283943
68283947
68283948
68283949
68283962
68283963
68283964
68284067
68284068
68284069
68284071
68284072
68284073
68284075
68284077
68284078
68284080
68284081
68284083
68284084
68284086
68284088
68284089
68284090
68284092
68284094
68284095
68284097
68284098
68284100
68284101
68284230
68284231
68284232
68284242
68284243
68284244
68284245
68284246
68284247
68284248
68284249
68284250
68284344
68284345
68284347
68284405
68284407
68284543
68284544
68284545
68284546
68284547
68284548
68284549
68284550
68284551
68284670
68284671
68284672
68284673
68284674
68284675
68284676
68284677
68284678
68284679
68284681
68284682
68284683
68284684
68284685
68284859
68284861
68285002
68285013
68285014
68285015
68285019
68285058
68285059
68285079
68285080
68285084
68285086
68285102
68285103
68285104
68286168
68286170
68286171
68286172
68286173
68286175
68286176
68286177
68286178
68286179
68286405
68286406
68286407
68286408
68286409
68286411
68286447
68286448
68286449
68286450
68286452
68286453
68286455
68286457
68286459
68286461
68286463
68286465
68286467
68286468
68287750
68287751
68287754
68287757
68288123
68288131
68288133
68288134
68288454
68288458
68288470
68288479
68288516
68288517
68288527
68288528
68288529
68288532
68288899
68288900
68288901
68288902
68288914
68288915
68288918
68288925
68288926
68288927
68288929
68289107
68289108
68289110
68289112
68289114
68289115
68289116
68289117
68289118
68289119
68289120
68289121
68289122
68289726
68290505
68290506
68291018
68291020
68291021
68292249
68292250
68292759
68292760
68292761
68292765
68292766
68292767
68292768
68292769
68292770
68292771
68292772
68292773
68292774
68292775
68292776
68292777
68292778
68292779
68292780
68292781
68292782
68292783
68292784
68292785
68292786
68292788
68292789
68292790
68292791
68292795
68292804
68292805
68292806
68292807
68292808
68292809
68292810
68292811
68292906
68292909
68292915
68292918
68292919
68292920
68292921
68292922
68292923
68292924
68292925
68292926
68292930
68293240
68293412
68293414
68293436
68293437
68293438
68293444
68293966
68293968
68293976
68294341
68294345
68294348
68294364
68294374
68294376
68294379
68294382
68294397
68294409
68294410
68294422
68294424
68294425
68294430
68295182
68295184
68295196
68295327
68295329
68296246
68296248
68296249
68296716
68296724
68297357
68297363
68297372
68297388
68297786
68297791
68298687
68298806
68298807
68298847
68299369
68300107
68300114
68300128
68300129
68300130
68300131
68300132
68300363
68300364
68300365
68300366
68300445
68300448
68300449
68300450
68300813
68301089
68301090
68301091
68301092
68301093
68301094
68301095
68301096
68301097
68301098
68301099
68301100
68301101
68301102
68301103
68301104
68301105
68301106
68301107
68301108
68301109
68301110
68301111
68301130
68301132
68301134
68301136
68301138
68301139
68301140
68301409
68301410
68301412
68301413
68301414
68301415
68301805
68301808
68301814
68301816
68301818
68301844
68301845
68301846
68301847
68301849
68301850
68304244
68304245
68304247
68304248
68340633
68340634
68340635
68340637
68340638
68340640
68340642
68340663
68340664
68340665
68340666
68340669
68340671
68340677
68340678
68340679
68340680
68340681
68340691
68340705
68340708
68340711
68340712
68340736
68340737
68340738
68340739
68340740
68340741
68340742
68340743
68340744
68340750
68374194
68374195
68382298
68382300
68382306
68382308
68401109
68401111
68401112
68401114
68401115
68401116
68401117
68401120
68402617
68451682
68451683
68451684
68451689
68451807
68458518
68458519
68458521
68458522
68458523
68458524
68458525
68458526
68458527
68458528
68458529
68458533
68458534
68458535
68458538
68458539
68458540
68458542
68458543
68458552
68458554
68458557
68458559
68458560
68458561
68458562
68470965
68470967
68470968
68470969
68470970
68470980
68470982
68470983
68470984
68470985
68470997
68471006
68471010
68471012
68471018
68471022
68471023
68471232
68471238
68471240
68471241
68471243
68588776
68607368
68679459
68679464
68679469
68679470
68679471
68679474
68679478
68878963
68878966
68878967
68878968
68878975
68878976
68878977
68878978
68878979
68878980
68878981
68878984
68878985
68878987
68885253
68885270
68885276
68894990
68960619
68974380
68974382
69034317
69034322
69034326
69034329
69034330
69034331
69036970
69036983
69036984
69036985
69036989
69089053
69089054
69089056
69089057
69089058
69089060
69089061
69089064
69089065
69089066
69089067
69089068
69089069
69089070
69089075
69089076
69089077
69089078
69089081
69089084
69089087
69089088
69089089
69089090
69089093
69089094
69089095
69089099
69089100
69089101
69089103
69089104
69089105
69089106
69089107
69089108
69089109
69089112
69089113
69089114
69089118
69089121
69089123
69089125
69089127
69089129
69089577
69089580
69089581
69089582
69089583
69089584
69089585
69089586
69089587
69089588
69090564
69090566
69090567
69090568
69090570
69090571
69090573
69090575
69091026
69091029
69091031
69091086
69091087
69091088
69091089
69091090
69091091
69091104
69091105
69091107
69091109
69091670
69091694
69091700
69091701
69091702
69091705
69092042
69092043
69092044
69092093
69092094
69092095
69092096
69123619
69123620
69123621
69125620
69125623
69208366
69208367
69208369
69208370
69212497
69212498
69212514
69212519
69212558
69212671
69225722
69230305
69230306
69230307
69230308
69247558
69247569
69250089
69272583
69272585
69332337
69335556
69356785
69356794
69356811
69356814
69356917
69356924
69356927
69357480
69360952
69363399
69363403
69363404
69363414
69363421
69363425
69363429
69363438
69363442
69363446
69363447
69363456
69372567
69381997
69381998
69382000
69383066
69386973
69386975
69388900
69398875
69399003
69399006
69399007
69399008
69400146
69402007
69408949
69422081
69422084
69422085
69424235
69426169
69426172
69426173
69426174
69426175
69426176
69426178
69426180
69426181
69426182
69426183
69426184
69426186
69426187
69426188
69426189
69434774
69434777
69434782
69434786
69436570
69436573
69548886
69548890
69563579
69587712
69587713
69587714
69587717
69587719
69587720
69587721
69587724
69587725
69587727
69596436
69608542
69641395
69641455
69641459
69650716
69712643
69712648
69712675
69712676
69721492
69754760
69754768
69754770
69754964
69795871
69831157
69877729
69907657
69942568
69942584
69942585
69944037
69944038
69944039
69944040
69944041
69944042
69944043
69944044
69944045
69944046
69961940
69961941
69961942
69961943
70030005
70030006
70030012
70030013
70030014
70030015
70036591
70036592
70036593
70036603
70036604
70036605
70036609
70036610
70036611
70043478
70058067
70058068
70058069
70058070
70058073
70086174
70093323
70094635
70122979
70122983
70122985
70123005
70123006
70123007
70123008
70132755
70142439
70142440
70142441
70142812
70142813
70142814
70142815
70142816
70142817
70142818
70142819
70142820
70142821
70142822
70142823
70142824
70142825
70142826
70142827
70142828
70142829
70142830
70142831
70142832
70142833
70142834
70142835
70143154
70143155
70143156
70143157
70143158
70143159
70143160
70143162
70143163
70143186
70152526
70152527
70152597
70152598
70152599
70152600
70152601
70152602
70152603
70153783
70154039
70154040
70154045
70154046
70154048
70156590
70156592
70156594
70156596
70156597
70228837
70228839
70228840
70228841
70228842
70228859
70228860
70228861
70228862
70228863
70228907
70242151
70242152
70242153
70242154
70248641
70248643
70248645
70248646
70248648
70248712
70248713
70248714
70248715
70248723
70248724
70248746
70248747
70248748
70248749
70248750
70248751
70248752
70248753
70248754
70248756
70248757
70248758
70248759
70248760
70248761
70248762
70259672
70264421
70264428
70272218
70272219
70272220
70272221
70272222
70272223
70272224
70272226
70272227
70272228
70272230
70289013
70289014
70291250
70291273
70292572
70380718
70380720
70380722
70380723
70380724
70380725
70380726
70380857
70380861
70380887
70380888
70380889
70380910
70380911
70380912
70380913
70380914
70380915
70380916
70380917
70380918
70380919
70380920
70380921
70380922
70380923
70380924
70380925
70380926
70380927
70380928
70380929
70380931
70380932
70380934
70380935
70380936
70380937
70380938
70380941
70380943
70380944
70380945
70380947
70380948
70380949
70380950
70380954
70380955
70380956
70380957
70380958
70380959
70380960
70380961
70380962
70380964
70380966
70380967
70380968
70380969
70441011
70441012
70441013
70441014
70441016
70441018
70441019
70441020
70441021
70441029
70441030
70441031
70441032
70441033
70441034
70441035
70441036
70441037
70441038
70441039
70441040
70441041
70441044
70441048
70441053
70441054
70441055
70441056
70441057
70441058
70441059
70441060
70441061
70441062
70441063
70441065
70441066
70441068
70441069
70441070
70441071
70441072
70441073
70441074
70441075
70441076
70441077
70441079
70441080
70441081
70441084
70441085
70441086
70441087
70441088
70441089
70441090
70441091
70441092
70441093
70441094
70441095
70441096
70441097
70441098
70441099
70441100
70441101
70441102
70441103
70441104
70441105
70441111
70441112
70441113
70441121
70441122
70441123
70441124
70441125
70441126
70441127
70441128
70441129
70441130
70441131
70441132
70441133
70441134
70441135
70441137
70441138
70441139
70441140
70441141
70441142
70441143
70441144
70441145
70441146
70441147
70441148
70441149
70441150
70441151
70441152
70441153
70441154
70441155
70441156
70441157
70441158
70441159
70441160
70441161
70441162
70441163
70441164
70441165
70441166
70441167
70441168
70441170
70441174
70441176
70441177
70441178
70441179
70441180
70441183
70441184
70441186
70441187
70441196
70441201
70441208
70441230
70441232
70441233
70441235
70473167
70473168
70501363
70513059
70513096
70522374
70528877
70536564
70536588
70536605
70561851
70561869
70575228
70575237
70575238
70575445
70575449
70575456
70594346
70646111
70646174
70646176
70646178
70646505
70646506
70646507
70646679
70703974
70706594
70709312
70709314
70778672
70784939
70800881
70858606
70858608
70858609
70858610
70858611
70858666
70858667
70858668
70861581
70861582
70861583
70861584
70861585
70861586
70861587
70875787
70875788
70884209
70884210
70884240
70884241
70884257
70884291
70884299
70884364
70884692
70884694
70884695
70884696
70884784
70884785
70893016
71071018
71071021
71073184
71073191
71090021
71090022
71090027
71090031
71090037
71099527
71099528
71099535
71099536
71099538
71099539
71099586
71099600
71120001
71120009
71120099
71120109
71120128
71120129
71120130
71120131
71120132
71120136
71120139
71120140
71127031
71127032
71127034
71127035
71127036
71127038
71127039
71127040
71127058
71152628
71178756
71178757
71178758
71178762
71178763
71178764
71316655
71333398
71333401
71333402
71333403
71333404
71333407
71333408
71333409
71333410
71333411
71333412
71333413
71333414
71333417
71333418
71333419
71333420
71333422
71333423
71333424
71333425
71333426
71333429
71333430
71333431
71333432
71333433
71333434
71333435
71333436
71333437
71333438
71333439
71333440
71333441
71333442
71333443
71333444
71333445
71333447
71333448
71333450
71333451
71333452
71333453
71333454
71333455
71333458
71333459
71333460
71333463
71333464
71333465
71333466
71333467
71333469
71333470
71333471
71333472
71333477
71333478
71333479
71333480
71333485
71333486
71333487
71333488
71333490
71333492
71370697
71370698
71370699
71370700
71370701
71370702
71370703
71370704
71370705
71370706
71370707
71370708
71370709
71370710
71370711
71370712
71370713
71370714
71370715
71370716
71370717
71370718
71370719
71370720
71370721
71370722
71370723
71370724
71370725
71370735
71370736
71370737
71370738
71370739
71370740
71370741
71370742
71370743
71370744
71370745
71370746
71370747
71370748
71370749
71370750
71370751
71370752
71413538
71419126
71419131
71419134
71453453
71453454
71453455
71453456
71481945
71481946
71481947
71484160
71485701
71485702
71485703
71485704
71485985
71490608
71491446
71551794
71590793
71590794
71591151
71591154
71591156
71591158
71591160
71591165
71591166
71591173
71591176
71591180
71591181
71601901
71601906
71601907
71601908
71601909
71601910
71601911
71601912
71601913
71601914
71601915
71601916
71604939
71604949
71604988
71604989
71604994
71605012
71605014
71605061
71605142
71605237
71690521
71690522
71690523
71690524
71690525
71690527
71690528
71690529
71690530
71690531
71690532
71690533
71690534
71690535
71690536
71690537
71690538
71690539
71690540
71690541
71690542
71690543
71690544
71690546
71690549
71690551
71690553
71690555
71690558
71690624
71690625
71690626
71690627
71690628
71690638
71690639
71690640
71690642
71690643
71690645
71691576
71691577
71691578
71691579
71691580
71702248
71702254
71702255
71702256
71702257
71702258
71702259
71702267
71702268
71702272
71702273
71702275
71702276
71702277
71702281
71702282
71702283
71702284
71702285
71702286
71702287
71702288
71702289
71702305
71702307
71702311
71702312
71702313
71702314
71702315
71702316
71702317
71702318
71702320
71702321
71702324
71704957
71704958
71704960
71704961
71714301
71714302
71716108
71716110
71716130
71716131
71716138
71718052
71718054
71718058
71718063
71718064
71719017
71719018
71719019
71719020
71719021
71719022
71719023
71719024
71719337
71721697
71722058
71722059
71722060
71722061
71722063
71722064
71722066
71722067
71722321
71722361
71722363
71722364
71722365
71722366
71723059
71723060
71724335
71724337
71725047
71725049
71725050
71725051
71725053
71725413
71725416
71725419
71725420
71725421
71725490
71725491
71725492
71725497
71725499
71725500
71725708
71725709
71725710
71725713
71725716
71725718
71725719
71725721
71725725
71725729
71725730
71725737
71725738
71725739
71725740
71725741
71725747
71725752
71726137
71726139
71726140
71726141
71726142
71726143
71726144
71726146
71726147
71726148
71726149
71726150
71726387
71726388
71726468
71726640
71726641
71726642
71726647
71726651
71726652
71726653
71726656
71726657
71726658
71726659
71726660
71726661
71727749
71728310
71731150
71731151
71731153
71731162
71731164
71731165
71731166
71731170
71731171
71731173
71731181
71731182
71731183
71731436
71731437
71731438
71731439
71731453
71731454
71731455
71731456
71731457
71731458
71731462
71731463
71731464
71731465
71731470
71731491
71731492
71731494
71731495
71731501
71731502
71731503
71731504
71731505
71731507
71731508
71731514
71731524
71731526
71773469
71773473
71779998
71779999
71780000
71786507
71786508
71786509
71786955
71788005
71789111
71789112
71789114
71789747
71789749
71789753
71789756
71789758
71789759
71789761
71789762
71789765
71789767
71789768
71789770
71789772
71790092
71791123
71791124
71791126
71791127
71791128
71791129
71791130
71791131
71791132
71791133
71791134
71791135
71791136
71791137
71791138
71791139
71791140
71791141
71791142
71791143
71791144
71791145
71792192
71792193
71793084
71793310
71793311
71793312
71793313
71793314
71793315
71793316
71793318
71793319
71793320
71793321
71793777
71793778
71793779
71793780
71793785
71793786
71793787
71793788
71793790
71793792
71796440
71796441
71796442
71796443
71796444
71796445
71796446
71796447
71796465
71796467
71796468
71796470
71796472
71796473
71796475
71796507
71796509
71796510
71796511
71796520
71797001
71797055
71797056
71797057
71797058
71797059
71797060
71799149
71799150
71799151
71799152
71799153
71799154
71799155
71799156
71799331
71799332
71799333
71799334
71799335
71799338
71799339
71800876
71800877
71800879
71800880
71800882
71800883
71800884
71800885
71802031
71802032
71802033
71802034
71802038
71805275
71805278
71805280
71805281
71805282
71805283
71805284
71805285
71805286
71805287
71805288
71807914
71807915
71807919
71807920
71807921
71807922
71807924
71807925
71807929
71807930
71815410
71815411
71815412
71815413
71815414
71815415
71815416
71815417
71815418
71815419
71815420
71815421
71815422
71815423
71815424
71815425
71820689
71820690
71821220
71821221
71821222
71821223
71821224
71821225
71821226
71822486
71822488
71822491
71822495
71822496
71822497
71822498
71822500
71822501
71822502
71822503
71822504
71822507
71822508
71822509
71822510
71822511
71822513
71822517
71822518
71823192
71823199
71823208
71823210
71823211
71823215
71823223
71823231
71823837
71823844
71823845
71823846
71823847
71823848
71823850
71823853
71823854
71823855
71823856
71825829
71825831
71825833
71825835
71825838
71825839
71825840
71825841
71825842
71826136
71826137
71826138
71826139
71826149
71826150
71826151
71826157
71826161
71826166
71826168
71826170
71826171
71826172
71826173
71826174
71826175
71826176
71826177
71826178
71826180
71826206
71826207
71826233
71826234
71826235
71826445
71826446
71826448
71827917
71828211
71829142
71830540
71830541
71830542
71830545
71830547
71830549
71831430
71831432
71831441
71831445
71831446
71831448
71831450
71831452
71832956
71832957
71832958
71833569
71834044
71834045
71834884
71834885
71834886
71834887
71834888
71834890
71834891
71834892
71834893
71834894
71834895
71834897
71834898
71834899
71834900
71834901
71835363
71835366
71835372
71835373
71835374
71835709
71835710
71835711
71835712
71835713
71836672
71836673
71838545
71839258
71841429
71841611
71841612
71841613
71841614
71841615
71841616
71843136
71843137
71843138
71843140
71843141
71843142
71843954
71843957
71843958
71843961
71843962
71843964
71843965
71843966
71843967
71843969
71844720
71844722
71845189
71845190
71845191
71845192
71845193
71845194
71845195
71845196
71845669
71845670
71845674
71845677
71845680
71845681
71849706
71851425
71851427
71851428
71851466
71851467
71851468
71851469
71851470
71851471
71851472
71851473
71851474
71851475
71851476
71851477
71851478
71851479
71851480
71851481
71851482
71851483
71851484
71851485
71851486
71851487
71851488
71851489
71851490
71851491
71851492
71851723
71852645
71853712
71853713
71853714
71853715
71853716
71853717
71853720
71853721
71853722
71853723
71853724
71853725
71855060
71858598
71858604
71858794
71858795
71860179
71860192
71860193
71860569
71861974
71861977
71861979
71861981
71861988
71861989
71861996
71861998
71862000
71862002
71862004
71862006
71862009
71862011
71862012
71862014
71862016
71862018
71862244
71862245
71862246
71862249
71862250
71862252
71863412
71863414
71863415
71865637
71865638
71865640
71865642
71865958
71867053
71867123
71868449
71868454
71868461
71869019
71869020
71869021
71869023
71869024
71869025
71869026
71869027
71869028
71869029
71869030
71869031
71869032
71869033
71869034
71869035
71869036
71869039
71869040
71869041
71869042
71869279
71869282
71869283
71869284
71869285
71869287
71869304
71869353
71869995
71870001
71870002
71870003
71870004
71870008
71870186
71870472
71870522
71870523
71870524
71870604
71870614
71870662
71870663
71870664
71870665
71870666
71870667
71870668
71870669
71870670
71870671
71870672
71870673
71870674
71870675
71870676
71870677
71871326
71871327
71871328
71871329
71871330
71871331
71871332
71871333
71871334
71871335
71871336
71871338
71871340
71871344
71871345
71871346
71871347
71871348
71871354
71871531
71871532
71871533
71871534
71871535
71871536
71871537
71871538
71871539
71871540
71871542
71871627
71871628
71871629
71871631
71871632
71871634
71871635
71871636
71871637
71871638
71871639
71871640
71871647
71871648
71871649
71871650
71871651
71871652
71871654
71871659
71871669
71871670
71871671
71871728
71871729
71871731
71871735
71871740
71873291
71873781
71873782
71873783
71873787
71873788
71873789
71873791
71873792
71874873
71874875
71874880
71874881
71874882
71876127
71876136
71876138
71876139
71876144
71876145
71876181
71876532
71876890
71876891
71876892
71877094
71877098
71878684
71878686
71878687
71878688
71878689
71878690
71878691
71878693
71878696
71879088
71879167
71879168
71879169
71879170
71879171
71879172
71879173
71879174
71879180
71879181
71879183
71879184
71879274
71879275
71879277
71879278
71879283
71879284
71879287
71879288
71879289
71879290
71879291
71879292
71879293
71879997
71880002
71881144
71881152
71881153
71881436
71881438
71881439
71881440
71881441
71881443
71881445
71881446
71881447
71881448
71881451
71881452
71881454
71881455
71881456
71881457
71881458
71881459
71881460
71881461
71881696
71881698
71881699
71881700
71881701
71881702
71881703
71881704
71881705
71881706
71881707
71881708
71881709
71881710
71882370
71882371
71882372
71882373
71882375
71882376
71882395
71882396
71883230
71883645
71883646
71883647
71883653
71883654
71883655
71883656
71883657
71883658
71883830
71883831
71883834
71883835
71883836
71883837
71883841
71884389
71884618
71885448
71885452
71887456
71887461
71888571
71888572
71888573
71888574
71888575
71888582
71888583
71888584
71888586
71888587
71888588
71888589
71888590
71888591
71888593
71888594
71888595
71888596
71888597
71888604
71888606
71888609
71888610
71888615
71888616
71888617
71888620
71888623
71888940
71888941
71888942
71888948
71888951
71888952
71889128
71889129
71889130
71889131
71889132
71889135
71889136
71889818
71889819
71889820
71891234
71891235
71891236
71891237
71891242
71891245
71891251
71891252
71891253
71892058
71893804
71893805
71893806
71895102
71895106
71895984
71895985
71896017
71896018
71896020
71896023
71896033
71896034
71896319
71897543
71897544
71897545
71897547
71898113
71900013
71900014
71900016
71900017
71900019
71900462
71900463
71900464
71900465
71900466
71900467
71900468
71900469
71900470
71900471
71901673
71901674
71901675
71901676
71901677
71901678
71901679
71901680
71901682
71901684
71901687
71901688
71902085
71902325
71902326
71902327
71902329
71902330
71902331
71902337
71902338
71902339
71902917
71903101
71903632
71904608
71904666
71904784
71906505
71907039
71907340
71907473
71908298
71909147
71909194
71909414
71910603
71910604
71910605
71910674
71910924
71910926
71910927
71910928
71910929
71911435
71912223
71912701
71913588
71913589
71913590
71913663
71913664
71913665
71913666
71913667
71913668
71913669
71914160
71914171
71914211
71914222
71914223
71914226
71914234
71914235
71914236
71914237
71914238
71914239
71914240
71914241
71915141
71915142
71915143
71915145
71915148
71915149
71915150
71915151
71915152
71915153
71915156
71915157
71915159
71915163
71915165
71915168
71915185
71915476
71916403
71916409
71916410
71916411
71916413
71916414
71916416
71916423
71916424
71916426
71916429
71916606
71916607
71916608
71916609
71916714
71916926
71916927
71916928
71916929
71916950
71916951
71916952
71916954
71916955
71916956
71916962
71916963
71916964
71916965
71916969
71916971
71916972
71916973
71916975
71916976
71916977
71916982
71916983
71916990
71916995
71916997
71916998
71916999
71917002
71917003
71917004
71917005
71917006
71917010
71917013
71917016
71917017
71917146
71917147
71918421
71918422
71918423
71918425
71918426
71918430
71918438
71918600
71918601
71918603
71918604
71918605
71918606
71918611
71919574
71919575
71919576
71919577
71919578
71919579
71919580
71919581
71919582
71919583
71919584
71919585
71919601
71919602
71919603
71919604
71919605
71919606
71919607
71919608
71919610
71919611
71919612
71919613
71919614
71919615
71919616
71919617
71919618
71919619
71919620
71919621
71919622
71919626
71919627
71919629
71919630
71919631
71919656
71919657
71919658
71919666
71919669
71919676
71919691
71920270
71920271
71920287
71920959
71920960
71920961
71921926
71921929
71921932
71921934
71921938
71921969
71921972
71921974
71921990
71921991
71921992
71921993
71921994
71921996
71921997
71921998
71922837
71922838
71933169
71933170
71933171
71933172
71933173
71933174
71933175
71933176
71933187
71933188
71933189
71933190
71935612
71935616
71935617
71935618
71935620
71935810
71939632
71939633
71939634
71939636
71946275
71946281
71946289
71946427
71946428
71946429
71947466
71947488
71947885
71947886
71947887
71947888
71947889
71947890
71947891
71947892
71947893
71947894
71947895
71947896
71947897
71947898
71947899
71947900
71947901
71947902
71947903
71947904
71947905
71947906
71947907
71947908
71947909
71947910
71947911
71947912
71947913
71951022
71952878
71952879
71952882
71952889
71952891
71952898
71952912
71952917
71952919
71952921
71952922
71952925
71953139
71953144
71953175
71953384
71953386
71953387
71953407
71954072
71954073
71954074
71954075
71954076
71954084
71954091
71954092
71954096
71954125
71954126
71954129
71954141
71954142
71954143
71955227
71955230
71959654
71959657
71959658
71959660
71959679
71959686
71961895
71964096
71964097
71964098
71964099
71964100
71964102
71964103
71964104
71964105
71964106
71964108
71964109
71964110
71964111
71964112
71964113
71964115
71964117
71964118
71964119
71964121
71964122
71964123
71964124
71964125
71964128
71964129
71964130
71964133
71964136
71964148
71964152
71964154
71964155
71964166
71964168
71964526
71964529
72001583
72001589
72005313
72005314
72005315
72031447
72031448
72031449
72031450
72031451
72031452
72031453
72031454
72031455
72031456
72031457
72031458
72033859
72082841
72082842
72082843
72082844
72082845
72082848
72082849
72082850
72082852
72082855
72082856
72082857
72082858
72082859
72082860
72082862
72082863
72082864
72082865
72082868
72082869
72082870
72082871
72082872
72082876
72082884
72082886
72082888
72082889
72156887
72156888
72156889
72156896
72379485
72508771
72508772
72508773
72508774
72508775
72508776
72508777
72508778
72517857
72517863
72645116
72645126
72645132
72645133
72682137
72682138
72682140
72682144
72682146
72682183
72682185
72682190
72921393
72921395
72921396
72921397
73062383
73062384
73062385
73062386
73062391
73062392
73062393
73062394
73062395
73062401
73062402
73207187
73209856
73217927
73217929
73236518
73236519
73236520
73236521
73236522
73236523
73236524
73236526
73236527
73236528
73236529
73236530
73363160
73363161
73363162
73390505
73390507
73390511
73390512
73390514
73390897
73390901
73399560
73479880
73479894
73479896
73479909
73479910
73479911
73574309
73574310
73696778
73696780
73747837
73747838
73747839
73747840
73747841
73747842
73747843
73747844
73747845
73747846
73747847
73747848
73747849
73747850
73747851
73747852
73747853
73747854
73816673
73820872
73820873
73820874
73820875
73878160
73878161
73878162
73878166
73878167
73878168
73878169
73878170
73878184
73878189
73878195
73904717
73904719
73904722
73904763
73904764
73904765
73904766
73904767
73904769
73904770
73904771
73904772
73904773
73904774
73904775
73904776
73904780
73904781
73904782
73904783
73904784
73904785
73904786
73904787
73904788
73904789
73904790
73904791
73904792
73904793
73904794
73904795
73904796
73904797
73904798
73904799
73904800
73904801
73904802
73904803
73904804
73941694
73941695
73941696
73941697
73941698
73941699
73941700
73941701
73941702
73941715
73941716
73941858
73941938
73941939
73941940
73941941
73942093
73942108
73942116
73942117
73942118
73942119
73942120
73942121
73942146
73942147
73942148
73942149
73942150
73942151
73942152
73942178
73942179
73942180
73942181
73942202
73942273
73942274
73942275
73990344
73998562
73998564
73998566
74007756
74007757
74007758
74023040
74023041
74023042
74023079
74023085
74023099
74023109
74023110
74078832
74078838
74078840
74078848
74078849
74078850
74078851
74078862
74078865
74078866
74078870
74078872
74078873
74078874
74078875
74078877
74078879
74078881
74078884
74078886
74078888
74078892
74078893
74078895
74078896
74084138
74084177
74084179
74089097
74089098
74089108
74089154
74089159
74089160
74089166
74159735
74159736
74159740
74159741
74159742
74159743
74175030
74175032
74229366
74306832
74306833
74306834
74306835
74306836
74306849
74306852
74306854
74338645
74338647
74338653
74338676
74338681
74338710
74338711
74338712
74338733
74338734
74338735
74338736
74338737
74338744
74346004
74346041
74346479
74346480
74346481
74346482
74346483
74346484
74346485
74346486
74346487
74346488
74346489
74346492
74346495
74346496
74346499
74346614
74346615
74346616
74346617
74346618
74346621
74346622
74346624
74346626
74347643
74347650
74354055
74354062
74354084
74354085
74396436
74397404
74462219
74462220
74462221
74473421
74526830
74577900
74577901
74577904
74577905
74577906
74577909
74577910
74577911
74577912
74577913
74577914
74577916
74577917
74577918
74577919
74577920
74577942
74577943
74577944
74577945
74577954
74577955
74577981
74577984
74577989
74577990
74577991
74577996
74577997
74577998
74577999
74578006
74578007
74578008
74578009
74578010
74578011
74578012
74578013
74578014
74603041
74603055
74603056
74603064
74607226
74607228
74607851
74683144
74683283
74683295
74683314
74683319
74683338
74683341
74683347
74683348
74683355
74683360
74683365
74683372
74683859
74683861
74684137
74684138
74684139
74684141
74684146
74684147
74684148
74684161
74684162
74684163
74684165
74684166
74684167
74684168
74684170
74684171
74684172
74684224
74684265
74691692
74691702
74714937
74714938
74714939
74735660
74735661
74735662
74735663
74735664
74807379
74807380
74807382
74807383
74807385
74807386
74807387
74807389
74807390
74807392
74807393
74807394
74807402
74807416
74807417
74807419
74807421
75100387
75119687
75119688
75119689
75119758
75119760
75119764
75119779
75160841
75160842
75160843
75160844
75160845
75160846
75160847
75160848
75160858
75160872
75160873
75160874
75160875
75160876
75160877
75160878
75160879
75160880
75160881
75160882
75160883
75160884
75160885
75160891
75160923
75171194
75171197
75171203
75171204
75171210
75171213
75171214
75171216
75171282
75171286
75171287
75171289
75293152
75345914
75349384
75349893
75349895
75349896
75349897
75349898
75367384
75367385
75367386
75367387
75367388
75367389
75367390
75367393
75367394
75367395
75367398
75367399
75367400
75367401
75367404
75367405
75367407
75367409
75367411
75367415
75367416
75367417
75367419
75367420
75367422
75388306
75388307
75388308
75388309
75388310
75570999
75571000
75571001
75571002
75571003
75574271
75752587
75801692
75801696
75801699
75801711
75801714
75801716
75801717
75801718
75801719
75801720
75801721
75801722
75801724
75801725
75801726
75819743
75869042
75869043
75869045
75869047
75869049
75869052
75930516
75930517
75980916
75980918
75980925
75980931
75980939
75980940
75980950
75980954
75980959
75980969
75980970
75980972
75980973
75980974
75980975
75980978
75980979
75980980
75980981
75980982
75980983
75980984
75980985
75980986
75980987
75980988
75980989
75980990
75980991
75981030
75981032
75981035
75981037
75981038
75981041
75981042
75981044
75981095
75981105
75981121
75981122
75981123
75981124
75981155
75981157
75981159
75981161
75981163
75981165
75981167
75981169
75981170
75981173
75981174
75981175
75981176
75981177
75981178
75981179
75981180
75981181
75981182
75981183
75981184
75981185
75981188
75981189
75981197
75981198
75981199
75981201
75981202
75981203
75981209
75981214
75981215
75981240
75981241
75981242
75981261
75981262
75981263
75981264
75981266
75981271
75981272
75981273
75981274
75981275
75981276
75981278
75981280
75981282
75981284
75981286
75981289
75981294
75981300
75981304
75981305
75981312
75981313
75981315
75981316
75981341
75981346
75981355
75981358
75981359
75981360
75981361
75981364
75981365
75981366
75981387
75981394
75981395
76026923
76026934
76026941
76031649
76031650
76031652
76031653
76031654
76031656
76031658
76031659
76031660
76031679
76031680
76031681
76031685
76031687
76031688
76031689
76031690
76296811
76348215
76366263
76366662
76366667
76366683
76378645
76398175
76398177
76398179
76398180
76398182
76419622
76420706
76469744
76469747
76469751
76469754
76469757
76469761
76469765
76469769
77394641
77394642
77394643
77501081
77501083
77501085
77501089
77501090
77501096
77526630
77526631
77526632
77526636
77526660
77526661
77526665
77548461
77548462
77548463
77570744
77573416
77573419
77573422
77573425
77573428
77573430
77662882
77662887
77662889
77662890
77662892
77662893
77662894
77662895
77662896
77662897
77676564
77676565
77676570
77676589
77847888
77910030
77910035
77912723
77912724
77912853
78102030
78102031
78177114
78177115
78300922
78300924
78300928
78300929
78301044
78301045
78301046
78315260
78367817
78399998
78530279
78530286
78530297
78530298
78530300
78530301
78573230
78574325
78574327
78574328
78574369
78619907
78696948
78696949
78696950
78928867
79305069
79305071
79305075
79305089
79312117
79312119
79495088
79699288
79699294
79699298
79699306
79699312
79743138
79940952
79940958
79940960
79940962
79940972
79940974
79940976
79941022
79941024
79941026
79941030
79941036
79941110
79994530
79994532
80723758
80723772
80782124
80782126
80782128
80782142
80782152
80782170
80782172
80782174
80782176
80782178
80782180
80782184
80782188
80782192
80782194
80782196
80782200
80851040
80851042
80851044
80851046
80851048
80851054
80851056
80851060
80851062
80851064
80963510
81363508
81363510
81363512
81363514
81773602
81773604
81773616
82144076
82462988
82464294
82464298
82464300
82560202
82564302
82566164
82566172
82566174
82566176
82566178
82597914
82597918
82597920
82597924
82602570
82628092
82630270
82638288
82641158
82641160
82641162
82641164
82643610
82673554
82673556
82673558
82673560
82673562
82673564
82673566
82673568
82673570
82673572
82676078
82676458
82676460
83134948
83134970
83134972
83134976
83134994
83134996
83135000
83135002
83135004
83135008
83378638
83378640
83378642
83378646
83378648
83378650
83378652
83378654
83378656
83378658
83378660
83378662
83378664
83378666
83378668
83378670
83378672
83378674
83378676
83378678
83378680
83378682
83378684
83378686
83378688
83378690
83378692
83378694
83378696
83378698
83378700
83378702
83378704
83771902
83771906
83771910
83771912
83771914
83771916
83771960
83771962
83771990
83771992
83771998
83772000
83772002
83772022
83772028
83922687
83941231
83941235
84112317
84112321
84119235
84119237
84119239
84158893
84208601
84208605
84290719
84290721
84290723
84290725
84290727
84290729
84340441
84340457
84573123
84573125
84573127
84573129
84573131
84573133
84573135
84573137
84573143
84573155
84573157
84573159
84573161
84573175
84573177
84573179
84573181
84615159
84615171
84615173
84615177
84615193
84842247
84842255
84842287
84842815
85212944
85335760
85335762
85335764
85335766
85337268
85337306
85337368
85337384
85449864
85561904
85561906
85561908
85561910
85561914
85561918
85561920
85561922
85574750
85595066
85993947
85993949
85993951
85993973
85993975
85993977
85994045
86066769
86066771
86066773
86067097
86085921
86085949
86086237
86086239
86086251
86086253
86086255
86086257
86102403
86102417
86401155
86401163
86454235
86730673
86829507
86829511
86829513
87114483
87437281
87508865
88436365
88436369
88436401
88597737
88597739
88597741
88846189
88846191
88846193
89100205
89100215
89102903
89102905
89102907
89102909
89102911
89102915
89103147
89103301
89458753
89458757
89458759
89458761
89599243
89599259
89599269
89696789
89905245
89905257
89906805
89906813
89906815
89906817
89906819
89906821
89906823
89906827
89906829
89906831
89906843
89906851
89906863
89906869
89906887
89906889
89906891
89906897
89906899
89906901
89906905
89906907
89906909
89906911
89906917
89906925
89906945
89906947
89906949
89906951
89906953
89906955
89906961
90443475
90443499
90443505
90443509
90443513
90443517
90443521
90443527
90443533
90443537
90443541
90443543
90443545
90759253
90759257
90759261
90759269
90759273
90759277
90759281
90759283
90806857
90806859
90806861
90806863
90806865
90806867
90806869
90806871
90806873
90806875
90806877
90806879
90806883
90806887
90806889
90806891
90806893
90806895
90806897
90806899
90806901
90806903
90806909
90806913
90806915
90806917
90806919
90806921
90806923
90806927
90806929
90806931
90806933
90806935
90806937
90986825
90986831
90986835
90986841
90986845
90986851
90986855
90986859
90986865
90986869
90986875
90986879
90986881
90986883
90986885
90986887
90986889
91261480
91275446
91309638
91309640
91309642
91309644
91309646
91309716
91309734
91333242
91334314
91971674
91971676
92050534
92050536
92063272
92171220
92171222
92171224
92171230
92174672
92175056
92175058
92310154
92311634
92536874
92536876
92536878
92536880
92536882
92536884
92536886
92536888
92536890
92536892
92536894
92536896
92536898
92536900
92536902
92536904
92536906
92536908
92536910
92539884
92539886
92539888
92539890
92539892
92539894
92539896
92539898
92539900
92539902
92539904
92539906
92539908
92539910
92539912
92540428
92540444
92540470
92540472
92546546
92546548
92546550
92546552
92546554
92546556
92546558
92546560
92546562
92546564
92546566
92546568
92550144
92550146
92550148
92550152
92550154
92550156
92550158
92550160
92550166
92550168
92550170
92550172
92550174
92550176
92550178
92550180
92578008
92578010
92578012
92578020
92578024
92578028
92578030
92578032
92578034
92578036
92579634
92579636
92579638
92579640
92579642
92721110
92723102
92723104
92723106
92723114
92723116
92723118
92770976
92770978
92770980
92770982
92771034
92771036
92771038
92772676
92774000
92774002
92774004
92774006
92774008
92774010
92774012
92774014
92774016
92774182
92774184
92774190
92774276
92810986
92817946
92818052
92821094
92821098
92821114
92821116
92821118
92828776
92828778
92828780
92828782
92828784
92828786
92828790
92828792
92828794
92828796
92828798
92828800
92828802
92828804
92828806
92828808
92828810
92828812
92828828
92828830
92828832
92828834
92828836
92828838
92828842
92828844
92828846
92828848
92828850
92828874
92828888
92828910
92828912
92828914
92828954
92828956
92829510
92829512
92829518
92829528
92962022
92962024
92962026
93065284
93065288
93134714
93134746
93134758
93134880
93134888
93134890
93134892
93134894
93134958
93134960
93134962
93134964
93185100
93185102
93185104
93185112
93185114
93185116
93299786
93299790
93299802
93299818
93299826
93669550
93669552
93669554
93669558
93715492
93715500
93715524
93715536
93715544
94107178
94107180
94910678
95171568
95171570
95171572
95171574
95173492
95173500
95228102
95228104
95228106
95228108
95228120
95228134
95228136
95228138
95228150
95228152
95228154
95228156
95228168
95228170
95228172
95228174
95585998
95941036
95941042
95941044
95941046
95941050
95941060
95941062
95941066
95941068
95941070
95941074
95941076
95941078
95941080
95941082
95941086
95941094
95941096
95941098
95941100
95941102
95941104
95941136
95941138
95941142
95941144
95941146
95941188
95941190
95941204
95941216
95941218
95941230
95941234
95941322
95941342
95941344
95941346
95941348
95941350
95941352
95941358
95941424
95941426
95941428
95941430
95941434
95941440
95941444
95941446
95941466
95941468
95941470
95966406
95966408
95966410
95966412
95966414
95966416
95966418
95966420
96156010
96156012
96156014
96156018
96367926
96367928
96367930
96367932
96421002
96529870
97206428
97206430
97206436
97206438
97206442
97206444
97206446
97206456
97206458
97269646
97328668
97328672
97328678
97328684
97441990
97441992
97441994
97441996
97441998
97442000
97442006
97442010
97442012
97442014
97442016
97442020
97442024
97442028
97442030
97442032
97442036
97442038
97442040
97442044
97442046
97442052
97442056
97442062
97457310
97457352
97457356
97457360
97457362
97457364
97457370
97457372
97457374
97457376
97457378
97457384
97642572
97642574
97642576
97642578
97642580
97642582
97642588
97642590
97642592
97642596
97642598
97642600
97642602
97642604
97642606
97642608
97642610
97642612
97642614
97642616
97642620
97642622
97642626
97642628
97642630
97642632
97642634
97642638
97642640
97642644
97642646
97642648
97642650
98699198
98699202
98727910
98727912
98727914
98727916
98727920
98727934
98727936
98727940
98727950
98908158
98908160
98908162
98909528
98909530
98909532
98911320
98911322
98911324
98911326
98911328
98911330
98911338
98911340
98911342
98911344
98911346
98911348
98911356
98911358
98911360
98911362
98911364
98911366
99050044
99050046
99398566
99964808
100170192
100170198
100170200
100170202
100170204
100170208
100170210
100170212
100170214
100170216
100170230
100170234
100170238
100170240
100266944
100266946
100266950
100266954
100266958
100266960
100266962
100266964
100266966
100266968
100266970
100266972
100328992
100329000
100329002
100329004
100378008
100378010
100378012
100378014
100378016
100386490
100386492
100386498
100386502
100398060
100398062
100398064
100398068
100398070
100398072
100398290
100398292
100398294
101036464
101036466
101036468
101260822
101260824
101260826
101260828
101260830
101260832
101260834
101260836
101260838
101260840
101260842
101769885
101769889
101769891
101769901
101769903
101769907
101769911
101810655
101810673
101810683
101810685
101810687
101921597
101921599
101921603
101921607
101921609
101921611
101921613
101921615
101921617
101921619
101921623
101921625
101921627
101921629
101921631
101921633
101921635
101921637
101921643
101921645
101921647
101921649
101921651
101921653
101921655
101921657
101985671
101985673
101985675
101985677
101985679
101985681
101985735
102193226
102193230
102193232
102193234
102193236
102193238
102193240
102582394
102582396
102582398
102582400
102582402
102582404
102582450
102582452
102582454
102582456
102582458
102582460
102582462
102582464
102582466
102582468
102597792
102597804
102597808
102597810
102597812
102597814
102777548
102777562
102777564
103007702
103007704
103007712
103452580
103470266
103470270
103470272
103470276
103470284
103470286
103470288
103470290
103646340
103646342
103646348
103834712
104010928
104010930
104010932
104010934
104010936
104500090
104500092
104500096
104500098
104500100
104500104
104500108
104500112
104500114
104500116
104500118
104500122
104700644
104700648
104850278
104850286
104850296
104901206
104901214
104901232
104901234
104901240
104901244
104901250
104901254
104901256
104901262
104901264
104901266
104901268
104901278
104901280
104901282
104901284
104901300
104901306
104901312
104901318
104901330
104901338
104901348
104901350
104901352
104901354
104901356
104901358
104901360
104993904
105157588
105220922
105325094
105325104
105325106
105325132
105369070
105369176
105515494
105515496
105867660
105912820
105912822
105912824
105912826
105912828
105912830
105912832
105912834
105912836
105912846
105912848
105912850
105912852
105912856
105912858
105912860
105912864
105912866
105912868
105912872
105912874
105912876
105912878
105912880
105912900
106027540
106027542
106027544
106027546
106027548
106027550
106031114
106031116
106031118
106031136
106031148
106031150
106092234
106092236
106092238
106092240
106092244
106092246
106092248
106092250
106092252
106092256
106465562
106653696
106653706
106705468
106705958
106705960
106705962
106705964
106705966
106705968
106705970
106705972
106705974
106705976
106705978
106705980
106705982
106705984
106705986
106706048
106706942
106706944
106706946
106707776
106707782
106707784
106707786
106707788
106707798
106708284
106708294
106708506
106708508
106708512
106708514
106708516
106708518
106708522
106708524
106708526
106708528
106708530
106708532
106708534
106708536
106708540
106708542
106708544
106708546
106708548
106708550
106708552
106708554
106708780
106709066
106815320
106815324
106815326
106815328
106815330
106815332
106815334
106815336
106815338
106815340
106815342
106815344
106815346
106815348
106815370
106889630
106889632
106889634
106889636
106889638
106889640
106889642
106889644
106889648
106889650
106889652
106889654
106889656
106889658
106889660
106889662
106889664
106889666
106889670
106889672
106889674
106930520
106930524
106930526
106930536
106930538
106930540
107132390
107132392
107132394
107132396
107201140
107201150
107297646
107396936
107420754
107420756
107420758
107465514
107474930
107475618
107475638
107475730
107481730
107688162
107688164
107688166
107688168
107688170
107688172
107688174
107688176
107688178
107688180
107688182
107688184
107688186
107688190
107688192
107688194
107688198
107688200
107688202
107688204
107688208
107688210
107688212
107688214
107688216
107688218
107688220
107688222
107688224
107688226
107688228
107737174
107737186
107737198
107768640
108219808
108219810
108219812
108219814
109042438
109042440
109042442
109042444
109042446
109042448
109042450
109085394
109184076
109184078
109184080
109184100
109184102
109184104
109531152
109531154
109531156
109782078
110131272
110351124
110924746
110946314
110946316
110946318
110946320
110946330
110946332
110946334
110954574
110954584
110954592
110954594
110954596
110954598
110954602
110954604
110954606
110954608
110954612
110954614
110954620
110954624
110955618
110955624
110955626
110955628
110955630
110955646
110955648
110955650
110955652
110955654
110955656
110955686
110955688
110955690
110960062
110960066
111776180
111776182
111776184
111776186
111776650
111776652
111780122
111780188
112393784
112393786
112393788
112393790
112393792
112450864
112450868
112656198
112659162
112659166
112659168
112659170
113002364
113002368
113002370
113002372
113002374
113107690
113107716
113107738
113107744
113107752
113107812
113107836
113414158
113418566
113418612
113418614
113418616
113418622
113418624
113418628
113418638
113418644
113419866
113419868
113419870
113420076
113546448
113816730
113816732
113816734
113816736
113816738
113816740
113816742
113949206
113949210
113949232
113949240
113949356
113949358
113949360
113949364
113949366
113949370
113949372
113949374
113949380
113949386
113949388
113949394
113949402
113949404
113949406
113949408
113949410
113949412
113949414
113949416
113949418
113949420
113949422
113949424
113949426
113949428
113949430
113949434
113949444
113949446
113949448
113949450
113949452
113949454
113949456
113949458
113949460
113949464
113949480
113949498
113949500
113949502
113949504
113949506
113949508
113949514
113949516
113949518
113949520
113949522
113949524
113949526
113949530
113949538
113949542
113949544
113949546
113949548
113949550
113949552
113949554
113949556
113949558
113949560
113949562
113949564
113949566
113949568
113949570
114388202
114388378
114388380
114388382
114388386
114392114
114392118
114392122
114392126
114392130
114392136
114439058
114439064
114439094
114890460
114890466
115025914
115025916
115025918
115025924
115025926
115025930
115027686
115027696
115027898
115031438
115329474
115329476
115329482
115599530
115617512
115617516
115617520
115617528
115617530
116943158
116944588
116944590
116944612
116944614
116944618
116944622
116944634
116944638
116944640
116944652
117060544
117060546
117060548
117060550
117060552
117060554
117163100
117163102
117163104
117163106
117163108
117163110
117163112
117163114
117297890
117297892
117297956
117297958
117297964
117297966
117297968
117297974
117297978
117297980
117297982
117297984
117297986
117299118
117299598
117561954
117593260
117593264
117593268
117593278
117593280
117593282
117593284
117593288
117593290
117596050
117596052
117684398
117684446
117794050
118050580
118050620
118050628
118060146
118060148
118060150
118060152
118060154
118060156
118060158
118060162
118060164
118060170
118060178
118060180
118060182
118060184
118060186
118060188
118060190
118060192
118060194
118060196
118060198
118060200
118060202
118060204
118060206
118060210
118060212
118102632
118102634
118102636
118102638
118102642
118102644
118102646
118102648
118185008
118185024
118586890
118586892
118586910
118586918
118587298
118665214
118665216
118665218
118665220
118727504
118932088
118932090
118932092
118932094
118932096
118932098
118932228
118960218
118995386
118997368
119191544
119191548
119191550
119191552
119191554
119304278
119304280
119304282
119304284
119304286
119304288
119304290
119304292
119304294
119304296
119304298
119304300
119304302
119304304
119304306
119304308
119304310
119304312
119304314
119304552
119304560
119304562
119304564
119304566
119304568
119304570
119304572
119304574
119304576
119304578
119304580
119304582
119304584
119304586
119304588
119304590
119304592
119304594
119304596
119304598
119304600
119304614
119304616
119304618
119304620
119304622
119304632
119360888
119436182
119520830
119520834
119520836
119520838
119520846
119624468
119739118
119739120
119739122
119739124
119739126
119739128
119739130
119739132
119850370
120226682
120226684
120226686
120226688
120226690
120226696
120226698
120226700
120226702
120226712
120226716
120226720
120306148
120391744
120391746
120391748
120391750
120391752
120391754
120391764
120391766
120732940
120732942
120732944
120732946
120732948
120738220
120868566
121595838
121595842
121595848
121595850
121595852
121653558
121653560
121921906
121921908
121921910
121921932
121921934
121921936
121921938
121921942
121921944
121921946
121921948
121921958
121921960
121921962
121922608
121922610
121922612
121922616
121922618
121924078
121924080
121924082
121924084
121924086
121924088
121924798
121926100
121926102
121926106
121926108
121926110
121926112
121926114
121926116
121926118
121926120
121926122
121926472
121926534
121926536
121926538
121926540
121926542
121926544
121926546
121928710
121928712
121928714
121928716
121928718
121929052
121929068
121929072
121929078
121929082
121929086
121929090
121929096
121929098
121929122
121929124
121929128
121929134
121929138
121929142
121929144
121929148
122243006
122243010
122243012
122271732
122271734
122271736
122271738
122271740
122271742
122271746
122271748
122271750
122271752
122271754
122271756
122271758
122271760
122271762
122271764
122271766
122271768
122271770
122345044
122345046
122345048
122345050
122345052
122345054
122345062
122345064
122345066
122345072
122345078
122345080
122440010
122440012
122440014
122440016
122440018
122440020
122499864
122499866
122518688
122518690
122518692
122518694
122518696
122518698
122518738
122568864
122624554
122624556
122624558
122624560
122624562
122624564
122624582
122624586
122624590
122624592
122624596
122643132
122643134
122643138
122643140
122643142
122787466
122787478
122787480
122787482
122787484
122787486
122787488
122787490
122787492
122787494
122787496
122787498
122787500
122787502
122883002
122883020
122883288
122883302
122883306
122883310
122883314
122883318
122883326
122883330
122883334
122883338
122883378
122883384
122963822
123052810
123240088
123240090
123240092
123240094
123279910
123280480
123295038
123345308
123433012
123433016
123433052
123433064
123433070
123457006
123457008
123457010
123457012
123463046
123493192
123493194
123493196
123493200
123590066
123848512
123881200
123881202
123881204
123881206
123881208
123881210
123881260
123881262
123881264
123881266
123881268
123881270
123881272
123881274
123881276
123881284
123881290
123881354
123881358
123881360
124185112
124194716
124194726
124194728
124194730
124197554
124197556
124197558
124197562
124197564
124197566
124197568
124197572
124197576
124197578
124197580
124197582
124197586
124197588
124197590
124197592
124197598
124197600
124197602
124197604
124197608
124197610
124197614
124197620
124197624
124197630
124197634
124197636
124197638
124197642
124197644
124197646
124197648
124197650
124197652
124197654
124197656
124197658
124197660
124197662
124197664
124197666
124197668
124197670
124197672
124197676
124197680
124197682
124324552
124434664
124455298
124455300
124455302
124455304
124455306
124455308
124455314
124455316
124455318
124455320
124455322
124455324
124455326
124455328
124455330
124455332
124455334
124455336
124455338
124455346
124455348
124455350
124455352
124455354
124455356
124603796
124603800
124603804
124603808
124603810
124603812
124603816
124603830
124623746
124848844
124848846
124995804
124995806
124996196
124996198
124996204
124996214
124996218
124996220
124996226
124996228
124996238
124996250
124996274
124996278
124996280
124996284
124996290
124996310
124996322
124996326
124996328
124996330
124996332
124996334
124996336
124996340
124996344
124996346
124996348
124996354
124996356
124996358
124996360
124996362
124996382
124996384
124996388
124996390
124996394
124996396
124996398
124996402
124996406
124996434
124996440
124996448
124996454
124996456
124996458
124996460
124996466
124996468
124996470
124996474
124996492
124996494
124996496
124996500
124996576
125005574
125524290
125524294
125524296
125524308
125524312
125524314
125524316
125524318
125524322
125524324
125524330
125543656
125669544
126054669
126278191
126278211
126368101
126368105
126368109
126368113
126368115
126368131
126368135
126368139
126368143
126368145
126368147
126370801
126470293
126470297
126642057
126642061
126642065
126772643
126906895
126972183
127821009
128181693
128289055
128289057
128289059
128289073
128289075
128289077
128319291
128319297
128473373
128474141
128474149
128893356
128893358
128893360
128893362
128893364
128893366
129052988
129309602
129379334
129379342
129433108
129515970
129515972
129515974
129515976
129515978
129515980
129515986
129580542
129580544
129580712
129580714
129580716
129580718
129580720
129580722
129580724
129580726
129580728
129593142
129593146
129593148
129719044
129719064
129719066
129719068
130415436
130415438
130415440
130417920
130425928
130425932
130425938
130504428
130504436
130853422
130853424
130853426
130853428
130935412
130935418
130935420
130935422
130935424
130935426
130935428
131232302
131232304
131232306
131232308
131232314
131232320
131232322
131232324
131232326
131339816
131339820
131340968
131340974
131486208
131486210
131486212
131588192
131588194
131588196
131588198
131588200
131588210
131588212
131588214
131588216
131623418
131623420
131623422
131623424
131708436
131708438
131708440
131708442
131708444
131708446
131708448
131708450
131708452
131708454
131708456
131708458
131708460
131708462
131708464
131708466
131708468
131708470
131708476
131708478
131708480
131708482
131708486
131708488
131708490
131708496
131708498
131708500
131708502
131708504
131708508
131708510
131708512
131708514
131708520
131708522
131708524
131708526
131708528
131708530
131708532
131708536
131708538
131708540
131720254
131738044
131738046
131738050
131738052
131738054
131738060
131738062
131738064
131743650
131743654
131743656
131743658
131743668
131743670
131744232
131744234
132462078
132462080
132462084
132476724
132543690
132543692
132543694
132711132
132711134
132880744
132880758
132880760
132929000
132929004
132929006
132929012
133011204
133011206
133011208
133095318
133203452
133203454
133203456
133203470
133203474
133366494
133366498
133366500
133366502
133366510
133366514
133366516
133366528
133366530
133366534
133366538
133366544
133533966
133578984
133578994
133578996
133578998
133581884
133581912
133582828
133582830
133582832
133582834
133582836
133582838
133582840
133582842
133582844
133582846
133582848
133582850
133582852
133582854
133582856
133582858
133582860
133582862
133582866
133582868
133582870
133584594
133584600
133584606
133584610
133694560
133694568
133694570
133694572
133694574
133694578
133694580
133694586
134024512
134024516
134024518
134024520
134024528
134027584
134033264
134033266
134033268
134033270
134033272
134033274
134033276
134033278
134033280
134033282
134033284
134033286
134033290
134033292
134033294
134033296
134033298
134033314
134033316
134033322
134033326
134033328
134033330
134033332
134033338
134033340
134033348
134033352
134033380
134033386
134033460
134033462
134033464
134033466
134033468
134033470
134033472
134033474
134033476
134033478
134033486
134033514
134033528
134033534
134033550
134033552
134033554
134033556
134033606
134033608
134033610
134033616
134033618
134033628
134033630
134033632
134033634
134033636
134033638
134135148
134135150
134135152
134135154
134135156
134135158
134135160
134135162
134135164
134135200
134240642
134240644
134240646
134369488
134608993
134625815
134625819
134633126
134633128
134633130
134633132
134633134
134633136
134700330
134700332
134700334
134700336
134718528
134718542
134718548
134718550
134951902
134951904
134951914
134951918
134952082
134952094
134952120
134952124
134952128
134952130
134952132
134953150
134953156
135008928
135008958
135008962
135365958
135365970
135366972
135366974
135366978
135366980
135366982
135366984
135366986
135366988
135367000
135367010
135367016
135367020
135367022
135367038
135367048
135367056
135367082
135367086
135368812
135368818
135368820
135368822
135368838
135368840
135368842
135368844
135373446
135373450
135373452
135373456
135374714
135374720
135374742
135416140
135444054
135444056
135444182
135444184
135444188
135444284
135444286
135444288
135461744
135461746
135461750
135461792
135461794
135461796
135461800
135461802
135461804
135461808
135543432
135543436
135543438
135543450
135543458
135543462
135543464
135543466
135543468
135543470
135874402
135882518
135882528
135980606
135980608
135980610
135980612
135995002
135995124
136009162
136185124
136329354
136329356
136548072
136548080
136632876
136632882
136714502
136804124
136804128
136804130
136804138
136804142
136804150
136804158
136804160
136804162
136804172
136804174
136804236
136804240
136804242
136804390
136804420
136804426
136804432
136804438
136806056
136806070
136806074
136831806
136831814
136855878
136897202
136897204
136897206
136897208
137037882
137130118
137130120
137130122
137130330
137130332
137200290
137300916
137300924
137301358
137301374
137301378
137380110
137380112
137380114
137380116
137380118
137714189
137714193
137714195
137714201
137726173
137726179
137837467
137837469
137837477
138132191
138132207
138132209
138132211
138132213
138132215
138132291
138132293
138132415
138312727
138312733
138312737
138312739
138312741
138312743
138312745
138312747
138312749
138312751
138312753
138312755
138312757
138312759
138312761
138542063
138542259
138542261
138607497
138607499
138624965
138624969
138624971
138624973
138624975
138624977
138624979
138624981
138624983
138624985
138624987
138624989
138624991
138625283
138625285
138625287
138625291
138625293
138625295
138625297
138625299
138625389
138625391
138625393
138625395
138625397
138625399
138625401
138625403
138637233
138637235
138637237
138637239
138637253
138637255
138637257
138637259
138637261
138637263
138763149
138763151
138763153
138763155
138763157
138763159
138763161
138776827
138776845
138776847
138776851
138776853
138776855
138776861
138776875
138776877
138776879
138776881
138776883
138776885
138776889
138776897
138872133
138872135
138872137
138872139
138872141
138872143
138872145
138872147
138872149
138872151
138872153
138872155
138872157
138872159
138872161
138872163
138872165
138872167
138872169
138872171
138872173
138872175
138872177
138872179
138872181
138872183
138872185
138872187
138872189
138872191
138872193
138872195
138872197
138872199
138872201
138872203
138872205
138872207
138872209
138872211
138872213
138872243
138872247
138872249
138872251
139354685
139354693
139354695
139414657
139414659
139414661
139414665
139418621
139423177
139423179
139423183
139423185
139423187
139423193
139423201
139423205
139423209
139423213
139423215
139423217
139423289
139427331
139427333
139427467
139427469
139427473
140183343
140183355
140183363
140183365
140183369
140197927
140197929
140197931
140197933
140337307
140337457
140337461
140747765
140747767
140747769
140747771
140747773
140747775
140747777
140852563
140944783
140944785
140944787
140944841
140944843
140944845
140944847
140944849
140944851
140944853
140944855
140944857
140944859
140944861
141160121
141162343
141166951
141259081
141259083
141259085
141259087
141259089
141259091
141259093
141259095
141259097
141259099
141259101
141259103
141259105
141259107
141259109
141259111
141259113
141259115
141259119
141259121
141259123
141259125
141259127
141259129
141259131
141259133
141259137
141259139
141259141
141259143
141259145
141259147
141259149
141259151
141259153
141259155
141259157
141259159
141259161
141259163
141259165
141259167
141259169
141259171
141259173
141259175
141313117
141334577
141334579
141334581
141334585
141334587
141334589
141334723
141334729
141334741
141345591
141345593
141345595
141345597
141345599
141345601
141345605
141345607
141345609
141345611
141496759
141650245
141650247
141650249
141650251
141650253
141650255
141650257
141650259
141741559
141741561
141741563
141741565
141741567
141781303
141820873
141820875
141820877
141820881
141820883
141820885
141820887
141820889
141820891
141820893
141820895
141820897
141820901
141820903
141820905
141820907
141820911
141820913
141820915
141826163
142004875
142341511
142341517
142341521
142341525
142341527
142344127
142497107
142497109
142497113
142497115
142497117
142497119
142497121
142497123
142497125
142497127
142497129
142497131
142497133
142497135
142497137
142497139
142497141
142497143
142497145
142497147
142548290
142548292
142548294
142548296
142548298
142548300
142548304
142548310
142548326
142548328
142548330
142548332
142743422
142743436
142743438
142743440
142743442
142743444
142743450
142743452
142744150
142744152
142744158
142744160
142744162
142744166
142744170
142744172
142744176
142744178
142744182
142744186
142744188
142744194
142744196
142744202
142744206
142744216
142748468
142748472
142748476
142748478
142748482
142748488
142748490
142748492
142748494
142748496
142815788
142815790
142815798
142815800
142815808
142815810
143044138
143044194
143258250
143277212
143280874
143447764
143575340
143575342
143778884
143778890
143778900
143782840
143782842
143782850
143782856
143782858
143782860
143782862
143932616
144234012
144392758
144426938
144426942
144426946
144426954
144597196
144597200
144623904
144623906
144623914
144623916
144672316
144672320
144672322
144672324
144672352
144672354
144672356
144793214
144793216
144793218
144793220
144938470
144938574
144938576
144938600
144938602
144938604
144938694
144938696
144938700
144938702
144938704
144938882
144938886
144938890
144938962
144938964
144938966
144938968
144938970
144938974
144938978
144939054
144939116
144939118
144939120
144939130
144939132
144939134
144941778
144941782
144941788
144941790
144941792
144941800
144942134
144942138
144942140
144942144
144942182
144942184
144942190
144942192
144942352
144942356
144945312
144945316
144945318
144945320
144945322
144945512
144945514
144945536
144945538
144945546
144945554
144945562
144945564
144945570
144945984
144945986
144945988
144945990
144945992
144945994
144945996
144945998
144947032
144947036
144947040
144947070
144947088
144947090
145357338
145357344
145357350
145357352
145357354
145423240
145423242
145423244
145423246
145423248
145423250
145423830
145423834
145423836
145423842
145426314
145426772
145426830
145426834
145426836
145613652
145613656
145613658
145613664
145613672
145613696
145613704
344936741
344942141
344942151
346143981
346272301
346421471
346421491
346421501
346421521
346421531
346421541
346449351
346643301
346643311
346643321
346643331
346643371
346643381
346643391
347268481
347274571
347274581
347274591
347274601
347274611
347274621
347274631
347274641
347274651
347604821
347604851
348163981
348163991
348164001
348164181
348164871
348165361
349056861
349056871
349056881
349056891
349056901
349056911
349056921
349056931
349056941
349056951
349056961
349056971
349056981
349056991
349236461
349236471
349452981
349510801
349510811
349510821
349510841
349786811
349786821
349786831
349786841
349786861
349786871
349786881
349786901
349786911
349786941
349786951
349786961
349786971
349786981
350011111
350011131
350824771
350824781
350824791
353456641
355136721
355136731
355136741
355136751
355136851
355136861
355136881
355137031
355137041
355137101
355137111
355137201
355137211
355137231
355137241
355137251
355137261
355137271
355137361
355137371
355137381
355137391
355137401
355137441
355137481
355720851
355720971
355721271
357756001
357756011
357756021
357756031
357756321
358544601
358544761
358544771
358544781
358544791
358544801
361100301
361100341
361100351
361100421
361100461
361100631
361347571
361348671
361348731
361349201
361349221
361349231
361353301
361353321
361353421
361353441
361353461
361674001
361674011
361674021
361674031
361674041
361674051
361674131
361674201
361674221
361674231
361674241
361674271
361674301
361674331
361674531
361674561
361674571
362632251
362749121
363758801
363758821
363758831
363759091
363759441
363785311
363786201
363786211
364830351
364830361
364830371
364830381
364830391
364830401
364830451
364830461
366405271
366405281
366405291
366405301
366405311
366405321
366405331
366405341
366405351
366405371
366405381
366405401
366405411
366405421
367952391
367952401
367952411
367952421
367952431
369486811
369486841
369486901
369486911
369486931
369486941
369486951
369701981
369702421
370364241
371513081
371513101
371513111
371513121
371513131
371513151
371513171
371513201
371616641
371948101
371948111
371952671
371952681
371952721
371952731
371952781
371952811
371952851
371952901
371952941
371952951
373402701
373402711
373402721
374146461
374146471
374146481
374146491
374146501
374146511
374146521
374564751
374564761
374564771
374564781
374564791
374564801
374564811
374564821
374784871
374784891
374784901
374784921
374784931
374784961
374784971
376974861
376978351
376978481
377304291
377415411
377415431
377415451
377415461
377415501
377415621
377415641
377415651
377415661
377415691
377415701
377415711
378049771
378529041
378740611
378740881
378787771
379028881
379028891
379028901
379028911
379700881
380439041
381169111
381169131
381169141
381169151
381169161
381169171
381169181
381169191
381169201
381169211
381169231
381169241
381169251
381169271
381169281
381169291
381169301
381169311
381169321
381169331
382391371
382391381
382391391
382391401
382391411
382391421
382391431
382391501
383502391
383826921
383826931
383826961
383826971
383826981
383827521
383827571
383827601
383827611
383831531
383831581
383831601
385088371
385879761
385879771
385879791
385879891
385879901
385879951
385879961
385879981
385879991
385880001
385880031
385880041
385880051
385880081
385880101
385880271
386053781
387673271
387673381
388194991
388280711
388280721
388280731
388280741
388280751
388280761
388280771
389004711
389868471
389868491
389868501
389868511
389868521
389868561
389868591
389868651
389868661
389868731
389868741
391236172
391433002
391433022
391433032
391433042
391433052
391433062
391433072
391433082
391433092
391433102
391747232
391747462
392082262
392083152
393181012
393181052
394505962
394506022
395319722
395319732
395319742
396420822
396420832
396420842
396420852
396420862
396420872
396420882
396420892
396420902
396420912
396420922
396420932
396420942
396420952
396420962
396420972
396451682
396456612
396561342
396561412
396562032
396562052
396562062
396562072
396562082
396562092
396562102
396562242
396562282
396562302
396562312
396562322
396562332
396562342
396562352
396562382
396562412
396562442
396562452
396562462
396563032
396563042
396563052
396563072
396563112
396563122
396563132
396563172
396563182
396563192
396568412
396568502
396568512
396568542
396568552
396568562
396568612
396568622
396568632
396568642
396569352
396569362
396569372
396569392
396569402
396569412
396569422
396569432
396569442
396569452
396569462
396569482
396576392
396576402
396576412
396576422
396576432
396576442
396576452
396576462
396576472
396576482
396580252
396580262
396580272
396580282
396580292
396586372
396587122
396587132
396587142
396587152
396587162
396587172
396587182
396587192
396587202
396587212
396587222
396587232
396587242
396587252
396587262
396587272
396587282
396587292
396587302
396587312
396587322
396587332
396587342
396587352
396587362
396587372
396587382
396593402
396593412
396593422
396593432
396593442
396593462
396593492
396593502
396593512
396593522
396593532
396594142
396594152
396594162
396594172
396594182
396594192
396594202
396594222
396594722
396594732
396594742
396594752
396594762
396599592
396599602
396599612
396599622
396605412
396605472
396605482
396629312
396629322
396629372
396629422
396629532
396629542
396632262
396632272
396632282
396632292
396632382
396643082
396643152
396651152
396685592
396685602
396685612
396702722
396702732
396702742
396702782
396702792
396702802
396702842
396703752
396703762
396709132
396712062
396712072
396712082
396712092
396712112
396712122
396712132
396712142
396712152
396712162
396712172
396712182
396712212
396712222
396712252
396712882
396714302
396714312
396714402
396719482
396719492
396719502
396719512
396719522
396719532
396719542
396719552
396719562
396719572
396719582
396719592
396719722
396720012
396720022
396720042
396720052
396720062
396720072
396720082
396721602
396721612
396722722
396722732
396722742
396722752
396722762
396722772
396722852
396722862
396722872
396722882
396722902
396722912
396722922
396722932
396722942
396722952
396722962
396722972
396722982
396722992
396723012
396723022
396723032
396729792
396729802
396729812
396729822
396729832
396729842
396729852
396729862
396730712
396731972
396731982
396731992
396732002
396732012
396732702
396733352
396733362
396733372
396736252
396736272
396736282
396736292
396736302
396736322
396737432
396737502
396737512
396737522
396737552
396737602
396737662
396737672
396738032
396738482
396740732
396740752
396752642
396752652
396752702
396752712
396752722
396756082
396756092
396756102
396756112
396756122
396756132
396756142
396756152
396761622
396761632
396761642
396761652
396761662
396761672
396761682
396761692
396761702
396761712
396761722
396761732
396761742
396761752
396761762
396761772
396761782
396761792
396761802
396761812
396761822
396761832
396761842
396761862
396761872
396761882
396761892
396761902
396761912
396761922
396761932
396761942
396761952
396761962
396761972
396761982
396761992
396762002
396762012
396762022
396762032
396762042
396774892
396774902
396774912
396774922
396774932
396774942
396774952
396774962
396774972
396774992
396775002
396787062
396787072
396787082
396787092
396794412
396794422
396794462
396798312
396798322
396798332
396798342
396798352
396798362
396798372
396798382
396798392
396798402
396798412
396798422
396802532
396804622
396804692
396804862
396804872
396804882
396807002
396807012
396807022
396807032
396807042
396807052
396807062
396807072
396807082
396807092
396807102
396807112
396807122
396807132
396807142
396807152
396807162
396807172
396807192
396807202
396807212
396807222
396807232
396807242
396807252
396807262
396807282
396807292
396807302
396807312
396807322
396807332
396807342
396807352
396807362
396807372
396807382
396807392
396807402
396807412
396807422
396807432
396807442
396807452
396807462
396807472
396816892
396821012
396821512
396821522
396821552
396821562
396821572
396821612
396821622
396823152
396823332
396823402
396823412
396833832
396833912
396833942
396833992
396834042
396834072
396834112
396834122
396838772
396838782
396838792
396838802
396838812
396838832
396838862
396838872
396840202
396840212
396841682
396844412
396844772
396847202
396847212
396847232
396848552
396848802
396855122
396855142
396855152
396855312
396855322
396871792
396871812
396871822
396871952
396871962
396871972
396874462
396874472
396874482
396874492
396874502
396874512
396874522
396874532
396874542
396874552
396874562
396874572
396874582
396874592
396874602
396874612
396874622
396874632
396874642
396874652
396874662
396874672
396874682
396874692
396874702
396874712
396874722
396874732
396874752
396874762
396874772
396874782
396874792
396874802
396874812
396874822
396874832
396874842
396874852
396874862
396874872
396874882
396874892
396874902
396875942
396875952
396875962
396875972
396875982
396875992
396876002
396876012
396876022
396876032
396876052
396876062
396876072
396876092
396876112
396876132
396876152
396876172
396876192
396876202
396876212
396876222
396876232
396876242
396876252
396876262
396876272
396876282
396876292
396876302
396890792
396900912
396901002
396901622
396901632
396901642
396901662
396901672
396901682
396901692
396901702
396901712
396901722
396901732
396901742
396901752
396901762
396901772
396901782
396901802
396901812
396901822
396913722
396913732
396913742
396913752
396913762
396913772
396913782
396913792
396913802
396913812
396913822
396913832
396919212
396919222
396919282
396919292
396919312
396919352
396923982
396924002
396924012
396924182
396924202
396924232
396929042
396929052
396929062
396931742
396931752
396931762
396931812
396931822
396931842
396931852
396931862
396931872
396931882
396931892
396931902
396931912
396933242
396933352
396934082
396934222
396941952
396949162
396949182
396950452
396950462
396950472
396950482
396950502
396950512
396950522
396950532
396950542
396950552
396950582
396950592
396950602
396950612
396950622
396950632
396950642
396950652
396950662
396950672
396950682
396950722
396950732
396950752
396950762
396951272
396951282
396951292
396951312
396959402
396959412
396961932
396961952
396961962
396961992
396962002
396962052
396962082
396962502
396962622
396964792
396964802
396968872
396968882
396968892
396968902
396968912
396968922
396968932
396968942
396968952
396968962
396968972
396968982
396968992
396969002
396969012
396969332
396969342
396969372
396974172
396974192
396974202
396974232
396974242
396974262
396974622
396974672
396974692
396977012
396977022
396977032
396977042
396977052
396977062
396979542
396979652
396979662
396979672
396998122
396998132
396998142
396998152
396998202
396998212
396998232
396998242
396998252
396998262
396998272
396998282
396998292
396998302
396998312
396998362
396998392
396998422
396998442
397001132
397001152
397001172
397001182
397001192
397001222
397001232
397001242
397001252
397006052
397006062
397006072
397006082
397006092
397006102
397006122
397006132
397006142
397006162
397009092
397009102
397009112
397009322
397009332
397011862
397011872
397011882
397011892
397011902
397011912
397011922
397011932
397011942
397011952
397011962
397011972
397011982
397012012
397012022
397536942
397536952
397536962
397536972
397536982
397536992
397537002
397537022
397537032
397537042
397537062
397537092
397537102
397537112
398533192
398533202
398533222
398533262
398533272
398533652
398533662
398533672
398533682
398579942
398853152
399092132
399092162
400073552
400073612
400073632
400736172
400770682
400771702
400771712
400771722
400771732
400771742
400771752
400771762
400771792
400771802
400771812
400771822
400771852
400771862
400771872
400771882
400787752
400787762
400787772
400787782
400787802
400787812
400787822
400787842
400787862
400787942
400844712
400844722
401218082
401218092
401218102
401218112
401218122
401218132
401218142
401218152
401218162
401218532
401218632
401218652
401218662
401218672
401218682
401218692
401227742
401227752
401227772
401227782
401227802
401227902
401229822
401456982
401486012
401486022
401486032
401486042
401937202
401937212
401937222
401937232
401937242
402707952
403370452
403370462
403370512
403370522
403370532
403370542
403370552
403370562
403370572
403370582
404169722
404169732
404169742
404169752
404169762
404574082
405684732
407624962
407624972
407624982
407624992
407625002
407625012
407625022
410093032
410093082
410093122
410308552
410308562
410308572
411222582
411222592
411222602
411222612
411222622
411957102
411957112
411957122
411957132
411957142
411957152
411957162
411957172
411957182
411957192
411957202
411957212
411957232
411957242
411957252
411957262
412535742
412535762
412535772
412535812
412535822
412535832
412535842
412535852
412535862
412535872
412535882
412535892
412535902
412535912
412535922
412556352
412702812
412702822
412702832
412702842
412702852
412702862
412702872
412702882
412702892
413829372
414902902
414902912
414902922
414902932
414902982
415027092
415027122
415637732
415637742
415637762
415637772
415637782
415733562
415733582
415733592
415745312
415745332
415745342
415745352
415745362
415745372
415745382
415745392
415745412
415745422
415745432
415745442
415745452
415745462
415745472
415745482
415745532
415745542
415745562
415745572
415746122
415746132
415746162
415746172
415746182
415746192
415999362
416172422
416172432
416172452
416172462
416172472
416172482
416172492
416172502
416172512
416172522
416172532
416172542
416172552
416258792
419886052
419886062
419886072
419886692
420704522
420704542
420704562
420718192
420721942
420999682
420999692
420999702
420999712
420999722
420999732
420999742
421825682
421825692
421825702
421825712
421825722
421825762
421953492
422206002
422230472
422350972
422350982
422350992
422351002
422351012
422351022
422351032
422351412
422351452
422351462
422351472
422351912
422351952
422428552
426326722
426326852
426326932
426327542
426327552
426327562
426327572
426327582
426327592
426327602
426327612
426327622
426416562
426416632
426417952
426417992
426423592
426423612
427220992
427221002
427221012
427221032
427221042
427221052
427221062
427221072
427221092
427221102
427221152
427557062
428446122
428568252
428568262
429648532
429648612
429649032
429649062
429649092
429649162
429649172
429649202
429649242
429649252
429649622
432942392
433179772
433179782
433179792
433179802
433179812
433179822
433179832
433179842
433179852
433179862
433179872
433179882
433179892
433179902
433179912
433179922
433179932
433179942
433179962
433179972
433179982
433179992
433180002
433180012
433180032
433180042
433180052
433180062
433180072
433180082
433651862
433651962
435812962
435814272
435814282
435814292
435814302
435814312
435814322
435814332
435814342
435822582
436309112
436338442
436338452
436338462
436344762
436344772
436344782
436344792
436344952
436344962
436344972
436344982
436344992
436442362
436442372
436442382
436442392
436442402
436442412
436442422
436538042
436538052
436538062
436538072
436538082
436538162
436538172
436538372
436767622
438585132
438838972
440163052
440163062
440163072
440163082
441433122
442023192
443005352
443246092
444576772
444576782
444686762
444686772
444686782
444686792
444686832
444686882
444686892
444686902
445247082
445247092
445247102
446211542
446211672
446211682
446211692
446211702
446211712
446211722
446211732
446211742
446211752
446211762
446211772
446723312
446723432
446723792
446723802
446723992
446724002
446724092
446724102
446724112
446724132
446724142
446724182
446726052
446726082
446726092
446726132
446726202
446726362
446726372
446830422
446830432
446830452
446830462
446830502
446830562
446830572
446830582
446830592
446830602
446830612
446830622
446830672
446830682
446830692
449071212
449071222
449071232
449071282
449188072
449536282
449536292
449536312
449536332
449536342
449536352
449536362
449536382
450178282
450178332
450344662
450344672
450344682
450344692
450344702
450344712
450993892
451081192
451081212
451081222
451081232
451081242
451081252
451081262
451081272
451081292
454304532
455301192
455301202
456893202
456949282
456949332
456949342
456949762
457297402
457297412
457297422
457297432
457297442
459550882
459550902
459550912
459550922
459550952
460183822
460183832
460183842
460183852
460183862
460183942
460265312
460265322
460265332
460265622
460265632
460265642
460265652
460265662
460265672
460265682
460265692
460265702
460265712
460265722
460265732
460265822
460265852
460265862
460265912
460265942
460265952
460265962
460265972
460265982
460265992
460266002
460266012
460266022
460266032
460266042
460266052
460266062
460266072
460266082
460266102
460266112
460266132
460266142
460266152
460266162
460266192
460266202
460266212
460266222
460266282
460266292
460266302
460266322
460266412
460269852
460270002
460270022
460279222
460279362
460279412
460280322
460280332
460291302
460291312
460291322
460291352
461335272
462803642
462803672
462803702
462803712
462803732
462804022
462804032
462804042
462804052
462804062
462804072
462804082
462804092
462804112
462804172
462804182
462804202
462804232
462804262
462804272
462804282
462804292
462804302
462804332
462804342
462804352
462804492
462804502
462804512
462804522
462804782
462804942
462805092
464476592
464476602
464476612
464476622
465655212
465953932
465953972
469117672
469117682
469117702
469117712
469117722
469117732
469117742
469117752
470001652
470001662
470001672
470001682
470001732
470388282
470388292
470388302
470388312
470388322
470388332
470388342
470388352
470388372
470388382
470388392
470388402
470388412
470388422
470512712
471576432
471576472
472146362
472146372
472785112
472785122
472785132
472785142
472790482
472790502
476114882
476525082
476525092
476525222
477337322
478183262
478183272
481372672
481372782
484720252
484720262
484720272
484720322
484720332
484720342
484720352
484720412
484720482
484720602
484720612
484720652
484720662
484720702
484720712
484720722
485064282
485064382
485064402
485064452
485303402
485958852
485958862
485958872
486183052
486871192
486871202
486871212
486871222
486871242
488072752
488072762
488072772
488072782
489105922
489105932
489108692
489108702
489108722
489116072
489116082
489116092
489116102
489116112
489116132
489116272
489116282
489116292
489116312
490753612
490753622
490753632
490753642
490753652
490753662
490753702
490753712
490753722
490753732
490753742
490753752
490753822
490753832
490753842
490753892
490753952
490753972
490753992
490754002
490754072
490754102
490754112
491302202
491302212
491302222
491990192
491990222
491990252
496631322
497216082
497216102
497216142
497216152
497216162
497216422
497270352
497270362
497270372
497270382
497270392
497270402
497270412
497270422
497270432
497270492
497270502
497270512
497270522
497270532
497270542
497270552
497270562
497270572
497931252
497931262
497931272
497931282
497931292
497931302
498194642
500014382
500014462
500302312
500302332
500302342
500302352
500302362
500302372
500302382
500302392
500302402
500302422
500302432
501131362
504320692
504320702
504320712
504320722
504320732
504320742
504320752
504320762
504320772
504794712
504794752
504794762
504794772
504845762
504845772
504845782
504845812
504845822
504845832
504845912
504943942
504943952
504943962
504943972
504943982
504943992
504944002
504944012
505087082
505087152
505087162
505087202
505786722
505786732
505786742
505786762
506567602
506567612
506656162
506656172
506656182
506656192
506686872
506687072
506687082
506687092
506687102
506687112
506687122
506687132
506687152
506687602
506687612
506687622
506687632
506687692
506962142
506962282
506962292
506962352
506962362
507019692
507019702
507019712
507020362
507020372
507020382
507020442
507020812
507020842
507021452
507022492
507022502
507022512
507022522
507022862
507030272
507030622
507030642
507031062
507046442
507046452
507046472
507993302
508792962
508802092
508802102
508802122
508802142
508802162
508802252
508802262
508802292
508808812
508809092
508815062
508816592
508818932
508818962
508818972
508818982
508818992
508819002
508819012
508819022
508819032
508819042
510430372
510430382
510430392
510430412
510430432
510430442
510430452
510430462
510430472
510558902
510558922
510558942
510669232
510674752
510674762
510674772
510674782
511040412
511045972
511045992
511046002
511046012
511443982
511444132
511460942
511609302
511609312
511805582
512666822
512666832
512666842
512904992
512905032
512905042
512905052
513095532
513095542
513161682
513826492
513826502
513826562
513826752
514896682
515425482
515425512
516169922
517078702
517246982
517568272
517568282
517568292
517568322
518488052
518488122
518735952
518735962
518735972
519934672
519934682
519934692
519934842
519934852
519934872
519934892
519934922
519934932
519934962
519934972
519934982
519935002
521610862
521610902
521610912
521627682
521627692
521627702
521627712
521633112
521633122
521633132
521633222
521633232
521633242
522263022
522263082
522500202
523091512
523091532
523091542
523091552
523091562
523323152
523323162
523323192
523323202
523323212
523592992
523593002
523595832
523595842
523595852
523596462
523596482
523596742
523596752
523606702
523608232
523608242
523608252
523608292
523608302
523608322
523608332
523608342
523608352
523608362
523608372
523608382
523608392
523608402
523608442
523608452
523608462
523608502
523608512
523608522
523610342
523610372
523610382
523610392
523610402
523610412
523610422
523610462
523610472
523610482
523610492
523610592
523610602
523610612
523610682
523610692
523610702
523617962
523617972
523617982
523618772
523618782
523618792
523618802
523618822
523618832
523618842
523618852
523912342
525293512
525293522
525293532
525787242
525787272
525787292
525787422
526099862
526099932
526099942
526537022
526537082
526537212
527548911
527548931
527548951
527548971
527549041
527549051
527549081
527549091
527549141
527549231
527549251
527549281
527549341
527549411
527549441
527549451
527549461
527556851
527557101
527557181
527557291
527557301
527557311
527557321
527562131
527562221
527562231
527562241
527562251
527562531
527572061
527572081
527572101
527572111
527572121
527572131
527572141
527572151
527572161
527572171
527572191
527572201
527572211
527572221
527572231
527575021
527575031
527575041
527575051
527575071
527575081
527575091
527575101
527575121
527575141
527579311
527579441
527581651
527581671
527581681
527581691
527581701
527581711
527581721
527581731
527581741
527581751
527581761
527581771
527581781
527581791
527581801
527581811
527581821
527581831
527581841
527581851
527657211
527914631
527914721
527914741
527932131
527932141
527932151
528495711
528495721
528495731
528495741
528495751
528495761
528495771
528495831
528496291
528496311
528496321
528496331
528496461
528496471
528496481
528496491
528496501
528496511
528496521
528496541
528496551
528496561
528496591
528496691
528496731
529075691
529075701
529075711
529604581
529604831
529605101
529605191
529605271
529605651
529605661
529605881
529606161
529611321
529611331
529611341
529611501
529611511
529611521
529611531
529611541
529611551
529612001
529612141
529614121
529614131
529614141
529615111
529615151
529615201
529615431
529615441
529615451
529615461
529615471
529615481
529621181
529621211
529621251
529621591
529621611
529622701
529622741
529622751
529622761
529623531
529623541
529623551
529623571
529623581
529623591
529623601
529623611
529623621
529623631
529623641
529623651
529623661
529623671
529623711
529623721
529623731
529624401
529624411
529624421
529624431
529624441
529624451
529624461
529624471
529624481
529624491
529624501
529624511
529624521
529624531
529624541
529624551
529624561
529624571
529624581
529624591
529624601
529626231
529629641
529629651
529629661
529629751
529629771
529629781
529629791
529797011
530676761
530676801
530676811
530676821
530676831
530676841
530730721
530760641
530760651
530760741
530760751
530760761
531233711
531410631
532425492
532425552
532425582
532425592
532425602
532425612
532425622
532425642
532425662
532426862
532426872
532426882
532426892
532426902
532426912
532426932
532426942
532426952
532426962
532426972
532426982
532427002
532427012
532427032
532633552
532633562
532633572
532633582
532633602
532633622
532633632
532968902
532968922
532969012
533264872
533264912
533264962
534741852
534741862
534741872
534755792
534755812
534755922
534755942
535734232
535739802
535739822
535739832
535739842
535739852
535739862
535739892
535739902
535739912
535739922
535847652
535847662
535847672
535847682
535847692
535847702
535847832
535853462
535853472
535853482
535853562
535853572
535853582
535853592
535853632
535853642
535853652
538239172
538239182
538239192
538239202
538239212
538239222
538239232
538239532
538239542
538239562
538242682
538242692
538242702
538249632
538249642
538249652
538249662
538249672
538249682
538249692
538249722
539143552
539701302
540492652
540492662
540492672
541542812
541542882
541542892
541935022
542563102
542616622
542616632
542616642
542616652
542616662
542616712
542616722
542616732
542616772
542616782
543131652
543131662
543131672
543131682
543131692
543131702
543131732
543131742
543131752
543131762
543137452
543137472
543139802
543505642
543505652
543506092
543506502
543856692
543856702
543856822
543856832
543856932
543857052
543857062
543857072
543857092
543857102
543857112
543857122
543857132
543879652
543879662
543879672
543879682
543879692
543879702
543879712
543879722
543879732
543879882
543879892
543879902
543879942
543879952
543879972
543880412
543880422
543880582
543880672
543880682
543880692
543880782
543880792
543880802
543880812
543880822
543881152
543924592
543924672
543924692
543924702
543924712
543924722
543924732
543924742
543924752
543924762
543924772
543924782
543924842
543924852
543924862
543924872
543924892
543924902
543924912
543924922
543924982
543924992
543925012
543925032
543925072
543925082
543925092
543925102
543925112
543925132
543925142
543925152
543925212
543925242
543925282
545803972
546241482
546241512
546939622
547422532
547422542
547422552
547663122
547663142
547663202
547883762
547883782
547883802
547883842
547883852
547883862
547883872
547924572
547924582
547924592
547924602
547952992
547953002
547953012
547953022
547953032
547953042
547953052
547953062
547953072
547953082
547953092
547953102
547953112
547953122
547953132
547953142
547953152
547953162
547953172
549264852
549264882
549264902
549264912
549264922
549264932
549264942
549264952
549264972
549264982
549264992
549265002
549265012
549265042
549265052
549265082
549265092
549265122
549265132
549265142
549265152
549265162
549265172
549265182
549265192
549272942
549272952
549272962
549273222
549273262
549291712
549319952
549319962
549320002
549320012
549320022
549320032
549320042
549320052
549320082
549320102
549320112
549320122
549320132
549320362
549320392
549320402
549320412
549320422
549320452
549320462
549320472
549320642
549320652
549320662
549320672
549320682
549320802
549914752
549914762
549914772
549914782
549925422
549925432
549925472
551482402
551482442
551482472
551852822
551852832
551852842
551852852
551852862
551852872
551852882
551852892
551852902
551852912
551852922
551852932
551852942
551852952
551852962
551852972
552349852
552349862
552349872
552349882
552349892
552349902
552349912
552349922
552841952
553036732
553055962
553055982
553056082
553056212
553889812
555637882
555637892
555637902
555637952
555637962
555637972
555638002
558782412
558782422
558782432
558782442
558782452
558782462
558782472
558782482
558782492
561887432
561887462
561887472
561887502
561887512
561887522
561887532
561887552
561887562
561887572
561887582
561887592
561887602
561887612
561887622
561887632
561887642
561887652
561887662
561887672
561887692
561887702
561887712
561887722
561887742
561887772
561887782
561887792
561887802
561887812
561887902
561911962
561911982
561912032
561915592
564083762
564969822
564969842
564969882
564969892
564969902
564973532
564973612
564973672
564973722
567289042
567289082
567289102
568370372
568370382
568370392
568370402
568528122
571862832
571862862
571862872
571862942
571866862
571871062
571902582
571902592
571902602
571902612
571902622
571902632
571902642
571902652
571902662
571902672
571902682
572311592
572311602
572311612
572311632
572311682
572311692
572311702
572311712
572311722
572311732
572962402
572962422
572962432
573874562
573874572
573874582
573874592
574392312
574392322
574392342
574392352
574392362
574392382
574756512
574756522
574756532
574756542
574756552
574756562
574756572
574756582
574756592
574756602
574756612
574756622
574756632
574756642
574756652
574756662
574756672
574756682
574756692
574756702
574756732
574756742
574756752
574756772
574756782
574756792
574756812
574756992
574757002
574757012
574757022
574757092
574757102
574757112
574757122
574757162
574757172
574757182
574757202
574757212
574757222
574757232
574757242
574757252
574757292
574757302
574757332
574757342
574757352
574757362
574757372
574757382
574757392
574922322
574922332
574922342
574922352
574922362
574922372
574922382
574987612
574987622
574987632
574987642
574987652
574987662
574987672
574987682
574987702
575879632
575879642
575879652
575879662
575879672
575879682
575880422
575880472
575888752
575890282
575890302
575890342
575890352
575890572
576202482
576202492
576202522
576202562
576202572
576202582
576202592
576202602
576202612
576202622
576202632
576202642
576202652
576202662
576202672
576202692
576202712
576816832
576834512
576834522
576834542
576834552
576834582
576834592
576834612
576834622
576834632
576834642
576834652
576834662
576834672
576834682
577078582
577079892
578044382
587044202
587044212
587044252
587044282
587044302
587044312
587044322
587044342
587044362
587744282
587744292
587744302
587744312
587744322
587744342
587744362
587744372
587744602
588637812
588637862
588637902
588887662
588887672
589011802
589024052
589024072
589024102
589024182
589024192
589024202
589024242
589024252
589024312
589024322
589024342
589024392
589024402
589024412
589024442
589024502
589840772
590467122
590467132
590467142
590467152
590467182
590467212
590494332
591046282
591046292
591046302
591046322
591046342
591046352
591046362
591046372
591046382
591046392
591046402
591046412
594251632
594719842
594719852
594719862
594719872
594719882
594719892
594719902
595614242
595614262
595614292
595614312
595614362
595626192
597009202
597009212
597009222
597009232
597009242
597009252
597009262
597009272
597009332
597009342
597009362
597009372
597009492
597382862
597382912
597538052
597538082
597538092
597538102
597538112
601146082
601146482
601146902
601146942
601146992
601147002
601147252
601147262
601147272
601147282
601147292
601147302
601147312
601147322
601147332
601147342
601147352
601147362
601147372
601147632
601147652
601147682
601147702
601147712
601147722
601147732
601147752
601148252
601148262
601148272
601148362
601148372
601148392
601148402
601148482
601148492
601148502
601148512
601148522
601148532
601148542
601148552
601148562
608574852
609699542
609934332
610699652
610699722
610699732
610699742
610699752
610699762
610703002
610703042
610703052
610703062
610703072
610703082
610703092
610703102
610709942
610709952
610709962
610709972
610709982
610725862
610725872
610725882
610750732
610750782
610750792
610752502
610752512
610752522
610752532
610752542
610752552
610752562
610752572
610752582
610752592
610752602
610752612
610752632
610752642
610752652
610752672
611749212
611814012
611814022
611814062
611814072
611814092
611814122
611814142
613854452
614052292
614052302
614052312
614052322
614852862
616970952
616970962
616970972
616970982
616971002
616971012
616972472
616972502
616976472
616992062
616992072
616992082
617002672
617002682
617002692
617002702
617002712
617002722
617002732
617002742
617002752
617002762
617002772
617002782
617002792
617416722
617684432
617684442
617684452
618775152
618775162
618775182
618775202
620269472
620269482
620269502
620269512
620269522
620269532
620269542
620269552
620269562
621881832
623027752
623027772
623027782
623027792
623027812
623027822
623027832
623027842
623027852
623027862
623712192
623712202
623712212
623712222
623712282
623712292
623712302
623713712
624013282
624013292
624013302
624013312
624013322
624013332
624013342
624013352
624013382
624022102
624022112
624022122
624022132
624022152
624022172
624022722
624022742
624022752
624022762
624022812
624022822
624022832
624022842
624022852
624116802
625899032
625899042
625899052
625899062
625899072
625899082
625899092
625899102
625899112
625899122
626306612
626306652
627661582
627661592
627661602
627661612
627661622
627661632
627661642
627661652
627661662
627661672
627661692
627661712
627661722
627661782
627661792
627661802
627661812
627661822
627661832
627661842
627661852
627661862
627661872
627661882
627661892
627661902
627661912
627661922
627661932
627661942
627661952
627661962
627661972
627661982
627661992
627662002
627662012
627662022
627662032
627662042
627662052
627662062
627662072
627662082
627662092
627662102
627662112
627736492
627736532
631263102
631333022
631333032
631333042
631840402
631840412
631840422
631840432
631840442
631840452
631840502
631840512
632132932
632132952
632132972
633514102
633514112
633514122
633514132
633514142
633514162
633514172
633514182
633514192
633514202
633514222
633514232
633514242
633514252
633514262
633514272
633514332
636416432
636416442
636416452
636416462
636416492
636416512
636416532
636416542
636678852
636678892
636757772
636757852
636757882
636757962
636758012
636758102
636758282
636758292
636758382
638489702
638507112
638512842
638512862
639395772
639759682
639759692
639759702
639759712
639759722
641000122
642682412
642682442
642682512
642684932
642701992
642702002
642803172
642803772
642804172
642804512
642919162
642919182
644630392
646272042
646883522
647443582
647652042
648541192
649016972
649016982
649016992
649017002
652201642
652206892
653772862
653772872
653772882
653772892
653772902
653772912
653772922
653772932
653772942
653772972
653772982
653772992
653773002
653773012
653773042
653773202
653773222
653773262
654739462
654739492
654739512
654739542
655824152
655824162
655824172
655824182
655824192
655824212
655824222
655824232
655824242
655824262
655824272
655824282
655824312
655824332
655824342
655901762
655901772
655901782
657795522
657795552
657795662
658665102
658665112
658665122
658665132
658665142
658845242
658845452
658845462
658845472
658845482
658845492
658845502
658845512
658845542
658845572
658845582
658845592
658845622
658845652
658845892
658845902
658845912
658845922
658846122
658846132
658846142
658846152
658846182
658846212
658846222
658846232
658846242
658846262
658846352
658846372
658846382
658846462
660748502
660748572
660748622
661490912
661490922
661490932
661490942
661490982
661490992
661491012
662707532
663194332
663194352
663194372
663194382
663194392
663194412
663194422
663194432
663194442
663194452
663194472
663194532
663194592
663194602
663194612
664227672
664227682
664227692
664227702
664227712
664227822
666293482
666293562
667002572
667002632
667002682
667002882
667002892
667002902
667002912
667002962
667143362
667143372
667143382
667143392
667143402
667143412
667143422
667143462
667143882
667143922
667206092
667206172
667206222
667206232
668930682
668930692
668930702
668930712
668930722
668930732
668930742
668930752
668930762
668951742
668951782
668951792
668951852
670793362
670793372
670793602
670793632
670793662
670793672
670793682
670793702
670794102
670794122
670794132
670794352
670794362
670794702
672215822
672215862
672216102
672216162
672325462
672325482
672325512
673205742
673205752
673205762
673205772
673205952
673205982
673206012
673206022
673206032
673206132
673206202
673206702
673206722
673206742
673206762
673206782
673206792
673206812
673206832
673206842
673206862
673206882
673206962
673207192
673207902
673207912
673444952
673444962
673445372
673445392
673445412
673445422
673445432
673445442
673445452
675343612
675343822
675347282
676078612
676078622
676078632
676078642
676078652
676078662
676078672
676078682
676078692
676081952
677506772
677506782
677506792
678320872
678320942
678970582
680550652
680550662
682406152
682406162
682406172
682406182
682406192
682406202
682406212
682406242
682406252
685382912
685382922
685382932
685382942
685382952
685831762
686681982
686683432
686699412
686699422
686699432
686699442
686699472
686699482
686699492
686699502
686699512
686699522
686699532
686699542
686699552
689423282
689423302
689423312
689423422
689628802
689628892
689628982
689629052
689629062
689629102
689629112
689629142
689629162
689629172
689629182
689629232
689629262
689629272
689629282
689629292
689629302
689629312
689629342
689629352
689629382
689629392
689629402
689629412
689629422
689629432
689629442
689629452
689629462
689629472
689629482
689629492
689629512
689629522
689629532
689629542
689629552
689629572
689629612
689629652
689629682
689629692
689629742
689629752
689629762
689629772
689629782
689629792
689629802
689629812
689629822
689629832
689629852
689629862
689629872
689629882
689629892
689629902
689629912
689629922
689629932
689629942
689629972
689629982
689629992
689630002
689630032
689630142
689630152
689630162
689630172
691825472
691913892
691913902
691913912
691913922
691913932
692899302
692899322
692899332
692899342
692899372
693002722
693002802
693002822
693002832
693002842
693002852
693002862
693002882
693002892
693002902
693002912
693003062
693398752
693398762
693398772
693398782
693398792
693398802
693398812
693398822
693398832
693398842
693398852
693398862
693398872
693398882
693398892
693398902
693398912
693398922
693398932
693398942
693398952
693398962
693398972
693398982
693398992
693399002
693399012
693399022
693399032
693399042
693399052
693399062
693399072
693399082
693399092
693399102
693399112
693399122
693399132
693399142
693399152
693399162
693399172
693399182
693399192
693399202
693399212
693414172
693414202
693414262
693414282
693414312
693414332
693414362
693414392
693414422
693414442
693414472
693414482
693414492
693414502
693414512
693414542
693414552
697895802
697895812
697895822
697895832
697895842
697895852
697895932
697895942
697895952
697895962
697895972
697895992
700711332
700711442
700711592
700711692
700720952
700720962
700966032
700966062
700966072
700966082
700966112
700966122
700966142
700966212
701760582
701760592
701760602
701898722
701898732
701898742
703948622
703948642
703948672
703948682
705003312
705003332
705003412
705003422
705003482
707388932
707388942
707493792
707493802
707493812
707493822
707493832
707493882
707493892
707493902
707493912
707493932
707493982
707494002
708371492
708372602
708372622
708372632
708372642
708372652
709297152
709611232
709611242
709611252
709611262
709611272
709611302
709611312
709741682
711024972
712056232
712056302
712056312
712056322
712056332
712056342
712513282
712588102
712588142
712588382
712588452
712588512
712588522
712588532
712588542
712588612
712588642
712588652
712588662
712588672
712588702
712588772
712588842
712588852
712588872
712588882
712588902
712588912
713950962
716512862
716512872
716512882
716513032
716513042
716513062
716513072
718221832
718221902
718224592
718224602
718224612
718224652
718227512
718227552
718227562
718227602
720617372
720617402
720617422
720617512
720617632
720617712
720617742
720617782
720617802
720617842
720617912
722176652
722176662
722176672
722176682
722176692
722176702
722176712
722830622
722830632
722830642
722830652
722830662
722830672
722830682
722830692
722830702
722830712
722830722
722830732
726340432
726432672
726432722
726432732
726432752
726432762
726432772
727367702
727367792
727367822
727367832
728281582
728281702
728281712
728281722
728281772
728281782
728281792
728281802
728281812
728281822
728281842
728281852
728281902
728281912
728281922
728281932
728281942
728281972
728281982
728281992
728282002
728282012
728282022
728282072
728282082
728282092
728282102
728282112
728282212
728282252
729592632
729592642
729592652
729592662
729606182
731366852
731504052
731504062
731504072
731504082
731504092
731504102
735320162
735320182
735320222
735320392
739412382
739412392
739412402
739414132
739414142
739414152
739414162
739414172
739414182
739414192
739414202
739414212
739414232
739414242
739414252
739414262
739414272
739414282
739414292
739414302
739414312
739414322
739414342
739414352
739414362
739414372
739414392
739416952
739417022
739417032
739417092
739417102
739423682
739423702
739423712
739423722
739423732
739423762
739423772
739423802
739423812
739423822
739423832
739423852
739423912
739423922
739423932
739423942
739424002
739424042
739424052
739424062
739424072
740134372
740134382
740134392
740134402
740134412
740134422
740134432
740134442
740134452
740134462
740134472
740134482
740134492
740134502
740134512
740134522
740134532
740134542
740134552
740134562
740134572
740134582
740134592
740134602
740134612
740134622
740539842
740539852
740539862
740539892
740539902
740539912
740539922
740539932
740539942
740539962
740540002
740540022
740622602
740622682
743522512
743522532
743522542
743522552
743751122
743751152
743751572
743751582
743751732
744396252
744396262
744396272
744396282
744396292
744396302
744396312
744396322
744396332
744396342
744396362
745225232
745225242
745225252
745225262
748473282
748473292
748473302
748473312
748473392
750110532
750110562
750110572
750110582
750110592
750110652
750110662
750110702
750110712
750111202
750112382
750112392
750112402
750112412
750112462
750821742
751637942
751637952
751637962
751637972
751637982
751637992
751638062
751638082
751638092
751638102
751638112
755356172
755356182
755356192
755356212
755725982
755725992
755726002
755726012
755726022
755726032
755726042
755726062
755726072
755726082
756861142
757671642
759399772
759399792
759399802
759399812
759399822
759399842
759399852
759399862
759399872
759399902
759399912
759399922
759399932
759399952
759399962
759400052
759400082
759400142
761993082
761993092
761993102
761993112
763120912
763120922
763120932
764032732
764032832
764032862
764032992
764033002
764033012
764389792
764389802
764389812
764389822
764389832
764389842
764389852
764389862
764389872
764389912
764389922
764389932
767115752
767184042
768495332
768495422
768495432
768495472
768495482
770036352
770756022
770978082
774807182
774807192
774807212
774807222
775193732
775193932
777273542
777273562
778976002
780635622
780635672
781034802
781034812
781034822
781539602
781539622
781539642
781539662
781586142
781586162
781586212
781586232
781586282
781586362
781586452
781586542
781586552
781586602
781586712
781657132
783629372
783629382
790543232
790543242
790543252
790543262
790543272
790543282
790543292
790962072
790962082
790962092
790962102
790962112
790962122
791612742
791612752
791612772
791612842
793043972
793043982
793043992
793044002
793044012
793044022
793044062
793044072
793044082
793044092
793044102
793044112
794997532
794997612
794997622
794997632
794997642
794997652
794997662
794997672
794997682
794997692
794997702
794997712
794997732
794997742
797398212
797398312
797398332
799426112
799426122
799426132
799426142
799426152
799426162
799426172
799426182
799426192
799426202
799426212
799426222
799426232
799426242
799426252
799426262
799426272
799426282
799426292
799426302
799426312
799426322
799426332
799426342
799426352
799426362
799426372
799426382
799426392
799426402
799426412
799426422
799426432
799426442
799426452
799426462
802272972
802272982
802272992
802273002
802273022
802273142
802296032
803343802
803343912
803343962
803343992
803414072
810577312
810577322
810577332
811021172
811021182
812003502
812003522
812003532
812003562
812003572
814700252
814700292
814700342
814700352
814700382
814700392
818638042
818638052
818638102
818638182
818638222
818638292
818638302
818638312
818638322
819420292
819420392
824108612
824108622
826550372
827440992
828346282
828346312
833728762
833728772
833728782
833728912
833862152
833862162
833862172
833862182
833862192
833862202
833862212
833862232
833862242
833862252
833862262
833862272
834813662
834813692
834813712
834813762
835000842
835000882
835000902
836447382
845277032
845277052
846452322
846469962
846483672
850763622
850763632
850763642
850763652
851337822
851337912
851337922
851337932
851337942
851337992
851338042
851338082
852005322
852005332
852005342
852005352
852005362
852005372
852005382
853446882
853447142
853450852
853451112
853451152
853451172
853451232
853451252
853451262
853451292
853451302
853460492
853460502
853460512
853460742
853460822
853460962
853461492
853461532
853461542
853461602
853461812
853649722
853799562
853799602
854394422
854394442
854394462
854394482
854394502
854394562
854394622
854419252
855957082
855957092
855957102
856758432
856758462
856758482
857166232
857166242
857167952
857326582
857326592
857326622
857326652
857326682
857326702
858160172
858160272
858160292
858160302
858160312
858160322
859061472
859061492
859061502
859788242
862431412
862432182
862432292
862837722
863140122
863140132
863140152
863814362
863814372
863814382
863814392
863814402
863814412
863814422
863814432
863814442
864429562
864429572
864429582
864429592
864429642
864448212
864448222
864448232
864448242
864448292
864448302
864448312
865366492
865366542
865366552
865366562
865366612
866224152
866224162
866224172
866224182
866224232
866224262
866224372
866224382
866224392
866224402
866226772
866226782
866226792
866243612
867745152
867745162
867745172
867745182
867745192
867745202
867745212
867745292
867745302
867745312
867745322
867745342
867745352
867745362
867745372
867745382
867745392
867745402
867745412
867745422
867745432
867745442
867745452
867745462
867745472
867745482
867745492
870986012
870986232
871085912
871085922
871085932
871086022
872360912
872361032
872376792
872376892
872376922
872376952
872376972
878570652
878570662
878570672
878570682
878570692
878570702
878570772
878570782
878570792
879008262
879008362
879008392
879008652
880391762
880391772
880391782
880391802
880391812
880391822
880391832
880391852
880391862
880391872
880391882
880391892
880391902
880391912
880391922
880391932
880391942
880391952
880391962
880391972
880391982
880391992
880392002
880392012
880392032
880392042
880392052
880392062
880392072
880392082
880392092
880392102
880392122
880392142
880392152
880392172
880392182
880392192
880392212
880392222
880392232
880392242
880392262
880392272
880392292
880392302
880392312
880392322
880392342
880392352
880392372
880392392
880392402
880392422
880392432
882259692
882259712
882259722
882259762
882259782
882259792
882259802
882259812
882259822
882259832
882259842
882259892
882259902
882259912
882259932
882259942
882259952
882721232
883206812
883240532
883240542
883240602
883240612
883240622
883240662
884521372
884521412
884521422
884521442
884521472
884521482
884521492
884521502
884521512
884521522
884521532
884521542
884521552
884521572
884521602
884521612
884521622
884521642
884521652
886711442
886814122
886814132
886814142
886814152
886968302
887097672
887097682
887097692
887097702
887097712
887097722
889025022
889025032
889025042
889025052
889025062
889025072
889025082
889025092
889025112
889025122
889025132
889025142
889025152
889025162
889025172
889025182
889025192
889025202
889025212
889025222
889025232
889025242
889025252
889025262
891195812
892828462
892828532
892831032
892831072
893646792
893646802
893672492
893672582
893672592
893672602
893672612
893672622
893672632
893672652
895118412
895121482
895121532
895121642
895121672
895121742
895320322
895435592
895435602
898058382
898058422
898852572
899422232
899422242
899422252
899525822
899525842
899525852
899525902
899525922
899525942
899957392
901949672
901953902
903771032
903771042
903771052
903771062
903771072
903771082
903771092
903771112
903771132
903771142
903771182
904160202
904160222
904160232
904160262
904160312
904160322
904160332
904907392
904907412
904907422
904907452
904907462
904907472
904907482
904907492
904907502
904907522
904949382
904949452
904949472
904949552
904949582
904949602
904949612
904949622
904949632
904949652
904949662
904949682
904949702
904949732
904949762
904949782
904949792
904949902
904949952
904950002
904950012
904950142
904950222
904950242
904950292
904950302
904950342
904987922
904987952
904987992
907906552
909481792
909482102
910157022
910157032
910157042
910157052
910157062
910157072
910157082
910157092
910157102
910157112
910157122
910157132
910157142
910157152
910157162
910157192
910157202
910157212
910157232
910157242
910157262
910157272
910157282
910283752
910283762
910283792
910283832
910283852
911937812
912018182
912018262
912018272
915300072
915300292
915300512
915300522
915300792
915300912
915669752
915669762
915669772
915669782
915669792
915669802
915669812
915669822
915669832
915669842
915669852
915669862
915669912
915669922
915669932
915669942
916244512
916244522
916244532
916244542
916244552
916244562
916244572
917293022
917293352
917293362
917293392
917658262
917658362
919618602
919618622
921220722
921220902
921220982
921953372
921953912
921953922
921953932
921953942
921953952
921953962
921953972
921953982
921953992
921954002
921954012
921954022
921954032
921954042
921954052
921954072
921954082
921954092
921954102
921954112
921954122
921954132
921954142
921954152
921954162
921954172
921954182
921954192
921954202
921954212
921954222
921954232
921954242
921954252
921954262
921954272
921954282
921954292
921954302
921954312
921954322
921954332
921954342
921954352
921954362
921954372
925100522
925190202
925190592
925190702
925356702
925356872
925356962
925357182
925357232
925357332
926539812
926539922
929510302
929510432
929687272
929687302
929799442
929799472
929799492
929799502
929799512
929799522
929799532
929799542
929799552
929799562
930315942
930315962
930374462
930493202
931253852
934039772
934040032
934040502
934040832
934041432
934041492
934041522
936971962
936971972
936971982
936971992
938879022
943694522
943713552
943713562
943713592
943713642
943725122
943740452
943740462
943740482
943740502
943740532
943740542
943740552
943740562
943740572
943740622
943740692
945993472
945993522
946334922
946334942
946335442
946335452
946335462
946356682
946356692
946426322
946426332
946465432
946465482
946466062
946466072
946466082
946476352
946476442
946865452
946865462
946865472
946959832
947453932
947453972
947454172
947454212
947454222
947454232
947454242
947454342
947454352
947454372
947454422
947454472
947454482
947454492
947487072
947487102
947487112
947487122
947487132
947487162
947487182
947487192
947487202
947741772
947878452
947878492
947878522
947878542
947878592
947878622
947878632
947878682
947878862
947878882
947878912
947878922
947878972
947878992
947879012
947879022
947879042
947952202
947952212
947952222
947952232
947952252
947952262
947952272
947952282
947952292
947999852
947999862
948021972
948021992
948022002
948022012
948022082
948022092
948022122
948022132
948068622
948068642
948068662
948068672
948068682
948068692
948068702
948068712
948068732
948068782
948068792
948068802
948068812
948395432
948395442
948395452
948395492
948395502
948395582
948395892
948395912
948395932
948395942
948395962
948395972
948966582
949325122
949325132
949325142
949325152
949325162
949325172
949325182
949325192
949325202
949347252
949347262
949347272
949347282
949544642
949550312
950213362
950213652
950213692
951246282
951246292
951251252
952270622
952431542
952431552
952431562
952431572
952431582
952431592
952431602
952431612
952431622
952431632
952431642
952431652
952431662
952431702
952431712
952431722
952431732
952431742
952431752
952431762
952431772
952431782
952431792
952431802
952431822
952431872
952431892
952431902
954666882
954666902
956238972
956238982
956238992
956239012
956239022
957587572
958639032
959956582
959956602
959956612
959956632
959956682
959956722
961140492
961140502
961140512
961140522
961188892
961188902
961188912
961188972
961188982
961189012
961189032
961189072
961189082
961189092
961189102
961189112
961189162
961189172
961189212
961189222
961189232
961207122
961207132
961207152
961207162
961207172
961207202
961207212
961207232
961226622
961226652
961226662
961311872
961311882
961311892
961311902
961311912
961311922
961311932
961311942
961311952
961311962
961311972
961311982
961311992
961312002
961312012
961312022
961312032
961312042
961312052
961312062
961312072
961312082
961312092
961312102
961312112
961312122
961312132
961312142
961312152
961312162
961312172
961312182
961312192
962413092
962413642
962413942
962413972
962414012
962612202
962612232
962612252
963642352
963642432
963642522
965455062
968831122
968831162
968831172
968831212
968831232
971157542
971389042
971389052
971389082
971389092
971424712
971424722
971424732
971424792
971459782
972032492
972032502
972032512
972035432
972035522
972035602
973777502
973777512
973777522
976117852
976556192
977134802
977134842
977355962
977355972
977355982
977355992
977356002
977356012
977356022
977356032
977356042
977356052
977356062
977356072
977356082
977356092
977356102
977356112
977356122
977356132
977356142
977356152
977356162
977356172
977356182
977356192
977356712
977356722
977356762
978440952
978441252
978441302
978441992
978442082
978442192
978442602
978442642
978442662
978442692
978442722
978442772
978442832
978442892
978442932
978442982
980669382
980669392
980669402
980669412
980669422
980669432
980669442
980669452
980669462
980669472
980669482
980669492
980669502
980669512
980669522
980669532
980669542
980669552
980669562
980669582
980669592
980669602
980669612
980669632
980669642
980669652
981145482
983253902
983253912
983253922
983253932
983254092
983254102
983254112
983256232
983256442
983256702
983257012
983257032
983257192
983257382
983257462
983257642
983257652
983257662
983257682
983257722
983257902
983257962
983258012
983258042
983258252
983258292
983258312
983258402
983258482
983258562
983258592
983258692
983258752
983258762
983258782
983259032
983259112
983259122
983259182
983259252
983259262
983288422
983288822
983288832
983288842
983288852
983288862
983288872
983288882
983288892
983301592
983326982
983327052
983327092
983327132
983327282
983327302
983327322
983327382
983327452
983327522
983327672
983367002
983367712
983367722
983367812
983367832
983663462
983663992
983664242
985657852
988674312
990278302
990418042
990418112
990418132
990444102
990444132
990444212
990444222
990444302
990444562
990444592
990459312
990459322
990459332
990459342
990459352
990459362
990459372
990459382
990459392
990550632
990550642
990550682
990550692
990550702
990550712
990550822
990550942
992190892
992190962
992190972
992190982
992191052
992191062
992191072
992191082
993172972
993172982
993173002
993173012
993173032
993173042
993173052
993173112
993173142
993173152
993173162
993173182
993173202
993173212
993173222
993385332
994392312
994392322
994392332
994392342
994392632
994393082
994393092
994393102
994393112
994393122
994393132
994393142
994393152
995268322
995268332
995268342
995976362
996716412
996716422
996716432
996716442
996716452
996716462
996716472
996716482
996716492
996716502
996716512
996716532
996716562
996716572
996716692
997479752
997479872
997479922
997505712
998808352
998816202
999721112
1001379472
1001379482
1001379492
1001379502
1001379512
1001379522
1001379532
1001379542
1001379562
1001379572
1001379582
1001379592
1001379602
1001379612
1001379622
1001379632
1001379642
1001379652
1001379662
1001379672
1001379682
1001379692
1001379702
1001379712
1001379722
1001379732
1001379742
1001379752
1001379762
1001379772
1001379782
1001379792
1001403442
1001403622
1001403642
1001403662
1001403682
1003183582
1003183602
1003767852
1003767862
1003767872
1003767882
1003767892
1003767902
1004010932
1004010942
1004010952
1004010962
1004010972
1004010982
1004010992
1004011002
1004038442
1004038452
1004038462
1004038482
1004179002
1004179012
1004179022
1004179032
1004179042
1004179052
1004179062
1004179072
1004179082
1004179092
1004179102
1004179112
1004179122
1004179132
1004179142
1004179152
1004179162
1004179172
1004179182
1004179202
1004179212
1004179222
1004179242
1004521292
1004521302
1004521312
1004698352
1004698412
1004698422
1004698442
1004698482
1004752092
1004752172
1004752182
1004752192
1004752202
1004752212
1004924522
1004924532
1004924542
1004924552
1004955332
1005395482
1005447682
1005447712
1005447722
1005447732
1005447742
1006272662
1006272732
1006272742
1006272752
1006852822
1006852832
1006852842
1008192652
1008192662
1008192672
1008192682
1008192712
1008192722
1008192732
1008192742
1008192752
1008192762
1008192772
1008192782
1008192792
1008192822
1008192842
1010479282
1010479292
1010479302
1010479312
1010479622
1010479632
1010479642
1010479652
1010479662
1010479672
1010479682
1010479692
1010479702
1010479712
1010479722
1010479802
1010495762
1010495822
1010496012
1010496102
1010496112
1010496142
1010507042
1010507332
1010507362
1010507392
1010507442
1010507452
1010507512
1010507562
1010507722
1010507732
1010507832
1010507972
1010508062
1010508132
1010906062
1011247972
1011248152
1011248172
1011248192
1011248202
1011248262
1011248502
1011248512
1011248522
1011248532
1011248572
1011248612
1011248632
1011254512
1011814012
1011814082
1013078132
1013133442
1013133452
1013574482
1014353632
1015597082
1015597352
1019966262
1024709892
1026691602
1029321982
1029447092
1029524152
1029524162
1029524182
1029524252
1029524272
1029524312
1029524332
1031325082
1031325132
1031325142
1031325162
1032296962
1032297452
1032297462
1032297472
1032297482
1032297492
1035288432
1035288442
1035288452
1035288612
1035288692
1035288982
1035288992
1035289002
1035289422
1035289432
1035289452
1035289512
1035289522
1035289532
1035289542
1035289552
1035289562
1035289582
1035290412
1035291592
1035291622
1037271432
1039061942
1047410532
1047410572
1047410582
1047410592
1047410602
1047410612
1047410622
1047410852
1047410862
1047411092
1047411132
1047411242
1047411332
1047411352
1047411402
1047411442
1047411672
1047411902
1047411912
1047654532
1048139472
1048350242
1048350272
1050189402
1051167382
1051168372
1051168382
1051168392
1051168402
1051168492
1051168502
1051168512
1051168522
1052635172
1053120052
1053120062
1053120082
1053120092
1053120102
1053120112
1053120122
1053120132
1053931382
1053931422
1053938082
1053938132
1053938142
1055256252
1055256262
1055256272
1057240472
1057240482
1057240492
1057240502
1057335562
1057335592
1057336262
1057336282
1057337902
1057338462
1057339092
1057354752
1057354762
1057354772
1057354972
1057357412
1057357702
1057357712
1057357722
1057357732
1057357742
1057357752
1057357762
1057357772
1057357782
1057357792
1057357802
1057357812
1057357832
1057357842
1057357852
1057357862
1057357872
1057357882
1057357892
1057357902
1057357912
1057357922
1057357932
1057357942
1057357952
1057357962
1057357972
1057357982
1057357992
1057358002
1057358012
1057358022
1057380122
1057380172
1057380182
1057380222
1057380382
1057380392
1057380402
1057380522
1057380532
1057380542
1057488192
1057488212
1057488222
1057488242
1057488332
1057488432
1057488442
1057488452
1057488482
1057488492
1057488502
1057488512
1057488522
1057488532
1057488632
1057488642
1057488652
1057489072
1057489082
1057489102
1057489132
1057489142
1057489182
1057489852
1057490362
1057490392
1057490412
1057490472
1057490492
1057490502
1057490512
1057490722
1057490792
1057490972
1057491082
1057491722
1057680292
1059202062
1059202092
1059809572
1059809582
1059809602
1059809662
1059809682
1059809692
1059809772
1060219992
1060220002
1060220012
1060220032
1060220042
1060220062
1060220172
1060220252
1060220262
1060220272
1060220282
1060220292
1060220302
1060220312
1060220322
1060220332
1060220342
1060220352
1060220362
1060220372
1060220382
1060220392
1060220402
1060220412
1060220422
1060220432
1062327542
1062327552
1062327632
1062327642
1062327652
1062327662
1062862802
1063313442
1063313502
1067258642
1067258652
1067258662
1067258672
1067416962
1067416982
1067418912
1067418922
1067418942
1067613812
1067743172
1067743192
1067831632
1067831642
1067831652
1067831662
1067831672
1067831742
1067831842
1067831852
1067831862
1067831912
1067831922
1067832002
1068754542
1068754552
1073073002
1073073012
1073825552
1074165082
1074165222
1076048262
1076221722
1077686642
1077686762
1077687042
1077687262
1077687402
1077687472
1077776702
1077776792
1077777212
1077781912
1077781972
1077781982
1077782002
1077782022
1079902842
1079902852
1079902872
1081171642
1081436422
1081436452
1081436492
1081436522
1081436532
1081436872
1081436912
1081437012
1081437052
1081437162
1082567542
1082567552
1082567562
1082567572
1082567582
1082567592
1082567602
1082567612
1082567622
1082567632
1082567642
1082567652
1082567662
1082567672
1082567682
1082567692
1082567702
1082567712
1082567722
1082567742
1086622492
1086622542
1089261082
1089261092
1089261112
1089261142
1089261162
1089261292
1089261402
1089261602
1089261622
1089261632
1089261652
1090403212
1090403222
1090403872
1091311752
1091522452
1091522462
1091522472
1091522482
1091522682
1091522692
1091522702
1091555342
1091555352
1091555362
1092151242
1095615592
1095615602
1095615612
1095615622
1095615632
1095675012
1095675102
1095675112
1095675122
1095675132
1095675142
1095675152
1095675212
1095675222
1095675232
1095677142
1095677152
1095677162
1095677172
1095677182
1095677192
1095691462
1100680412
1100680422
1100896922
1100896932
1100896942
1100896952
1100896962
1104383882
1104383892
1104560222
1104560232
1104560242
1104560252
1104560262
1104560272
1104560282
1104560292
1104560302
1104560312
1104560322
1104560332
1104560342
1104560352
1104560362
1104560372
1104603402
1104603412
1104603422
1104603432
1104603442
1104603452
1104603462
1104603472
1104603622
1104603832
1104603842
1104603852
1104603862
1104603922
1104603932
1104603942
1104603992
1104604002
1104604022
1104604032
1104604042
1104604052
1104604092
1104604112
1104604142
1104604152
1104604162
1104604172
1104604182
1104604222
1104604232
1104604242
1104604252
1104604262
1104604272
1104604282
1104604292
1104604302
1104604312
1104604332
1104604342
1104604372
1104604382
1104604402
1104604432
1104604472
1104604482
1104604512
1104604522
1104604532
1104604542
1104604552
1104604572
1104604582
1104604592
1104604602
1104604622
1104604642
1104604652
1104604662
1104604672
1104604692
1106566912
1106566992
1106567002
1106567012
1107352922
1107695632
1110100392
1110100512
1110100572
1110100602
1110101052
1110101092
1110101122
1111380862
1112803002
1112803122
1114875452
1114875462
1114875482
1114875492
1114875502
1114875512
1114875542
1116093732
1116093742
1118032322
1118032352
1118032362
1118032372
1118032382
1118032402
1118032412
1118033142
1118033182
1118033232
1118033272
1118033292
1118033302
1118033312
1118033832
1118033842
1118033852
1118033862
1118033882
1118033922
1118047442
1118059552
1118059562
1118059572
1118059582
1118059592
1118059602
1118059612
1118059622
1118059632
1118059642
1118059652
1118059662
1118059672
1118059682
1118059692
1118059702
1118059712
1118059722
1118059732
1118059742
1118059752
1118059762
1118059772
1118059782
1118059792
1118059802
1118059812
1118059822
1118059832
1118059842
1118059852
1118059862
1118059872
1118059882
1118059892
1118059902
1118059922
1118059932
1118059942
1118059952
1118059962
1118059972
1118059982
1118059992
1118060002
1118060012
1118060022
1118060032
1118060042
1118060052
1118060062
1118060072
1118060082
1118060092
1118060102
1118060112
1118060122
1118060132
1118060142
1118060152
1118060162
1118060172
1118060182
1118060192
1118060202
1118060212
1118060222
1118060232
1118060242
1118060252
1118060262
1118060272
1118060282
1118060292
1118060302
1118060312
1118060322
1118060332
1118060342
1118060352
1118060362
1118060372
1118060392
1118060402
1118060422
1118060452
1118060482
1118061592
1120425082
1120425172
1121632452
1121632632
1121632702
1121632832
1121632842
1121632852
1121632862
1121632882
1121632892
1121632902
1121632942
1121818652
1121818722
1123111422
1123111432
1123111442
1123111452
1126678452
1126678662
1126678712
1126678752
1129054332
1129054342
1129054352
1129054362
1129054372
1129054382
1129054392
1129054412
1129054422
1129054432
1129054442
1129054452
1129054462
1129054482
1129054492
1129054502
1129054512
1129490432
1129490592
1129490632
1129490812
1129490832
1130259742
1130259752
1130259772
1130854602
1130862252
1132361022
1132361062
1132361072
1132361112
1133387872
1133397372
1133399492
1133404592
1133404632
1133409852
1133926882
1133927052
1133927062
1133927112
1133927132
1135923872
1135923882
1135923892
1135947162
1135947172
1135947182
1137266082
1137266092
1137266102
1137266112
1137266122
1137266132
1137599042
1137897602
1137897722
1138375952
1138375962
1138375972
1138375982
1138375992
1138376002
1138376012
1138376022
1138376032
1138376042
1138376062
1139762792
1139762802
1139762822
1139762832
1139762842
1139762852
1139762862
1139762872
1139762882
1139762892
1139762912
1139762922
1139762932
1139762942
1139762952
1139762962
1140058252
1140058262
1140058272
1140058282
1140058292
1140058302
1140058382
1140058472
1140183692
1140183712
1140183722
1140183752
1140183762
1140183772
1140183982
1140184012
1140184022
1140184042
1140184052
1141596842
1144087952
1144087962
1144087972
1144087982
1144087992
1144088002
1144088012
1144088022
1144088032
1144088042
1144088052
1144088062
1144088072
1144088082
1144088092
1144088102
1144114372
1144114382
1144114472
1144114492
1144114502
1144114512
1144114522
1144114532
1144114542
1144114612
1144114682
1144114712
1144114792
1144114902
1144122002
1144452002
1144458992
1145198292
1145198342
1145206672
1145206682
1145206692
1145206702
1145206752
1145206762
1145206772
1145206782
1145561022
1146622332
1146622352
1146622442
1147203572
1147203582
1147203592
1147203782
1147203802
1147203812
1147203822
1147203832
1147203842
1147203852
1147848532
1148256872
1148256892
1148256912
1148256962
1148257082
1148788302
1148788312
1148788332
1148788342
1148788352
1148788362
1148788372
1149212892
1149212902
1149213102
1149213192
1149213202
1149213212
1152548772
1152548782
1152548792
1152548802
1152548812
1152548822
1152548842
1152548852
1152548862
1152548872
1152548882
1152548892
1152548912
1152548922
1152548932
1152548942
1152548952
1152548962
1152548992
1152549012
1152549032
1152550552
1152550562
1152550572
1152550672
1152550682
1152594562
1152594572
1152594582
1152594592
1152594602
1152594642
1152594652
1152594662
1152594672
1152594682
1152729162
1152729172
1152729182
1154626042
1154626082
1155851432
1155851442
1155851452
1155851462
1155851472
1155851482
1155851492
1155851502
1155851512
1155851522
1155851532
1155851542
1155949802
1157489552
1157489592
1157489642
1157489652
1157489752
1159444502
1159444512
1159444522
1159444532
1159444542
1159444552
1160528592
1160969732
1160969762
1160969792
1160969822
1161389362
1163287772
1163287782
1163287792
1163287802
1163287812
1163321062
1163542762
1163971212
1163971222
1166571922
1169597302
1172857432
1172857442
1172857452
1172857462
1172857472
1172857482
1172857502
1172857522
1172857532
1173676072
1174058072
1174494142
1174547712
1174547742
1174974122
1175640012
1178561682
1178561692
1178561702
1180040492
1180040572
1180040652
1180040732
1180040842
1180040902
1180041002
1180041082
1180344152
1180344162
1180344172
1180845732
1180845742
1180845752
1181035102
1183115902
1183116122
1183116252
1183116352
1183116552
1183116562
1183116832
1183116862
1183116922
1183117202
1183766232
1183766242
1183766252
1183766272
1183771022
1183771542
1183771622
1183771652
1183771662
1183771672
1183771692
1183771702
1183771712
1183771732
1183771742
1183771812
1183771832
1183771842
1183771852
1183771862
1183771922
1183772022
1183772052
1183772082
1183772392
1183772402
1187096562
1187096602
1187096612
1187096672
1187096752
1187096792
1187096932
1187096952
1187096972
1187097012
1187097022
1187097322
1187097342
1187943942
1190627172
1191080272
1191080392
1191080402
1191080512
1191080522
1191080752
1197507022
1197507032
1201248072
1201248092
1201248102
1201248122
1201248152
1201248542
1201248552
1201248562
1201248572
1201249342
1201249852
1201249862
1201249872
1201340282
1201340312
1201340322
1201340332
1201340342
1201340372
1201340382
1201340412
1201340432
1201340442
1201340452
1201340462
1201340472
1203082582
1203082592
1203082602
1203082612
1203423852
1203424022
1203424222
1203424482
1203424642
1203425322
1203426052
1203426402
1203426622
1203426982
1203428222
1204845802
1204845822
1204846122
1204846262
1204846272
1204846282
1204846342
1206651402
1207882142
1212499992
1212500122
1213865252
1214016602
1214016612
1214016622
1214016632
1214016642
1214016652
1214016692
1214016722
1214016732
1214016742
1214023362
1214023372
1214023382
1214023392
1214023442
1214023452
1214023462
1214023472
1214023482
1214023492
1214023502
1214023512
1214023522
1214023532
1214023542
1214023552
1214023562
1214023572
1214023582
1214023592
1214023812
1214023822
1214023832
1214023842
1214023882
1214053292
1214053302
1214053462
1214053742
1214053752
1214053862
1214053882
1214054542
1214054592
1214054682
1214054732
1214054932
1214054972
1214331412
1214331422
1214331432
1214331442
1214331452
1214331462
1214331482
1214331492
1214331502
1214331512
1214331522
1214331542
1214331552
1214331562
1214331572
1214331582
1214331592
1214331602
1214331612
1214331622
1214331642
1214331652
1215098662
1215098692
1215327662
1215327962
1216715102
1216715152
1216715192
1216715202
1216715212
1216715282
1216715322
1216715342
1216715352
1217100972
1217100982
1217101022
1217101042
1217101052
1217101062
1217616902
1217616932
1217618002
1217724492
1220996322
1220996382
1221928862
1221928962
1222128112
1222128132
1222380482
1224755342
1226254842
1226254852
1226254862
1226254872
1230381262
1230381372
1230381422
1230381452
1230381632
1230421962
1230421972
1230421982
1230422052
1231710922
1233041212
1233041222
1233041232
1233041242
1233041252
1233041262
1233216912
1233622912
1233622922
1233622932
1233622942
1233830782
1233830792
1233830832
1233870122
1233870132
1233870142
1233870152
1233870162
1233870172
1233870182
1233870192
1233870202
1233870212
1233870222
1233870232
1233870242
1233870252
1233870262
1233870272
1233870282
1233870292
1233870302
1233870322
1233870382
1233870392
1233870402
1233870412
1233870422
1233870432
1234014612
1234014622
1234014632
1234167612
1234167622
1234684692
1234684702
1234684712
1234684722
1234684732
1234684742
1234684752
1234684762
1234684772
1234684782
1234684792
1234684802
1234684812
1234684822
1234684832
1234684842
1234684852
1234684892
1234684902
1234684912
1234684922
1234684932
1234684942
1234684952
1234684962
1234684972
1234684982
1234684992
1234685002
1235036152
1235036162
1235036172
1235036182
1235036192
1235036202
1235036212
1235036222
1235036232
1235036242
1235036262
1235048252
1235048262
1235048272
1235048282
1235048292
1235048302
1235048312
1235048322
1235048332
1235048342
1235048352
1235048362
1235048372
1235048382
1235048392
1235048402
1235048412
1235048422
1235048432
1235048442
1235048452
1235048462
1235048472
1235048482
1235180272
1235188092
1235188612
1235188682
1238252182
1238252192
1238252202
1238252212
1238252222
1238252232
1238252242
1238252252
1238252262
1238252272
1238252282
1238252292
1240083222
1241180922
1241616422
1241616432
1241616442
1241616462
1241616472
1241616482
1242730612
1242730622
1245339432
1245339442
1245339642
1245339652
1245339742
1245339832
1245339862
1245339872
1245339902
1245339952
1245339962
1245497742
1245497752
1245552492
1245552512
1245552552
1245552562
1245552572
1245564092
1245564102
1245564112
1245564212
1245564222
1245564232
1245564272
1245564282
1245564292
1245564522
1245570062
1245570122
1245570232
1245570242
1245570262
1245570292
1245570312
1247208062
1247208382
1247208392
1247208402
1247208412
1247262212
1247264072
1247264082
1247264102
1250020912
1250157412
1250157522
1250158542
1250158552
1250158582
1250158602
1250162472
1250162482
1250162492
1250162512
1250162522
1250162552
1250162612
1250163422
1250163542
1250163552
1250163622
1250163632
1250163642
1250163652
1250163962
1250163972
1250163982
1250163992
1250164002
1250164012
1250164062
1250164072
1250164082
1250164092
1250164112
1250164122
1250164132
1250164142
1250164152
1250781822
1251019312
1251019322
1251019332
1251019342
1251031762
1251031772
1251031782
1251031802
1251031812
1251031832
1251031842
1251046092
1251046102
1251046112
1251046122
1251046132
1251046152
1251046162
1251046172
1251046182
1251062302
1251062332
1251064592
1251064952
1251065042
1251065052
1251065102
1251065242
1251066962
1251066972
1251066982
1251066992
1251067142
1251067182
1251067192
1251072712
1251072722
1251072792
1251072842
1251084302
1251084322
1252148712
1252148742
1252148752
1252148762
1252148852
1252148862
1252318722
1252318882
1252318892
1252318902
1252318912
1252797062
1252797072
1252797082
1252797092
1252797102
1252797112
1252797122
1252797132
1253344992
1253345002
1253345012
1253345022
1254838392
1254838402
1254838412
1254838422
1254838432
1254838442
1254838452
1254838462
1254838472
1254838482
1254838492
1254838502
1254838542
1254838552
1254838572
1254838612
1254838622
1254838632
1254838642
1256879692
1256879702
1256879722
1256879732
1256879752
1256879772
1256879792
1256879802
1256879822
1256879832
1256879842
1256879862
1256879892
1256879902
1256879912
1256879932
1256879942
1256879962
1256879982
1256879992
1256881342
1256881352
1256881372
1256953292
1257544802
1258243882
1258243892
1258243922
1258348622
1259967102
1259967122
1260219882
1262107432
1262107442
1262107452
1262107462
1262107472
1262107572
1262107592
1262107612
1262107632
1262107672
1262107682
1262107692
1262107702
1262107722
1262812762
1262812832
1262812872
1262812912
1264154902
1264154962
1264154972
1264155002
1267502932
1267502942
1267502982
1267502992
1267503002
1268268012
1268330492
1268330502
1268330552
1270411132
1271479782
1271479802
1271479812
1271479862
1271479892
1271479902
1271479912
1272444722
1272636122
1272636132
1272636142
1272637152
1272637162
1272637172
1272637182
1272637192
1272637242
1273754872
1273754882
1273754892
1273754902
1273754912
1273754932
1273754942
1273754952
1273754962
1273754982
1273755002
1273755032
1273755042
1273755052
1273755062
1273755072
1273755082
1273755092
1273755102
1273755112
1273755132
1273755152
1273755162
1273755182
1273755212
1273755252
1273755292
1273755322
1273755342
1273755352
1273755392
1273755412
1273755432
1276858382
1278537362
1278537372
1278537412
1278537422
1278537472
1279951962
1279951992
1280036382
1280036392
1280036402
1280036412
1280036422
1280036432
1280036442
1280036452
1280036462
1280036472
1280036482
1280036492
1280036502
1280036512
1280036522
1280036532
1280036542
1280036552
1280554032
1280554042
1280554052
1280554062
1280554072
1281279472
1281279482
1281279492
1281279502
1283591332
1283591372
1283591392
1283591412
1283591422
1283591432
1283591452
1283591472
1283591482
1283591492
1283591502
1283591532
1283591542
1283591552
1283591562
1284482642
1284542502
1284542512
1284542522
1284542542
1284542552
1284542572
1284650352
1284669802
1284669822
1284669832
1286634962
1286634972
1286634982
1286634992
1286635002
1286635012
1287122472
1287122482
1287153212
1287153222
1287153232
1287314082
1287314092
1287314102
1287314112
1287314122
1287314142
1287314152
1287314162
1287314182
1287314192
1287314202
1287314212
1287314222
1287314232
1287314242
1287314252
1287314262
1287314272
1287314282
1287314292
1287314302
1287314312
1291989762
1292359542
1292359552
1297044142
1297044152
1297044162
1297044172
1297044182
1297044192
1297714192
1297714202
1301518792
1301518802
1301518832
1301518852
1301518872
1301518892
1301518902
1301518912
1301518922
1301518932
1301518942
1301518952
1301518962
1301518972
1301518982
1301518992
1301519002
1301519022
1301519032
1301519042
1301519052
1301519082
1301519092
1301519102
1301918752
1301918762
1301918772
1301918782
1301947022
1301947042
1301947072
1303274122
1303274132
1306986992
1306987232
1319287972
1319287982
1319287992
1319288002
1319288012
1319288022
1319288082
1319288092
1319288142
1319288152
1319288162
1319288172
1319288182
1319288192
1328214742
1328214752
1328214762
1328214772
1331704542
1332121732
1332121742
1332121752
1332121762
1332121772
1332121782
1332121792
1332121802
1332121812
1332121822
1332121832
1332121842
1332121852
1332121892
1332121902
1332121912
1332121922
1332121962
1332122022
1335535332
1335535362
1335611752
1340713762
1340713802
1340713812
1340713822
1340713832
1340713842
1340713852
1340713862
1340713872
1340713882
1342325142
1342325632
1342344042
1342344592
1342344602
1342344612
1342344622
1342344632
1342344642
1342344652
1342344662
1342344672
1342344682
1342344702
1342344722
1342344732
1342963442
1344884132
1344884142
1344884152
1344922922
1344922932
1344922952
1344922972
1349164342
1349164352
1349164362
1349164372
1349164382
1349164392
1349164402
1349164412
1349164422
1349164432
1349164442
1349164452
1351013802
1351645662
1351645672
1351645682
1351645692
1351645702
1351645712
1351645752
1351645762
1351645772
1351645782
1351645822
1352115942
1352259182
1353423812
1353423892
1358606042
1359110762
1359120752
1359643122
1359643132
1359643142
1359643152
1359643162
1359643172
1359643182
1359643192
1359643202
1359643212
1359643222
1359643232
1359643242
1359643252
1359643262
1359643272
1359643282
1359643292
1359643302
1359643312
1359643322
1359643332
1359643342
1359643362
1359643372
1359643382
1359643392
1359643402
1359643412
1359643422
1359643432
1359643442
1359643472
1359643482
1359643492
1359643502
1359643512
1359643522
1359643542
1359643552
1359643562
1359643572
1359643582
1359643592
1359643602
1359643612
1359644402
1359644412
1359644422
1359644432
1359644442
1359644452
1359645632
1359650472
1361684442
1362270372
1362270382
1362270392
1362270402
1362270412
1362270422
1363503092
1363503102
1364188302
1364189052
1364189082
1364189102
1364315072
1364315082
1364315142
1364327952
1364327982
1364327992
1364328002
1364328012
1364328032
1364328092
1364328162
1364328172
1365289612
1365289622
1365289632
1365289642
1365289652
1365289682
1365289692
1365295702
1365295792
1365295802
1365295812
1365295822
1365295832
1365935522
1365935532
1365935542
1365935552
1365977022
1365977052
1366401432
1366401442
1366401452
1366401502
1366624592
1366624602
1366624612
1366624632
1366624652
1366624662
1366624682
1366624692
1366624702
1366624712
1366624722
1366624752
1366624762
1366624772
1366624782
1366624802
1367994092
1367998662
1369291812
1369291822
1369291842
1369291852
1369291862
1371730182
1371730362
1371731442
1371731632
1374973672
1374973692
1377371912
1378969212
1378969292
1378969302
1378969312
1378969422
1382631162
1382631172
1382631182
1382631192
1382631242
1382631252
1384216292
1385151282
1385151292
1385151302
1385151312
1386154662
1386154682
1386154702
1386154712
1386355632
1386355642
1386355762
1386355772
1386355782
1386835252
1386835262
1386835272
1386835282
1386835292
1386835302
1386880962
1386880972
1386880982
1389343062
1389343082
1389343092
1389343102
1389343112
1389343122
1389343132
1390623772
1390623782
1390623792
1390623802
1391170912
1391208902
1391208952
1391208962
1391208992
1391209002
1391209012
1391209022
1391209032
1391209042
1391209052
1391209062
1391209072
1391209142
1391209152
1391209162
1391209172
1392671312
1392671412
1392671532
1392671772
1392671872
1393520842
1393520902
1393800442
1393800462
1393800472
1393800482
1393800492
1393800502
1394018142
1394018162
1394018192
1394018202
1394018212
1394018222
1394018232
1394152032
1394189692
1394189752
1394190002
1394190012
1394652852
1394652862
1394652872
1394652882
1394652892
1394652902
1394652912
1394652922
1394652932
1394652952
1394653022
1400069512
1400069522
1400069532
1400069542
1400069552
1400069562
1400069572
1400069592
1400464272
1400464282
1400464292
1400469082
1400469102
1400469112
1400469132
1400469142
1400469152
1400469162
1400469172
1400469182
1400469192
1400469202
1400469212
1400469222
1400491552
1400491812
1400511032
1400512402
1400512412
1400512422
1400512512
1400512522
1400512532
1400512542
1400512552
1400512562
1400515542
1400515572
1400515602
1400515612
1400515642
1400515662
1400515672
1400515682
1400515692
1400515702
1400515712
1400515722
1400515732
1400515742
1400515802
1400515812
1400515822
1400515832
1400521412
1400521422
1400521432
1400521442
1400521452
1400521532
1400521542
1400521552
1400521592
1400521602
1400521612
1400521622
1400521632
1400521642
1400521652
1400523912
1400523922
1400523952
1400523972
1400523982
1400524082
1400524202
1400524382
1400524392
1400524402
1400524412
1400524422
1400547712
1400547732
1400547752
1400547762
1400547772
1400547792
1400547812
1400547862
1400547872
1400547882
1400547952
1400550522
1400550572
1400550832
1400550872
1400550882
1400550902
1400550912
1400550942
1400550992
1400551022
1400551032
1400551042
1400551052
1400551072
1400551142
1400551152
1400551172
1400551182
1400551192
1400583952
1400583962
1400584022
1400584032
1400584042
1400584092
1400584122
1400584132
1400584142
1400584152
1400584162
1400584172
1400584182
1400584192
1400615582
1400615642
1400615652
1400615662
1400615682
1400615712
1400615742
1400615752
1400615772
1400615782
1400615792
1400615802
1400616842
1400617032
1400633332
1400633432
1400633442
1400642422
1400642962
1400642972
1400649182
1400649262
1400653452
1400653462
1400653472
1400653482
1400653582
1400653592
1400653602
1400655442
1400668562
1400669162
1400669752
1400671602
1400671612
1400671702
1400671852
1400671862
1400689732
1400689742
1400689752
1400689762
1400689772
1400689782
1400689792
1400689852
1400689862
1400689872
1400689882
1400695592
1400696112
1400700432
1400700452
1400700552
1400706992
1400707002
1400707012
1400707022
1400707032
1400707042
1400707052
1400707062
1400707072
1400707152
1400707162
1400707172
1400707182
1400707742
1400737112
1400737132
1400737142
1400737152
1400737162
1400737172
1400737182
1400737202
1400789862
1400791412
1400791492
1400791512
1400791522
1400791552
1400791562
1400791572
1400791602
1400791622
1400791632
1400803922
1400803932
1400803942
1400803952
1400812682
1400812722
1400812752
1400812792
1400812832
1400812942
1400813012
1400826742
1400826752
1400826762
1400826772
1400826782
1400826792
1400826802
1400826822
1400826832
1400826862
1400827322
1400827332
1400827342
1400829102
1400829112
1400829122
1400833412
1400833672
1400839562
1400839572
1400839582
1400839592
1400839602
1400839612
1400839622
1400839632
1400839662
1400839672
1400839682
1400839692
1400839702
1400842062
1400842072
1400842082
1400842092
1400842102
1400842112
1400842122
1400842132
1400842142
1400842152
1400842162
1400842172
1400857962
1400858982
1400859002
1400859022
1400859042
1400859052
1400859062
1400859072
1400859082
1400859092
1400859102
1400859112
1400859132
1400859142
1400859152
1400859162
1400861322
1400861332
1400861342
1400861352
1400861362
1400861372
1400861382
1400861392
1400861402
1400861412
1400861422
1400861442
1400861652
1400861662
1400865582
1400865592
1400865602
1400865612
1400865622
1400865632
1400865642
1400865652
1400865662
1400865672
1400865682
1400865692
1400865702
1400865712
1400865722
1400865732
1400865742
1400865752
1400865772
1400865782
1400865792
1400865802
1400865822
1400865832
1400865842
1400865852
1400865862
1400867322
1400867362
1400867372
1400867472
1400867512
1400867522
1400869252
1400869262
1400869272
1400869292
1400869422
1400869432
1400869442
1400869452
1400869462
1400869472
1400869482
1400869622
1400869902
1400869912
1400869932
1400869942
1400869952
1400869962
1400875012
1400875022
1400875032
1400875042
1400875052
1400875062
1400875072
1400875082
1400875092
1400875102
1400875112
1400875122
1400875132
1400875142
1400875152
1400875162
1400875222
1400875262
1400875272
1400875282
1400875292
1400889712
1400890972
1400891052
1400891082
1400891122
1400891132
1400891952
1400892002
1400892012
1400892032
1400892042
1400895392
1400918612
1400918752
1400918762
1400918772
1400918782
1400918802
1400918812
1400918822
1400918832
1400918842
1400918862
1400918872
1400920292
1400920302
1400920312
1400920322
1400920332
1400920342
1400920352
1400920362
1400920372
1400920392
1400920402
1400920412
1400920562
1400920612
1400920672
1400920682
1400941382
1400942272
1400942282
1400942292
1400942652
1400942662
1400942672
1400942682
1400942702
1400942712
1400942732
1400942742
1400942752
1400942782
1400943862
1400943872
1400943882
1400943892
1400945052
1400945062
1400945082
1400945092
1400945122
1400945152
1400945162
1400968032
1400968072
1400968202
1400970702
1400970942
1400970952
1400970962
1400970972
1400970982
1400970992
1400971092
1400971102
1400971142
1400971152
1400971192
1400971202
1400971212
1400971342
1400971352
1400971362
1400971382
1400971392
1400971402
1400971412
1400971422
1400971432
1400971442
1400971452
1400971462
1400971472
1400971482
1400971502
1400971532
1400971562
1400971582
1400971662
1400971822
1400971832
1400971842
1400971852
1400971872
1400971882
1400971892
1400972582
1400972592
1400972602
1400972612
1400972622
1400972632
1400972642
1400972652
1400972662
1400972672
1400972702
1400972802
1400972812
1400972822
1400972832
1400972842
1400972852
1400972862
1400972872
1400972882
1400972892
1400972902
1400972912
1400972922
1400972932
1400972942
1400972952
1400972962
1400972972
1400973292
1400973302
1400973312
1400973322
1400973332
1400973342
1400973352
1400973362
1400973372
1400973382
1400973392
1400973402
1400973412
1400973422
1400973432
1400973442
1400973452
1400973462
1400973472
1400973512
1400973672
1400993152
1400993162
1400993172
1400993332
1400993342
1400993352
1400993362
1400993372
1400993382
1400993392
1400993402
1400993412
1400993482
1400993492
1400993502
1400993512
1400993522
1400993532
1400993542
1400993552
1400993562
1400993572
1400993582
1400993592
1400993612
1400994142
1400994152
1400995692
1401013882
1401013892
1401013902
1401013912
1401035252
1401036582
1401037702
1401037712
1401037722
1401037732
1401037742
1401037752
1401037762
1401037832
1401037852
1401037872
1401037892
1401040662
1401040682
1401040692
1401040702
1401040712
1401161622
1401161982
1401162132
1401162142
1401162152
1401162162
1401162172
1401162182
1401162192
1401162202
1401165812
1401173412
1401175592
1401175602
1401175612
1401217452
1401217472
1401217492
1401241242
1401241282
1401245182
1401245212
1401245232
1401245242
1401245262
1401245312
1401245362
1401245472
1401245522
1401256812
1401261042
1401261062
1401285682
1401285692
1401303392
1401303422
1401303462
1401303482
1401303522
1401303542
1401303552
1401303572
1401303582
1401303632
1401303652
1401303662
1401303792
1401313502
1401329582
1401329612
1401329632
1401331282
1401337292
1401337362
1401351812
1401354912
1401354922
1401354932
1401354942
1401354952
1401354962
1401354972
1401354982
1401355062
1401355072
1401355082
1401355092
1401382242
1401382252
1401382292
1401382342
1401382362
1401382392
1401382402
1401382422
1401382512
1401382522
1401382532
1401382542
1401382552
1401382562
1401382572
1401382582
1401382592
1401382602
1401382612
1401382622
1401382722
1401382782
1401382792
1401382802
1401382822
1401382842
1401384812
1401384822
1401386072
1401386082
1401386112
1401386122
1401386132
1401386252
1401386262
1401386272
1401387322
1401387342
1401387372
1401387422
1401390462
1401390612
1401391282
1401403342
1401404182
1401404192
1401404202
1401404212
1401404222
1401404232
1401417122
1401417132
1401417142
1401417152
1401417192
1401417202
1401417212
1401419372
1401423352
1401423372
1401423382
1401423392
1401423402
1401423422
1401423432
1401423442
1401423452
1401423482
1401423512
1401423542
1401423562
1401423572
1401423582
1401423592
1401423602
1401424242
1401424252
1401424272
1401424282
1401424292
1401424302
1401425032
1401425312
1401425372
1401425382
1401425392
1401425412
1401425662
1401425712
1401425722
1401425732
1401425742
1401426202
1401426212
1401426222
1401426272
1401426492
1401426512
1401426522
1401426562
1401426672
1401426702
1401426712
1401429332
1401429412
1401429602
1401429622
1401429632
1401434792
1401434842
1401434852
1401434862
1401434872
1401434882
1401434902
1401435122
1401435132
1401435142
1401437262
1401437282
1401438072
1401438082
1401438092
1401438102
1401438112
1401438132
1401438142
1401440022
1401440042
1401440052
1401440192
1401440202
1401440252
1401440442
1401440452
1401440522
1401459482
1401459522
1401459532
1401461432
1401461452
1401461542
1401461552
1401462602
1401463032
1401463042
1401463052
1401463062
1401488732
1401488752
1401488762
1401488772
1401488782
1401496022
1401496242
1401496252
1401496272
1401496882
1401503062
1401506202
1401506212
1401506222
1401506342
1401506352
1401506362
1401506372
1401506382
1401506392
1401506402
1401506412
1401506422
1401506442
1401506452
1401506492
1401506542
1401506572
1401506582
1401506592
1401506602
1401507822
1401508622
1401508632
1401508642
1401508652
1401508662
1401508672
1401508702
1401508722
1401508732
1401508742
1401508752
1401508762
1401508772
1401511522
1401511632
1401511652
1401512002
1401512112
1401524402
1401524422
1401524442
1401524452
1401524462
1401524472
1401524482
1401524492
1401524502
1401524512
1401524522
1401524532
1401524542
1401524552
1401524562
1401524572
1401524582
1401524592
1401524602
1401524612
1401524622
1401524632
1401524642
1401524652
1401524662
1401524672
1401524682
1401524692
1401524702
1401524712
1401524722
1401524732
1401525052
1401525062
1401525072
1401525082
1401525092
1401525772
1401525792
1401525812
1401525872
1401525942
1401525952
1401525962
1401526012
1401526112
1401526132
1401526292
1401526302
1401526312
1401526322
1401526552
1401527002
1401527012
1401527022
1401527032
1401527042
1401527492
1401527502
1401527512
1401527522
1401527532
1401527542
1401527642
1401527652
1401527672
1401527712
1401528782
1401528842
1401528852
1401528902
1401528932
1401528962
1401530212
1401532262
1401532272
1401532282
1401532332
1401533062
1401533122
1401533132
1401533152
1401533162
1401533382
1401533392
1401533412
1401533422
1401533672
1401533782
1401533792
1401533802
1401533812
1401533852
1401533892
1401533922
1401533932
1401533942
1401533962
1401533982
1401534002
1401534042
1401534062
1401534072
1401534092
1401534192
1401534212
1401534232
1401534242
1401534252
1401534262
1401534272
1401534292
1401534322
1401534342
1401534352
1401534372
1401534382
1401534392
1401534402
1401534412
1401534422
1401534432
1401534442
1401534452
1401534472
1401534482
1401534492
1401534502
1401534512
1401534582
1401534592
1401534602
1401534612
1401534622
1401534632
1401534642
1401534662
1401534672
1401534682
1401534692
1401535002
1401535042
1401535052
1401535082
1401535092
1401535102
1401535112
1401535142
1401535222
1401535242
1401535262
1401535452
1401535492
1401535502
1401535652
1401535672
1401535682
1401535692
1401536442
1401536452
1401536462
1401536472
1401539572
1401539582
1401539592
1401539602
1401539612
1401539622
1401539632
1401539642
1401539652
1401539662
1401539672
1401539682
1401539692
1401539702
1401539712
1401539722
1401539732
1401539742
1401539752
1401554322
1401554332
1401554372
1401554512
1401554532
1401554542
1401554582
1401554592
1401554602
1401554632
1401554642
1401554652
1401554662
1401554672
1401554682
1401554692
1401554702
1401554712
1401554742
1401554752
1401555032
1401555092
1401555142
1401555152
1401555162
1401555172
1401555182
1401555192
1401555202
1401555392
1401556082
1401556212
1401556222
1401556672
1401556712
1401556792
1401556802
1401556812
1401556822
1401556842
1401556852
1401556862
1401556872
1401556922
1401557082
1401557112
1401557172
1401557192
1401557202
1401557222
1401557232
1401557242
1401557252
1401557322
1401557372
1401557382
1401557392
1401557422
1401558472
1401559462
1401559472
1401559482
1401559492
1401559502
1401559512
1401560712
1401561042
1401561082
1401561102
1401561552
1401561582
1401561592
1401561632
1401561652
1401561672
1401562162
1401562192
1401562242
1401562282
1401562742
1401562752
1401562762
1401562772
1401562782
1401562802
1401562812
1401563402
1401563412
1401563422
1401563432
1401563532
1401563552
1401567242
1401568242
1401568252
1401571892
1401571902
1401578832
1401578842
1401578852
1401579522
1401580342
1401580352
1401580392
1401580402
1401580412
1401582352
1401582962
1401583022
1401587402
1401587422
1401587432
1401587442
1401587452
1401587462
1401587472
1401587482
1401587492
1401591502
1401591522
1401591532
1401591542
1401591552
1401591562
1401591612
1401591622
1401591632
1401591642
1401591652
1401591662
1401591672
1401591682
1401591692
1401591702
1401591712
1401591722
1401591822
1401591862
1401591882
1401591892
1401592062
1401592072
1401592082
1401592102
1401592122
1401592132
1401592142
1401592152
1401592162
1401592182
1401592192
1401592202
1401592212
1401592222
1401592252
1401592432
1401598982
1401599002
1401599012
1401599022
1401599032
1401599042
1401599052
1401599062
1401599072
1401599082
1401599092
1401599102
1401599112
1401599122
1401617472
1401617482
1401617492
1401617502
1401617512
1401617522
1401617532
1401617542
1401617552
1401617562
1401617572
1401617582
1401617592
1401617602
1401617612
1401617622
1401617632
1401617642
1401617652
1401617662
1401617672
1401617682
1401617692
1401617702
1401617712
1401617732
1401617742
1401618262
1401618282
1401618292
1401618332
1401618362
1401618372
1401618442
1401618452
1401618482
1401618492
1401618512
1401618552
1401618572
1401618612
1401618622
1401618632
1401622312
1401622322
1401622332
1401622492
1401622502
1401622512
1401622852
1401622862
1401622872
1401632762
1401632772
1401632782
1401633932
1401633992
1401651982
1401651992
1401652002
1401652112
1401652122
1401652132
1401691522
1401691532
1401691542
1401691552
1401691562
1401691572
1401691582
1401691592
1401691602
1401711872
1401711882
1401711922
1401711932
1401721792
1401721802
1401721812
1401721822
1401721832
1401721842
1401721852
1401721862
1401721872
1401721882
1401722142
1401722152
1401722202
1401722212
1401722312
1401722332
1401722362
1401723792
1401723862
1401723942
1401723992
1401724102
1401724112
1401724122
1401724132
1401724142
1401724172
1401724192
1401724202
1401724212
1401724222
1401724252
1401724272
1401724312
1401724352
1401724382
1401724412
1401724442
1401724472
1401724492
1401724712
1401724722
1401724732
1401724742
1401724772
1401724782
1401724792
1401724802
1401724812
1401724822
1401724832
1401724842
1401724852
1401724862
1401724872
1401724882
1401724892
1401724902
1401725362
1401725392
1401725412
1401725462
1401725492
1401725512
1401725532
1401725542
1401725602
1401725612
1401725632
1401725642
1401725652
1401725662
1401725672
1401725682
1401725692
1401725702
1401725712
1401725722
1401725742
1401725752
1401725772
1401725782
1401725792
1401725802
1401725842
1401725852
1401725862
1401725872
1401725882
1401726202
1401726212
1401726222
1401726232
1401726242
1401726252
1401726262
1401726272
1401726282
1401726292
1401726302
1401726312
1401726322
1401726332
1401726832
1401727062
1401727542
1401727562
1401727572
1401727642
1401727652
1401727662
1401727672
1401727682
1401727882
1401727892
1401727902
1401727912
1401727922
1401727932
1401727942
1401727952
1401728012
1401728022
1401729672
1401737892
1401737922
1401737932
1401737942
1401737952
1401737972
1401737982
1401737992
1401738652
1401738662
1401738672
1401738952
1401738962
1401738972
1401738982
1401739002
1401739022
1401739032
1401739482
1401739492
1401739502
1401739512
1401739522
1401739532
1401739542
1401739552
1401739562
1401739572
1401739582
1401739592
1401739602
1401739612
1401739622
1401739632
1401741362
1401741412
1401741602
1401741612
1401741722
1401741872
1401741882
1401741892
1401741902
1401743362
1401743372
1401743382
1401743392
1401743402
1401743422
1401743432
1401744482
1401744622
1401744692
1401745362
1401751872
1401751882
1401751902
1401751912
1401751922
1401751932
1401751942
1401755532
1401756702
1401756722
1401765982
1401766052
1401766062
1401766152
1401766372
1401766382
1401766522
1401766602
1401766612
1401766672
1401767062
1401767072
1401767082
1401767092
1401767102
1401767182
1401767192
1401767202
1401767212
1401767912
1401767972
1401768262
1401768272
1401768292
1401768302
1401768312
1401768322
1401768332
1401768342
1401768352
1401768402
1401768412
1401768422
1401768432
1401768442
1401768452
1401768532
1401768542
1401768552
1401768562
1401768632
1401768642
1401768652
1401768662
1401768702
1401768912
1401768922
1401768932
1401768942
1401768952
1401768962
1401768972
1401768982
1401768992
1401769002
1401769012
1401769022
1401769032
1401769042
1401769052
1401769062
1401769082
1401769092
1401769112
1401769122
1401769132
1401769142
1401769182
1401769202
1401769212
1401769242
1401769262
1401769272
1401769462
1401769672
1401770102
1401770132
1401770142
1401770152
1401770702
1401770762
1401770912
1401770922
1401770942
1401770952
1401770962
1401770972
1401771382
1401771392
1401771402
1401771412
1401771432
1401771442
1401771452
1401771482
1401777662
1401777672
1401777682
1401777692
1401777702
1401777712
1401777962
1401778012
1401778072
1401778082
1401778102
1401778112
1401778132
1401778322
1401778332
1401778362
1401778372
1401778382
1401778392
1401778402
1401778412
1401778422
1401778432
1401778442
1401778452
1401778462
1401778472
1401778482
1401778492
1401778502
1401778962
1401778982
1401778992
1401779002
1401779042
1401779052
1401779062
1401779072
1401779082
1401779092
1401779102
1401779112
1401779122
1401779132
1401779142
1401779152
1401779162
1401779172
1401779182
1401779192
1401779202
1401779212
1401779222
1401779242
1401779292
1401779422
1401779462
1401779532
1401779542
1401779552
1401779602
1401779632
1401779642
1401782632
1401782642
1401782652
1401782662
1401782672
1401782682
1401782752
1401782802
1401782812
1401782822
1401782832
1401782842
1401782852
1401782862
1401782872
1401782882
1401783052
1401783112
1401783152
1401783252
1401784342
1401785242
1401786262
1401786452
1401786462
1401786472
1401786482
1401786492
1401786502
1401786512
1401786522
1401786532
1401786542
1401786552
1401786562
1401786572
1401786582
1401786592
1401786602
1401786612
1401786622
1401786632
1401786642
1401786652
1401786662
1401786672
1401786682
1401786692
1401786702
1401786712
1401786722
1401786732
1401786752
1401786762
1401786772
1401786782
1401786792
1401786802
1401786812
1401786822
1401786832
1401786842
1401786862
1401786902
1401787462
1401787482
1401788602
1401789202
1401789232
1401789272
1401789282
1401789292
1401789302
1401789312
1401789362
1401792382
1401792392
1401792402
1401792412
1401792422
1401792432
1401792632
1401792662
1401792672
1401792712
1401792902
1401792972
1401793012
1401793022
1401793032
1401793042
1401793052
1401793062
1401793132
1401793142
1401793152
1401799402
1401799412
1401799422
1401799432
1401799562
1401799572
1401799582
1401799592
1401800102
1401800112
1401800202
1401800222
1401800242
1401800262
1401801042
1401801052
1401801062
1401801072
1401801082
1401801092
1401801102
1401801112
1401801122
1401801142
1401801152
1401801162
1401801172
1401803442
1401803452
1401803472
1401803482
1401803492
1401803512
1401803552
1401803562
1401803652
1401806022
1401806032
1401806042
1401806052
1401806062
1401806072
1401806082
1401806092
1401806102
1401806112
1401806122
1401806132
1401808092
1401808112
1401808122
1401808142
1401808172
1401808242
1401854142
1401854152
1401854162
1401854172
1401854182
1401854192
1401854202
1401854222
1401854232
1401854242
1401854252
1401854262
1401854272
1401854282
1401854292
1401854302
1401854312
1401854322
1401854332
1401854342
1401854352
1401866722
1401866742
1401866752
1401866762
1401866772
1401866782
1401866792
1401866802
1401866812
1401866822
1401866842
1401866852
1401866862
1401866882
1401866902
1401866912
1401866932
1401866952
1401866972
1401866992
1401867002
1401867012
1401867022
1401867032
1401867042
1401867052
1401867062
1401867072
1401867082
1401867092
1401867102
1401867112
1401868992
1401869082
1401869142
1401870022
1401870032
1401870042
1401870052
1401870082
1401870122
1402063902
1402064922
1402065002
1402752302
1402752312
1402752322
1402752332
1402752342
1402752362
1402752372
1403035232
1404823772
1404823832
1406005902
1406005912
1406005952
1406005962
1406005972
1406005982
1408776722
1409215812
1409215892
1409215902
1409215972
1409215982
1412663542
1412663662
1412663682
1412663702
1412663732
1412663752
1412663782
1412663812
1412681432
1412681442
1412681452
1412681462
1412681472
1412681482
1412681492
1412681502
1412789722
1412873322
1413536592
1413536622
1413536652
1413536702
1413536712
1413536732
1413536742
1413536752
1415268912
1415268932
1415955182
1415955192
1415955202
1415955212
1415955232
1415955242
1415955252
1415955362
1415955372
1415955382
1415955402
1415955412
1415955422
1415955462
1415956732
1415956742
1415956752
1415956762
1415956772
1415956782
1415956792
1415956802
1415956812
1415962962
1415962972
1415962982
1415962992
1415963002
1415963022
1415963032
1415963042
1415972432
1415972482
1415984012
1415984022
1415984032
1415984042
1415984052
1415984062
1415984072
1415984112
1415984122
1415984132
1415984142
1415984152
1415984162
1415984172
1415984182
1415984192
1415984202
1415984212
1415984222
1415984262
1415984272
1415984282
1415984292
1415984342
1415984352
1415984362
1415984372
1415984382
1415984392
1415984402
1415984412
1415988012
1415988032
1415988052
1415988062
1415988072
1415988082
1415988092
1416056972
1416057042
1416057052
1416057072
1416057152
1416057162
1416057232
1416057242
1416057252
1416057262
1416057282
1416057292
1416057302
1417464222
1417464232
1417464242
1417464252
1417464262
1417464272
1417464282
1417464292
1417464342
1417571152
1417571312
1418878052
1419628382
1419628422
1419714262
1419990372
1420382372
1420382382
1420382392
1421416502
1421416512
1421416522
1421416542
1421416552
1421416562
1421416572
1421416592
1421416602
1421416612
1421416622
1421416632
1421416642
1421416652
1421416662
1421416672
1421416682
1421416692
1421416702
1421416712
1421416722
1421416742
1421416752
1421416762
1421416782
1421416792
1421416802
1421416812
1421416822
1421416832
1421416842
1421416852
1421416862
1421603492
1421603562
1421603592
1421603622
1421603632
1421603672
1421607702
1421607712
1421607802
1421607852
1421607872
1421607972
1421619812
1421619832
1421619852
1421620122
1421620132
1421620142
1421621112
1421621122
1421621142
1421621162
1421621172
1421621192
1421654802
1421654812
1421654822
1421654842
1421654852
1421654882
1421654892
1421654902
1421654922
1421654942
1422287062
1427183502
1427951662
1428730532
1428740372
1428740382
1428740392
1428740402
1428740412
1428740422
1428740432
1428743082
1428743092
1429204662
1429213792
1429213832
1429213932
1429244812
1429295202
1429295222
1429295252
1429295352
1429295402
1429295412
1429295512
1429295552
1429295572
1429295592
1429295612
1430175302
1430175312
1430175322
1430175352
1430175362
1430175372
1430175402
1430175412
1430190232
1430190242
1430190272
1430190302
1435868412
1435868422
1435868492
1435868552
1436273912
1436273952
1436273962
1436273972
1438136242
1438297052
1438297462
1438297562
1438712902
1438713012
1441659442
1441659452
1441659462
1441659472
1441659482
1441659502
1441659512
1441659522
1442666822
1442666832
1442666852
1442666872
1442666912
1442666932
1442666942
1442666952
1442666962
1442666972
1442666982
1442666992
1442667002
1442667012
1442667022
1442667042
1442667062
1442667132
1442667152
1442667182
1442667202
1442667222
1442667242
1442667262
1442667272
1442667292
1442667302
1443002712
1443002732
1443002772
1445376502
1445376582
1445376612
1445376642
1445376652
1449214552
1449214562
1449214572
1449214612
1449214662
1449214682
1449214702
1450325702
1450669192
1450669232
1450669512
1450669522
1450669572
1451478092
1451478112
1451478732
1451478952
1452412032
1452412042
1452412052
1452412062
1452412202
1453921752
1453921762
1454820092
1454820102
1454820112
1456091292
1456091302
1456091312
1456091322
1456091342
1456091352
1456091362
1456091372
1456091382
1456267932
1456300942
1456300952
1456300962
1456301012
1456301022
1456301032
1456301042
1456301122
1456301142
1456301242
1456301262
1457110252
1457110262
1457110272
1457110282
1457110292
1457110302
1457110322
1457110332
1457110342
1457110392
1457110422
1457110462
1457110472
1457110502
1457110512
1457110522
1457110542
1457110552
1457110562
1457110572
1457110582
1457110592
1457110602
1457110612
1457110622
1457110632
1457110652
1457110662
1457110672
1457110682
1457110692
1457581422
1459560402
1459560702
1459561912
1459561972
1459562352
1460221192
1460221202
1460221212
1460221232
1460584222
1461477642
1461735662
1461757282
1461757292
1461757302
1461757322
1461791942
1461791962
1461791982
1461791992
1461802402
1462458432
1462458482
1462458512
1462458532
1462687962
1463285952
1463297582
1464193992
1464194002
1464194012
1464194022
1464194032
1464194042
1464194052
1464194062
1464194072
1464194082
1464194092
1464194102
1464194112
1464194122
1465673712
1465673722
1465673732
1465673742
1465673752
1465673762
1465673772
1465673782
1465673792
1465673822
1465673832
1465673882
1465673952
1465674282
1465674292
1465674302
1465674312
1465674322
1465674332
1465674342
1465674352
1465674362
1465674372
1465674382
1465674392
1465674402
1465674412
1465674422
1465674442
1465674482
1465674502
1465674512
1465674522
1465674532
1465674542
1465674562
1465674582
1465674602
1465674652
1465674672
1465674682
1465674692
1465674702
1465674712
1465674722
1465674732
1465674742
1465674752
1465674762
1465674772
1465674782
1465674792
1465674802
1465674812
1465674822
1465674832
1465674842
1465674852
1465674862
1465674872
1465674892
1465675042
1465675052
1465675102
1465675112
1465675132
1465675142
1465675152
1465675162
1465675172
1465675182
1465675622
1465675642
1465675742
1465675762
1465675782
1465675792
1465675802
1465675812
1465675822
1465675832
1465675842
1465675942
1465675962
1465675972
1465676012
1465676042
1465676202
1465676242
1465676332
1465676342
1465676352
1465676362
1465676372
1465676382
1465676462
1465676472
1465676482
1465676492
1465676502
1465676562
1465676622
1465676632
1465676642
1465676652
1465676662
1465676672
1466750002
1466750042
1466750062
1466976502
1466976512
1466976522
1466997592
1466997642
1467022112
1467022222
1469184662
1469184672
1469411132
1469411162
1469411172
1469411282
1469411292
1469840852
1469840862
1469840872
1469840882
1469840922
1470054282
1470208022
1470210562
1470210572
1470210582
1470211012
1470211022
1470211082
1470211532
1470211542
1470211552
1470211572
1470211582
1470211642
1470214712
1470214842
1470214872
1470214902
1470214922
1470214952
1470214982
1470215012
1470215042
1470215062
1470215092
1470217822
1470218052
1470218102
1470218992
1470220612
1470220622
1470220952
1470222842
1470222852
1470222862
1470222872
1470222882
1470228802
1470229892
1470229912
1470230002
1470230022
1470230042
1470230062
1470230072
1470230082
1470230092
1470230102
1470232132
1470232142
1470232152
1470232162
1470232172
1470232182
1470232192
1470232202
1470232232
1470232622
1470232632
1470233112
1470326352
1470326362
1470326372
1470326392
1470326402
1470326442
1470326462
1470326472
1470326492
1470326502
1470326522
1470326532
1470326542
1470326552
1470326572
1470326582
1470326612
1470735802
1470735812
1470735822
1470735832
1470735842
1470735852
1470735862
1470735872
1470735882
1470735892
1470735902
1470735912
1470735922
1470735932
1470735942
1470735952
1470735962
1470735972
1470736142
1470736152
1470736162
1470736172
1470736182
1470736192
1471162232
1471162252
1471162282
1471162292
1471162302
1471162312
1471162322
1471162332
1471162342
1471162362
1471162372
1471162382
1471162392
1471162402
1471162412
1471162422
1471162432
1471162442
1471162452
1471162472
1471162482
1471162492
1471162502
1471162512
1471162522
1471162532
1471162542
1471162552
1471162622
1471162632
1471162642
1471162652
1471162662
1471162672
1471162722
1471162732
1471162742
1471162752
1471162762
1471162852
1471162862
1471162872
1471162902
1471162912
1471162922
1471162932
1471162972
1472449252
1472449272
1472449322
1472860142
1472860172
1472860192
1472860282
1472860392
1472917652
1472917672
1472917702
1472917762
1472917772
1472917782
1473469162
1473469222
1476620502
1476620512
1476620522
1476620532
1476755132
1476772622
1476772642
1476772822
1476853402
1476873172
1476873272
1476873822
1476879472
1476894392
1476894522
1476940382
1477094112
1477094172
1477094212
1477094222
1477094232
1477094252
1477094262
1477626842
1477627012
1477627052
1477627082
1477627112
1477627122
1477639652
1477724722
1477724852
1477726112
1477726122
1477726152
1477726162
1477726172
1477726182
1477726222
1477726232
1477726282
1477737362
1477737382
1477737412
1477737452
1477737582
1477737602
1477737632
1477737642
1477737652
1477737662
1477737672
1477786202
1477790852
1477813622
1477825472
1477825492
1477825512
1477843732
1477892962
1477893052
1477893062
1477893072
1477893092
1477893102
1477893122
1477893132
1477893142
1477894302
1477894502
1477974542
1478833772
1478833882
1478833992
1478834472
1478834552
1478834602
1478834612
1478834622
1478834632
1478834692
1478834762
1478834862
1478835052
1478835222
1478835292
1478835522
1478835882
1478835952
1478836072
1479188992
1479189792
1479194932
1479198032
1479198052
1479198062
1479198072
1479198082
1479198092
1479198102
1479198112
1479198122
1479198132
1479198162
1479198192
1479198202
1479198212
1479206092
1479207082
1479207112
1479208782
1479213002
1479214122
1479214132
1479214152
1479214172
1479214212
1479214282
1479215112
1479215162
1479215182
1479215192
1479215202
1479215212
1479215292
1479215302
1479215312
1479215322
1479215332
1479218812
1479219602
1479225872
1479231222
1479231272
1479231282
1479231292
1479231302
1479231312
1479231322
1479231332
1479231342
1479231352
1479231542
1479247182
1479247202
1479247242
1479247722
1479255062
1479265202
1479265532
1479269302
1479269322
1479269342
1479269362
1479787752
1479789002
1479790672
1479831532
1479831782
1479832612
1479832672
1479832682
1479848352
1479848362
1479848372
1479848402
1479866392
1479866402
1479866422
1479866452
1479866472
1479866482
1479866492
1480211452
1480211472
1480211572
1480211592
1480211602
1480211632
1480211652
1480211682
1480211712
1480394562
1480394632
1480507052
1480507072
1480507092
1480507192
1480530772
1480793412
1480793432
1480793562
1480793572
1480824692
1480824722
1480824732
1480856322
1480856442
1480856682
1480856702
1480874522
1480874562
1480874572
1480874612
1480874632
1480892102
1480892142
1480892152
1480892162
1480892172
1480892182
1480892192
1480892202
1480892212
1480892222
1480892232
1480909142
1480909182
1480977372
1480977412
1480978502
1481051902
1482025762
1482187842
1482188012
1482188072
1482860182
1482860192
1482860202
1482860212
1482860222
1482860232
1482860242
1482860252
1482860262
1482860272
1482860282
1482860302
1482860312
1482860322
1482860332
1482860362
1482860372
1482860382
1482860392
1482860402
1483831212
1483831222
1483831232
1483831332
1484287422
1484287432
1484287492
1484287502
1484287522
1484287532
1484287542
1484322252
1484322262
1484322272
1484322282
1484322292
1484322302
1484322312
1484322322
1484322332
1484322342
1484322352
1484322362
1484322372
1484322382
1484322392
1484322402
1484681172
1484764442
1484764452
1484764462
1484764472
1484764482
1484764492
1484764502
1484764512
1484764522
1484764532
1484764542
1484764552
1484764562
1487506922
1487507022
1487507082
1487507092
1487965822
1487965832
1487965842
1487965852
1487966092
1487966102
1487966112
1487966152
1487966172
1487966192
1487966202
1487966212
1489136672
1490283532
1490283572
1490283582
1490283862
1490283872
1490283892
1490284172
1490284182
1490284202
1490285032
1490285052
1490285402
1490678622
1490678632
1490678642
1490678652
1490678662
1490678672
1490678902
1490755942
1490756102
1492708832
1492708862
1492708872
1493505212
1493505222
1493505232
1493505242
1493505282
1493505292
1493505302
1493505312
1493505322
1493505332
1493505342
1493505352
1493505362
1493505372
1493505382
1493505392
1493505402
1493505492
1493505502
1493505512
1493505522
1493505542
1493505552
1493505562
1493505582
1493505712
1493505732
1493505802
1493505842
1493505852
1493505952
1493505962
1493505972
1493505982
1493764832
1493764842
1493764872
1493764882
1493764912
1493765002
1495456672
1495456682
1495924812
1495924832
1495924842
1495924852
1495924862
1495924882
1495924902
1496652782
1496652792
1496652802
1496652862
1498457492
1499949402
1500024922
1500024982
1501853012
1501922452
1501922522
1501922592
1501922632
1501922652
1501922732
1501922852
1501922982
1501923002
1501923032
1501923382
1501923422
1501923552
1501923562
1501923572
1503273812
1503273822
1503273832
1503273842
1503273852
1503281352
1503281412
1503422282
1503448792
1503448802
1505734062
1505741492
1505741512
1505741522
1505741552
1506226912
1506226922
1506243492
1506244342
1506244352
1506244382
1506244412
1506244462
1506244482
1506246852
1506246862
1506246872
1506246932
1506252432
1506252992
1506253602
1506253652
1506253672
1506253692
1506253862
1506254012
1506254902
1506269032
1506271692
1506290742
1506902422
1506902432
1506902452
1506904762
1506910532
1506910542
1506910632
1507274782
1507274852
1507274872
1507274902
1507275002
1507275322
1507276652
1507290152
1507737642
1507994252
1507994262
1507994272
1507994282
1507994292
1507994302
1509489712
1509489732
1509489742
1509489762
1509490402
1509504462
1509504472
1509504482
1509505392
1509509302
1509509412
1509736072
1509736092
1509736102
1509736112
1509736122
1509736132
1509736142
1509736152
1509736162
1509915242
1509915272
1509915282
1509915292
1510042292
1510042302
1510042312
1510042322
1510042332
1510042352
1510042362
1510042372
1510042382
1510042392
1510042402
1510042412
1510042422
1510042432
1510042442
1510042452
1510042462
1510042482
1510042502
1511646712
1511646722
1511646732
1511954872
1511954922
1512029702
1512029882
1512030062
1512030102
1512030312
1513760832
1513760842
1513760902
1513761312
1513761362
1513761372
1515738392
1515789912
1515789932
1515789992
1515790002
1515790022
1515790032
1515790042
1515790062
1515790072
1515790082
1515790122
1516324672
1516324762
1516324772
1516324852
1516328672
1516590152
1518261832
1519429182
1519429192
1519429202
1519429212
1519429222
1519429232
1519429242
1519429252
1519429262
1519429272
1519429282
1519429292
1519429302
1519429312
1519429322
1519429332
1519429402
1519429412
1519429422
1519429432
1519429522
1519429572
1519429642
1519429712
1519429722
1519429732
1519429802
1519429982
1519429992
1519430002
1519430012
1519430052
1519430062
1519430072
1519430082
1519430092
1519430242
1519430262
1519430352
1519430392
1519430402
1519430412
1519430502
1519430512
1519430522
1519430532
1519760682
1519760722
1519760742
1520344152
1521904702
1521904852
1522039832
1522039842
1522039852
1522039862
1522148172
1522148192
1522148202
1522148212
1522148222
1522148242
1522148252
1522575682
1522575982
1522720292
1522720302
1522720312
1522720322
1522720362
1522720372
1522720392
1522720402
1522720462
1522920682
1522920692
1522920702
1522920712
1522920722
1522920732
1522920742
1522920752
1522920762
1523062252
1523062262
1523062272
1524754342
1524754352
1524754362
1524997172
1524997202
1524997212
1524997222
1524997232
1524997242
1524997252
1524997262
1524997272
1524997282
1524997302
1524997312
1524997322
1524997332
1524997342
1524997372
1524997382
1524997392
1524997412
1524997422
1524997442
1524997462
1524997472
1524997482
1524997492
1524997502
1524997512
1524997522
1524997532
1524997542
1524997552
1524997572
1524997582
1524997592
1524997602
1524997612
1524997632
1524997642
1524997652
1524997672
1524997682
1524997692
1524997702
1524997732
1524997742
1524997752
1524997772
1524997782
1524997802
1524997822
1524997842
1524997852
1524997862
1524997872
1524997892
1524997902
1524997912
1524997932
1524997962
1524997982
1526168322
1526168332
1526168342
1526168362
1526168372
1526168382
1526168412
1526168552
1526168562
1526168572
1526168592
1526168612
1526168692
1526168702
1526168712
1526361542
1526361812
1526361922
1526361962
1527318882
1527318892
1527480672
1527480752
1527497842
1527775222
1527775242
1527775252
1527775262
1527775272
1527775292
1527775302
1527775312
1527775362
1527775372
1527775392
1527775432
1529117692
1531674442
1531674452
1531674462
1531674472
1531674482
1531674492
1531674502
1533256342
1533256362
1533256472
1533256512
1533256882
1533565392
1533565402
1533565412
1534546002
1534546022
1534546042
1534546062
1534546082
1534546092
1535395262
1537037832
1537037852
1537037872
1537037952
1537037972
1537067922
1537067932
1537067942
1537067952
1537067962
1537067972
1537067982
1537068002
1537068012
1537068022
1537068032
1537068052
1537068062
1537068072
1537068082
1537068092
1537068102
1537068112
1537068122
1537068132
1537068192
1537068202
1537068212
1537068222
1537068232
1537068242
1537068272
1537068282
1537068292
1537068362
1538762462
1538762472
1538762482
1538762492
1538762502
1538762512
1538762522
1538762532
1538945002
1538945012
1538945042
1538945092
1538945112
1538945122
1538955972
1539214402
1539214412
1539214422
1539214432
1539214452
1539214462
1539214472
1539214482
1539214862
1539214872
1539214882
1539214892
1539214902
1539214912
1539214922
1539214932
1539457232
1539457242
1539457252
1539457322
1539457332
1539457342
1539457382
1539457392
1539457402
1539457412
1539457422
1539457432
1539458222
1539458552
1539458592
1540025972
1540508852
1542214452
1542214492
1543621082
1543621092
1543621102
1545876242
1545886872
1547256662
1549534502
1549534522
1549534532
1549534542
1549534552
1549534562
1549534592
1549534602
1549534612
1549534622
1549534632
1549534662
1549534682
1549971912
1550798682
1550798702
1550798712
1550798722
1550798772
1550798782
1550798792
1550799062
1550799222
1550799232
1550799242
1550799252
1550799262
1550799292
1550799302
1550802572
1550802612
1550802622
1550802632
1550802642
1550802652
1550802662
1550832622
1554973402
1555250862
1555250872
1555250882
1555250892
1555250902
1555250922
1555250962
1555449532
1555449542
1555449552
1555449562
1555449572
1555449582
1555449592
1555449602
1555449642
1555449652
1555449662
1555449672
1555449682
1555449692
1555449702
1555449712
1555449722
1555449732
1555449742
1555449752
1556055622
1556055632
1556055642
1556055652
1556055662
1556055672
1556055682
1556055692
1556064322
1556064332
1556064342
1556064352
1556064362
1556064392
1556064422
1556064432
1556064442
1556065422
1556463142
1556463182
1556463192
1556463202
1557264802
1557264842
1557264852
1557264892
1557446622
1561888492
1561888582
1561888592
1561888602
1561888612
1561888622
1561888632
1561888642
1561889752
1561889762
1561973732
1561973742
1561973762
1561973782
1561973802
1561973812
1561973852
1561973872
1561973882
1561973892
1561973922
1562025402
1562025412
1562025422
1562025472
1562025482
1562025492
1562025512
1562025532
1562025542
1562025552
1562025802
1562025812
1562041722
1562041732
1562041742
1562041792
1562041802
1562041812
1562055192
1562062022
1562062032
1562062042
1562062052
1562062082
1562062092
1562062122
1562062132
1562062142
1562062162
1562062192
1562129932
1562129952
1562129962
1562129972
1562129982
1562130032
1562130052
1562130072
1562130092
1562130112
1562130152
1562791252
1563631962
1564899772
1564899822
1564899852
1564899882
1564899922
1564899932
1564899942
1564899952
1564899972
1564899992
1564900002
1565321342
1565321352
1565365582
1565432732
1569839602
1569839612
1569839622
1569839632
1569905262
1569905282
1569905292
1569905302
1569905312
1569905322
1569905332
1571006052
1571165222
1571255052
1571255062
1571276622
1572491902
1572491912
1573700282
1573700292
1573700302
1573700352
1573700432
1573700442
1573773172
1574062252
1574062272
1574063432
1574063462
1574063472
1574063502
1575870972
1575870982
1575871002
1575871012
1575871022
1575871032
1575871042
1575871052
1575871062
1575871082
1575871102
1575871112
1575871122
1575871162
1575871182
1575871202
1576073622
1576073732
1576097562
1576569582
1576569592
1576569612
1576569642
1576569682
1576569712
1576569722
1576584212
1576584222
1576584262
1576584272
1576584292
1576587072
1576587082
1578453022
1578453042
1578453052
1578453062
1578453082
1578453102
1578453112
1578453132
1578453142
1578453162
1578453172
1578453192
1578453212
1578453222
1578453282
1578453292
1578453332
1579376072
1579376082
1579376092
1579376142
1579376152
1579376162
1580390992
1580391072
1580391082
1580391182
1580391202
1581243472
1581243522
1581243532
1581243542
1581243552
1581243562
1581243572
1581337082
1581337092
1581337102
1581337112
1581337122
1581337132
1581337142
1581337152
1581337162
1581337172
1581337182
1581337192
1581337202
1581337212
1581337222
1581337232
1581337242
1581337252
1581844252
1581844262
1581844292
1581844302
1581844312
1581844322
1581844342
1582263492
1582263502
1582263512
1582263522
1582386672
1582391272
1582391282
1582391292
1582432972
1582432992
1582433052
1582433132
1582433162
1582433172
1582433182
1582433202
1582433212
1582433232
1582433252
1582433272
1582433292
1582433332
1582433352
1582433372
1582433402
1584360392
1584360402
1584360412
1584360422
1586217622
1586217632
1586217672
1586217732
1586217742
1586217762
1586217782
1586217792
1586217802
1586217822
1586217862
1586217892
1586217902
1586217922
1586217932
1586217962
1586217972
1586217982
1586218002
1586218012
1586218052
1586218062
1586402942
1586402962
1586402982
1587063162
1587063242
1587748322
1589339342
1591123772
1591124122
1591124132
1591124142
1591124152
1591124162
1591124172
1591124182
1591124192
1591156132
1591156142
1591156152
1591156162
1591156262
1591970671
1591970681
1592375781
1592375791
1592375801
1592375811
1592375881
1592375891
1592375901
1592715881
1593313761
1593313791
1593313801
1593313851
1593313871
1593401121
1593401131
1593401141
1593401151
1593401181
1593401201
1593401211
1593401221
1593401231
1593401361
1593401371
1593401391
1593401401
1593401411
1593401421
1593401431
1593401461
1593401471
1593401491
1593401521
1593401541
1593401551
1593401561
1593401581
1593401591
1593401601
1593401621
1594574661
1596196802
1596197602
1597356202
1597356212
1597356222
1597356232
1597356242
1597356252
1597356262
1597356302
1597356322
1597356332
1597356352
1597932802
1597932812
1597940152
1597940162
1597940172
1597940182
1597940192
1597940202
1597940212
1597940222
1597940232
1597940242
1597940252
1597940282
1597940302
1597940332
1597940342
1597940362
1597940382
1597940392
1597940402
1597940412
1597940422
1598711522
1598711532
1598711542
1598711552
1599059402
1605917662
1605917692
1605917702
1605917712
1609047972
1609048072
1609048082
1609952962
1609953062
1609953072
1610467552
1610467592
1611087272
1611087502
1612990002
1612990012
1612990022
1612990032
1612990042
1612990052
1612990062
1612990072
1612990172
1612990672
1612990692
1614049712
1614050622
1614050632
1614050662
1614050682
1614072532
1614072542
1614072552
1614072562
1614072572
1614072592
1617955402
1618008672
1618008682
1618008692
1618008702
1618008712
1618008792
1618020982
1618021002
1618277862
1618277872
1618277882
1618668432
1619137762
1619137772
1619137792
1619419332
1619419362
1619419392
1619419632
1619419642
1619419662
1619419682
1619419692
1620424382
1620424402
1620584272
1620584282
1620584292
1620584302
1620584312
1620584322
1620584412
1620584642
1620584652
1620584722
1620647842
1620731592
1620731602
1620731612
1620731622
1620731632
1620773202
1620773842
1620773852
1622515452
1622515462
1622515472
1622515682
1622515702
1622515712
1622515722
1622515732
1622515742
1622516152
1622516202
1622516242
1623186512
1624648682
1624648692
1624648742
1624648862
1624984272
1625102742
1626681592
1626681602
1626681622
1626843772
1626844052
1626844292
1626844362
1626844542
1626844602
1626844642
1626844662
1626844742
1626844942
1626845452
1626845522
1626845572
1626845602
1626845632
1627384322
1627384462
1627384472
1627384622
1627384632
1627384652
1627384712
1627384732
1628074562
1628074572
1628074582
1628074632
1629771532
1629771542
1629771552
1629771572
1629771652
1629771732
1629771782
1629771802
1632008962
1632008972
1632008982
1632009022
1632009032
1632009042
1632124002
1633319442
1633319492
1633319532
1634955122
1634955152
1634955192
1635232542
1635232572
1636733872
1636733882
1636733892
1636733902
1636733912
1636733922
1636733932
1636733942
1636733972
1636734002
1636734012
1636734022
1636734042
1636734052
1636734082
1636734092
1636734102
1636734122
1636734132
1636734202
1636734222
1636734242
1636734252
1636871062
1636871072
1636871082
1636871092
1636871102
1636871112
1636871122
1636871132
1636871142
1636871152
1636871162
1637016942
1637016952
1637502262
1637502312
1637573302
1637573312
1637573322
1637573332
1637573342
1637584432
1637584442
1637584452
1637584462
1637584472
1637584482
1638093862
1639405382
1639405402
1639405422
1639484492
1640236052
1640236062
1640236072
1640236082
1640236092
1640236102
1640236112
1640236122
1640236132
1640236142
1640236162
1640236172
1640236182
1640236202
1640236282
1640236302
1640236312
1640244152
1640244182
1641151632
1641151672
1641151852
1641377912
1641377932
1641377952
1641377962
1641377972
1641377982
1641377992
1641378012
1641378022
1641395202
1641395212
1641395222
1641395232
1641395242
1641395272
1641395292
1641395352
1641395362
1641848372
1642328222
1643759502
1643759512
1643759522
1644546252
1644546262
1644546272
1644546282
1644546292
1644546312
1644554402
1644554782
1644554902
1644554922
1645284942
1645284952
1645284972
1645284982
1645299502
1645299702
1645299712
1645299962
1645299972
1645300022
1646407632
1646407642
1646407652
1646407662
1646407672
1646407682
1646407692
1646407702
1646407712
1646407722
1646407732
1646407742
1646407752
1646407762
1646407772
1646407782
1646407792
1646407812
1646407822
1646407832
1646407842
1647633592
1647633622
1647633632
1647633642
1647633652
1647633672
1647633692
1647633712
1647633732
1647633742
1647699362
1647699402
1647699422
1648605422
1648605432
1648605442
1648672112
1648672122
1648672132
1648672142
1648739582
1648739692
1648739992
1648740002
1648740012
1648740052
1648999852
1648999862
1648999872
1648999882
1649000542
1649000572
1649000592
1649000602
1649000662
1649000672
1649000682
1649000692
1649000702
1649000712
1649000722
1649000732
1649000742
1649000752
1649000762
1649000772
1649000782
1649000792
1649000802
1649000812
1649000822
1649000832
1649000842
1649000852
1649000972
1649001002
1649001012
1649001052
1649001612
1649001622
1649001632
1649001642
1649001652
1649001662
1649001672
1649001682
1649001692
1649001712
1649001722
1649001732
1649048052
1649048062
1649048072
1649048082
1649048092
1649048102
1649048112
1649580032
1651095212
1651095222
1651095232
1651095252
1651095302
1651163962
1651465692
1651465702
1651465722
1651465762
1652241432
1652241472
1652266822
1655485242
1655485312
1655489972
1655507492
1655953192
1657404732
1657404742
1657404752
1657799322
1657799522
1657805052
1657805212
1657805242
1657805272
1657805312
1657805352
1657805642
1658665482
1658665492
1658665502
1658665542
1658665862
1659451872
1659452032
1659935922
1659981172
1659981182
1659981192
1662809632
1662809652
1662809662
1662809672
1662809682
1662809692
1665280632
1665280642
1665280652
1665280662
1665280672
1665280782
1665280802
1665280812
1665280832
1665284142
1665284152
1665284162
1665284182
1665284192
1665284202
1665357022
1665650862
1665650872
1665650882
1665650932
1665650942
1665650952
1665650962
1665650972
1665672082
1665672112
1665672212
1665672352
1665672412
1666524172
1666524192
1666524242
1666524252
1666524302
1667117782
1667192002
1667570202
1667570212
1667570222
1667570232
1667570242
1667570282
1667949202
1667949252
1667953502
1670193962
1670193972
1670193982
1671012712
1671012722
1671012732
1671012742
1671012752
1671012762
1671012772
1671012782
1671012792
1671012802
1672342007
1672342017
1672395857
1672395867
1672395877
1672395887
1672395917
1672460847
1672460857
1672460867
1672460877
1672461657
1672461667
1672461677
1672461837
1672461847
1672461857
1672461867
1672462117
1672462197
1672967687
1672967707
1672967817
1674557517
1674557527
1674557567
1674557577
1674557597
1674557617
1674557627
1674557637
1674557647
1674557657
1674557697
1674557757
1674557767
1674557787
1674557797
1674557827
1675119847
1675170287
1675177247
1675179667
1675179697
1675179767
1675179777
1675179797
1675179817
1675179827
1675179837
1675179847
1675179867
1675179877
1675179887
1675179897
1675186937
1675186947
1676660087
1676660147
1676660167
1676660177
1676751347
1676842947
1676842967
1676843657
1677107297
1677107307
1678108847
1678108867
1678108877
1678108887
1678108897
1678108907
1678206427
1678206487
1678997427
1678997517
1678997527
1678997537
1678997547
1678997557
1678997567
1678997577
1678997587
1678997597
1678997607
1678997617
1679579207
1679579217
1679579227
1679579237
1679579247
1679579257
1680180347
1680180357
1680180367
1680180397
1680180407
1680183957
1680183967
1680183977
1680183987
1680183997
1680184007
1680184017
1680184027
1680184037
1680184047
1680184127
1680184167
1680184177
1680184217
1680184227
1680184237
1680184287
1680184297
1680184317
1680184327
1680184337
1680184457
1680184467
1680184477
1680184487
1680184497
1680184507
1680184527
1680184547
1680184567
1680769317
1680769347
1680769407
1680769507
1680769527
1680769547
1680769567
1680769647
1680769677
1680769707
1680769747
1682740867
1682740877
1682794417
1682813577
1683260177
1683260187
1683260197
1683260227
1683260267
1683260337
1683260347
1683260357
1683260367
1683260377
1683260387
1684837197
1684837207
1684837267
1685117217
1685117237
1685117247
1685117257
1685117267
1685117277
1685117287
1685117297
1685117307
1685117317
1685208277
1685208307
1685208317
1685553437
1685553447
1685773277
1685773287
1685773317
1685773337
1685773347
1687398187
1687398197
1687398207
1687398247
1687398257
1687467067
1687467077
1687467107
1687467127
1687467137
1687467147
1687467157
1687528637
1687528647
1687528657
1687528677
1687528687
1687528697
1687528707
1687528717
1687528727
1687528767
1687528777
1687528787
1687528797
1687528807
1687528817
1687528827
1687528837
1687528847
1687528857
1687528867
1687528887
1687843847
1687843867
1687843887
1687843897
1687843907
1687843927
1687843937
1687843947
1687843957
1687910497
1687910667
1687911257
1687911267
1687911337
1687911347
1687911367
1687911377
1687911397
1687911407
1687911427
1687911627
1687911757
1687911787
1687911817
1687911917
1687911937
1687911967
1687912007
1687912017
1687912057
1687912127
1688901967
1688901987
1688902397
1689056087
1689056137
1689056157
1689056177
1689056187
1689063807
1689083647
1689083657
1689083677
1689083897
1689084117
1689084127
1689084417
1689978027
1689978037
1689978047
1689978057
1689978067
1689978077
1689978087
1689978097
1689978137
1689978147
1689978157
1689978167
1689978177
1689978187
1689978197
1689978207
1689978217
1689978227
1689978237
1689978287
1690003277
1690003287
1690003307
1690003317
1690004307
1690004397
1690004407
1690004417
1690112137
1690112197
1690150807
1690200337
1690200367
1690200377
1690200417
1690200427
1690200517
1690200667
1690200687
1690200707
1690200837
1690200857
1690200937
1690200987
1690201027
1690201087
1690201107
1690225327
1690225337
1690225347
1690225357
1690225457
1690659187
1692246157
1692246167
1692246177
1693918507
1693918527
1695197957
1695198597
1695673977
1696889637
1696889647
1696889657
1696889667
1696889677
1696889687
1696889697
1696889707
1696889717
1696889727
1696889737
1696889757
1696889767
1696889777
1696889787
1696889797
1696889807
1696889817
1696889827
1697734827
1698003497
1698003507
1698003517
1698003527
1698003537
1698003547
1698003557
1698003567
1698003577
1698003587
1698003597
1698003607
1698029287
1698029347
1698029357
1698029367
1698218767
1698342047
1698342057
1698628137
1698667667
1698667717
1699657517
1700442957
1700442977
1700442987
1700442997
1700443017
1700443027
1700443057
1700443067
1700443077
1700443097
1700443107
1700443127
1700443137
1700443147
1700443287
1700443317
1700443327
1700443377
1700443407
1700443437
1700443497
1700443517
1700443547
1700443597
1700443607
1700443617
1700443627
1700443657
1700443677
1700443687
1700443717
1700443787
1700443797
1700443817
1700443847
1700443867
1700443877
1700443887
1700443897
1700443927
1700443947
1700443957
1700443967
1700443977
1700443997
1700444007
1700444177
1700444267
1700444277
1700444287
1700444297
1700444307
1700444317
1700444327
1700444337
1700444347
1700444357
1700444367
1700444437
1700444817
1700444827
1700444857
1700444867
1700444877
1700444887
1700444897
1700444907
1700444917
1700444927
1700444947
1700444957
1700444967
1700444977
1700444987
1700444997
1700445007
1700445017
1700445027
1700445037
1700445047
1700445057
1700445067
1700445077
1700445087
1700445097
1700445127
1700445137
1700445147
1700445157
1700445167
1701482747
1702454457
1702454467
1702454477
1702454487
1702454497
1702454517
1702454537
1702454567
1702454587
1702454597
1702454627
1702454637
1702454647
1702454657
1702454667
1702454677
1702454687
1703384277
1703384337
1703384347
1703808577
1704730557
1704730567
1704730577
1704730587
1704730597
1704730607
1704730617
1704730627
1704730647
1704730657
1704730667
1705032287
1705032297
1705032307
1705383807
1705383817
1705383827
1705383837
1705383847
1705383857
1705383867
1705383877
1705383887
1705383897
1705383907
1705383917
1705383927
1705383937
1705383947
1705383957
1705383967
1705383977
1705383987
1705383997
1705384007
1705384017
1705384027
1705384037
1705384047
1705384057
1705384067
1705384087
1705384097
1705384107
1705384117
1705384127
1705384137
1705384147
1705384157
1705384167
1705384177
1705384187
1705384197
1705384207
1705384217
1705384227
1705384247
1705384257
1705384267
1705384277
1705834017
1705834107
1705834117
1705834127
1709092757
1709092787
1709092817
1709092837
1709523187
1709523237
1709523257
1709523307
1709523317
1709523327
1709523377
1709523387
1709523397
1709643497
1709643527
1709643537
1709643547
1709643557
1710628147
1710628157
1710628167
1712234877
1712234887
1713061267
1713097877
1717859687
1717859727
1718591177
1718591207
1718591227
1718591267
1718591277
1718591287
1718591347
1718591367
1718591377
1718591527
1718591637
1718591657
1718591667
1718591707
1718591747
1718591757
1718591767
1718591777
1718591787
1718591797
1718591807
1718591817
1718591827
1718591837
1718591847
1718591877
1718591887
1718591897
1718591927
1718591937
1718591947
1718591957
1718591967
1718591977
1718591987
1718591997
1718592017
1718592057
1718592067
1718592077
1718592087
1718592127
1718592147
1718592887
1720297127
1720297147
1720297167
1720297177
1720297187
1720297197
1720297287
1720297297
1720297307
1720301607
1720301617
1720301637
1720301657
1720301687
1720301697
1720512767
1720512817
1721755547
1723525457
1724850737
1724850747
1724850757
1724850767
1724850777
1724850787
1724850797
1724850807
1724850817
1724850827
1724850837
1724850847
1725783887
1725783977
1725881567
1725881577
1725881587
1725881677
1725881697
1725881707
1725881717
1725881727
1725881737
1725924837
1725924847
1725924857
1725924867
1725924877
1725924887
1725924897
1725924907
1725924917
1725924927
1725924937
1725924947
1725924957
1725924967
1725924977
1725924987
1725924997
1725925007
1725925017
1725925027
1725925037
1725925047
1725925057
1725925067
1725925077
1725925087
1725925097
1725925107
1725925117
1725925127
1725925137
1725925147
1725925157
1725925167
1725925177
1727416167
1727416207
1727416247
1727416307
1727416367
1727416377
1727416387
1727416437
1727416447
1727416477
1727416537
1727416917
1727416977
1727416987
1727416997
1727417007
1727417017
1727417027
1727417187
1727417197
1727417337
1727417347
1727417357
1727417367
1727776647
1727776657
1727776667
1727776677
1727776687
1727776697
1727776707
1727776717
1727776727
1727776737
1727776747
1727776757
1727776767
1727776777
1727776787
1727776797
1727776807
1727776817
1727776827
1727776837
1727776847
1727776857
1727776867
1727776877
1727776887
1727776897
1727776907
1727776917
1727776927
1727776937
1727776947
1727776957
1727776967
1727776977
1727776987
1727776997
1727777007
1727777017
1727777027
1727777037
1727777047
1727777057
1727777277
1727777287
1727777297
1727777317
1727777327
1727777337
1727777347
1727777387
1727777397
1727777407
1727777417
1727777427
1727777447
1727777457
1727777467
1727777477
1727777487
1727777497
1727777507
1727777517
1727777527
1727777537
1727777587
1727777597
1727777617
1728095637
1728095647
1728095657
1728095667
1728095677
1728095697
1728308437
1730631857
1730631967
1730822897
1733246477
1733246487
1733246497
1733246517
1733246537
1733246547
1733246567
1733246577
1733246617
1733246637
1733246657
1733246667
1734283147
1734283177
1734283277
1734283337
1734358167
1734358197
1734358297
1734358307
1734358317
1734358327
1734358337
1734358347
1734358357
1734358367
1735315107
1735315117
1735315127
1735315137
1735315147
1735315157
1735315167
1735315177
1735315187
1735315197
1735315207
1735315237
1735315247
1735315257
1735315267
1735315357
1735315397
1735315437
1735315447
1735315457
1735315467
1735315477
1735315487
1735315497
1735315507
1735315517
1735315527
1735315537
1735315547
1735315557
1735315567
1735315577
1735315587
1735315597
1735315607
1735315617
1735511367
1735511377
1735511387
1735511397
1735511407
1735511457
1735511467
1735511477
1736317297
1736515357
1736532967
1736535497
1736535507
1736535517
1736535537
1737045917
1737045937
1740912747
1740912757
1740912837
1740913007
1740913027
1741710567
1741710577
1741710597
1741710607
1741710617
1741710637
1741710647
1741710657
1741710677
1741710687
1741710697
1741710717
1741710727
1741710737
1741710757
1741710777
1741710807
1741710817
1741710827
1741710837
1741710847
1741710867
1741710907
1741710987
1741711007
1741711017
1741711037
1741711057
1741711077
1741711087
1741711097
1741711107
1741711127
1741711137
1741711147
1741711197
1741711207
1741711217
1741711227
1741711237
1741711267
1741711337
1741711347
1741711357
1741711367
1741711387
1741711397
1741711457
1741711477
1742532407
1742532417
1742532427
1742532437
1742532447
1742532457
1742532467
1742532487
1742532537
1742532547
1742532557
1742532567
1742532577
1742532617
1742532637
1742532707
1742532717
1742532727
1742567267
1742567277
1742570247
1742570337
1742620497
1742620517
1742620527
1742620537
1742620787
1742620797
1742620807
1742620817
1742620827
1742620877
1742622457
1742622467
1742622477
1742622487
1742735517
1742735527
1742735537
1742735547
1743718497
1744344867
1744344887
1744344897
1744344917
1744344927
1744344947
1744344967
1745125877
1745125887
1745125897
1745125907
1745125917
1745125927
1745125937
1745125947
1745125957
1745125967
1745125977
1745125987
1745125997
1745126007
1745126017
1745126037
1745126047
1745126057
1745126067
1745126077
1745126087
1745126097
1745126107
1745126117
1745126127
1745126137
1745126147
1745270327
1745270337
1745270347
1745270357
1745270367
1745270377
1745270407
1745270447
1745270457
1746722907
1746722927
1748595017
1748595027
1748595047
1748595107
1748595117
1748595127
1748595137
1748595147
1748595157
1748595177
1748595187
1748595197
1748595207
1748595317
1748595327
1748595337
1748595347
1750219797
1752443447
1752443457
1752443507
1752443547
1752443587
1752844507
1754155287
1754371197
1754371207
1754371217
1754371227
1754714417
1754714437
1754910377
1754910427
1754910447
1754910467
1754910497
1754910517
1754910537
1754910637
1754910647
1754910707
1756194917
1756195037
1756195047
1756195057
1756195067
1756195077
1756195087
1756195097
1756195107
1756195117
1756928057
1756928067
1756928077
1756928087
1756928097
1756928107
1756928127
1756928347
1756928397
1756929077
1756929137
1758382477
1758382727
1758382737
1758382747
1758506987
1758520627
1758520637
1758520647
1758520657
1758520687
1758523957
1758524017
1758524077
1758524107
1758524117
1758524127
1758524167
1758524237
1760394527
1760394537
1760394547
1760394557
1760394567
1760394577
1760394587
1760394597
1760394607
1760394617
1760394627
1760394637
1760394647
1760394657
1760394667
1760394677
1760394687
1760394717
1760394787
1760394827
1760394837
1760394847
1760394887
1760394897
1760915827
1760923687
1760923697
1760930847
1760930857
1760930867
1760930907
1760930947
1760930957
1760930967
1760977657
1760977667
1760977677
1760977687
1760977697
1760977707
1760977717
1760977727
1760977737
1760977747
1760977757
1760977767
1760977777
1760977787
1760977797
1761037867
1761060957
1761060967
1761060987
1761060997
1761073577
1761073587
1761073597
1761073607
1761300287
1761300307
1761300317
1761300327
1761300347
1761300357
1761300377
1761300387
1761300397
1761300407
1761300417
1761302367
1761308947
1761309057
1761309127
1761309257
1761309277
1761312537
1761387807
1761387817
1761387827
1761387837
1761387847
1761387857
1761387877
1761387897
1761401647
1761401657
1761401667
1761401677
1761401687
1761401697
1761401707
1761401717
1761412297
1761424497
1761424667
1761428297
1761433907
1761465227
1761465237
1761465247
1761465257
1761477937
1761477987
1761477997
1761489957
1761492667
1761492687
1761492707
1761492747
1761492807
1761617907
1761617917
1762313507
1762313547
1762313617
1762313647
1762313657
1762328717
1762328727
1762328737
1762330987
1762337867
1762341657
1762345927
1762345967
1762346037
1762356327
1762356477
1762356577
1762364217
1762364227
1762364237
1762364247
1762364257
1762364267
1762364417
1762380307
1762387577
1762387597
1762401367
1762409637
1762412697
1762412707
1762412727
1762412757
1762412777
1762412807
1762412827
1762412867
1762412877
1762412897
1762412917
1762412937
1762414687
1762433147
1762435067
1763271767
1763271787
1763271817
1763526607
1763526617
1763526627
1763526637
1763526647
1764754777
1766101837
1766101847
1766101857
1766101867
1767566947
1768216827
1768216837
1768216867
1768216877
1775070107
1775070117
1775070127
1775070427
1775070437
1775070447
1775070457
1775070487
1775468697
1775468707
1775468737
1775468747
1775468777
1775468787
1775468797
1775468817
1775468827
1775468837
1775468847
1775468877
1775468907
1775471377
1775472637
1775473027
1775473117
1775477787
1776349627
1776968417
1776968427
1776968437
1776968447
1776968597
1776968677
1776968687
1776968707
1784874157
1784874247
1784874257
1784874267
1784875747
1784875757
1784875767
1784875777
1784875787
1784875797
1784875807
1784875817
1784875857
1784875867
1784875877
1784875917
1784875927
1784875937
1784875947
1784875957
1784875967
1784880107
1784890537
1784890547
1784890557
1784900777
1784900797
1784900807
1784900817
1784900827
1784900837
1784900847
1784900857
1784900867
1784900877
1784900887
1784900897
1784900907
1784900917
1784900927
1784900937
1784900947
1784900957
1784900967
1784900977
1784900987
1784900997
1784901007
1784901017
1784901037
1784912437
1784912447
1784912457
1784912467
1784947007
1784947037
1784947047
1784947057
1784954957
1784954997
1784955047
1784955067
1784955117
1785050947
1785051047
1785051057
1785051087
1785171777
1785171787
1785171797
1785171807
1785483747
1785483787
1785483817
1785483827
1785483947
1785483957
1785484087
1785484107
1785484127
1785484267
1785677467
1785677507
1785677537
1785677577
1785697807
1785709397
1785709717
1785709757
1785720047
1785720057
1785720127
1785720137
1785720147
1785720157
1785720177
1785720197
1785720227
1786164367
1786164377
1786164387
1786164397
1789587777
1789587797
1789587807
1789587817
1789587847
1789587857
1789587907
1789591367
1791516737
1792362947
1792362987
1792362997
1792363007
1792363037
1792363047
1792363057
1792363067
1792363087
1792363107
1792363117
1792363127
1792441697
1792441707
1792441717
1792441737
1792441807
1792441827
1793961117
1793961137
1793961197
1793961227
1793961237
1793961247
1793961257
1793961267
1794250957
1794250967
1794250977
1794250987
1794250997
1794251007
1794251017
1794251027
1794251037
1794251047
1794251057
1794251067
1794251077
1794251087
1794251097
1794251107
1794251117
1794251127
1794251137
1794251147
1794251157
1794251167
1794251177
1794251187
1794251197
1794251207
1794251247
1794251257
1794251267
1794251277
1794329197
1794428507
1794927107
1797373127
1797373257
1797830747
1797830757
1797830777
1797830807
1799198747
1799198757
1799198767
1799198777
1799198797
1799198807
1801958667
1801958677
1801958687
1801958697
1801958707
1801958717
1801958727
1801958737
1801958847
1802988717
1802992057
1802992137
1802992157
1802992197
1802992217
1802992277
1802992287
1804769877
1804983037
1804983047
1804983057
1804983067
1804983077
1804983087
1804983097
1804983107
1804983997
1804984007
1804984017
1804984027
1804984037
1804984047
1804984057
1804984067
1805087227
1805087237
1805087247
1806168357
1806168367
1806168377
1806168387
1806168397
1806168407
1806168417
1806168437
1806168447
1806344217
1806344227
1806344247
1806344257
1806344267
1806344277
1806378087
1806378097
1806378107
1806378117
1806378127
1806378137
1807123167
1807123207
1807123217
1807123227
1807123237
1807123247
1807123257
1807123267
1807123297
1807123307
1807123317
1807123327
1807123337
1808355057
1808361327
1808632947
1808649157
1810098077
1814872167
1814872177
1814872187
1814872417
1814872497
1814872507
1814872517
1815602877
1815602887
1815602897
1815602907
1815602917
1815602927
1815602937
1815602947
1815602957
1815602967
1815602977
1815602987
1815602997
1815603007
1815603017
1816777057
1816777067
1816777077
1816777087
1820428347
1820428357
1820428367
1821095307
1821095317
1821095347
1821095357
1821095407
1821095417
1821095427
1821727917
1821727957
1821727967
1821727987
1821727997
1822773567
1822773577
1824082857
1824082867
1824082877
1824082887
1824082957
1824082967
1824811907
1824811917
1824811927
1824811937
1825652167
1825652177
1825652187
1825652197
1825652207
1826672907
1826672947
1826672977
1826673047
1827347647
1827347737
1827347757
1827347807
1827347817
1829499617
1829499657
1829499667
1829499677
1829499687
1829499697
1829667637
1829667687
1830799197
1830799207
1830799217
1831946767
1831946797
1831946807
1831946817
1831946847
1832009317
1832114697
1833313207
1833313277
1833441597
1833441607
1833441617
1833441627
1833441637
1833441647
1833441657
1833441667
1833441677
1833441697
1833441707
1833441717
1833441727
1833441737
1833441747
1833441757
1833441767
1833441777
1833441787
1833441797
1833456967
1833456987
1833636927
1833636947
1833636957
1833636977
1833637027
1833637097
1833637157
1833637207
1833637217
1833637227
1833637237
1833907827
1833907947
1833907957
1833907967
1833907977
1833907987
1833907997
1833908017
1833908057
1833908067
1833908227
1833908237
1833908247
1833908257
1834528277
1835002937
1835002947
1835003057
1838113377
1838175027
1838175037
1838175047
1838175057
1838175067
1838175077
1838175087
1838175097
1838175107
1838175117
1838175137
1838940427
1838940437
1838940447
1838940457
1838940467
1841018397
1841018437
1841075977
1841075987
1841075997
1841076007
1841076067
1841076167
1841076177
1841152217
1841152307
1841152377
1841758377
1842728077
1842853027
1842853037
1842853047
1842853057
1842879287
1842879317
1842879327
1842879357
1842879367
1842879377
1842879387
1844706207
1844706217
1844706227
1844706237
1844706247
1844706257
1844706287
1844706337
1844706347
1844706357
1844706367
1844706437
1847585797
1847586057
1847586207
1849338757
1853691537
1853691627
1855255197
1858876127
1858876137
1858876147
1858876157
1858876177
1858876207
1858876237
1858876247
1858876257
1858876267
1858876277
1858876287
1858876307
1858876337
1858876347
1858876357
1858876367
1858876377
1858883107
1858883197
1858883207
1858883307
1858883377
1858883417
1858883557
1858883637
1859183397
1859183407
1859183467
1860006397
1860006417
1860006457
1863873497
1864523887
1864523897
1864523907
1864523917
1864523927
1864523937
1864523947
1864523957
1864523967
1864523977
1864523987
1864523997
1864524007
1864524017
1864524027
1864524037
1864524047
1864524057
1864524067
1864524087
1864524097
1864524107
1864524117
1864524127
1864524137
1864524147
1864524157
1864524167
1864524187
1864524197
1864524207
1864524217
1864524227
1864524237
1864524247
1864524267
1864524277
1864524287
1864524297
1864524307
1864524317
1864524327
1864524357
1864524377
1864524387
1864524417
1864524427
1864524437
1864524447
1864524517
1867248307
1867641147
1867641187
1867641197
1868553027
1868672547
1868672557
1868672607
1868672667
1868672677
1868672687
1868672697
1868672707
1869469887
1869924327
1872419417
1872600067
1872600077
1872600087
1872600097
1872600107
1872600117
1872600127
1872600137
1872600167
1872600177
1872600187
1872600217
1872600237
1872600297
1872600347
1872600357
1872600387
1872600427
1872600447
1872600477
1872600507
1872600537
1872600547
1872600567
1872600627
1872600637
1872600657
1872600667
1872600677
1872600697
1872600727
1872600737
1872600757
1872600777
1872600787
1872600807
1872600817
1872600827
1872600837
1872600847
1872600857
1872600907
1872600927
1872601007
1872601027
1872601087
1872601097
1872601137
1872601147
1872601167
1872601227
1872653217
1872653657
1873275217
1873275687
1873275697
1873275707
1873275717
1873275727
1873379917
1873380367
1873951217
1873951227
1873951257
1873951297
1873951327
1873951337
1873951347
1873951377
1873951397
1873951457
1873951517
1877917407
1877917417
1877917427
1877917437
1881707967
1883678297
1883678307
1883678347
1883678357
1883678367
1883678397
1883684437
1883684447
1883684457
1883684467
1883684477
1883684487
1883684497
1891352347
1891352377
1891352387
1891352397
1891352407
1891352427
1891872577
1892114947
1892115007
1892115017
1892115027
1892266647
1892266667
1892266687
1892742917
1892742947
1892743257
1892743277
1892887627
1895820997
1895821007
1895821017
1895821027
1895821037
1895821057
1895821067
1895821077
1895821087
1895821097
1895821107
1896617997
1896636867
1899476327
1899476337
1899476347
1899476357
1899476367
1899476377
1899476387
1899476397
1899476407
1899476417
1899476427
1899476437
1899476447
1903591007
1903591047
1906350337
1906351487
1906351497
1906351507
1907627307
1907801777
1908877617
1908877887
1908888517
1908888547
1909533727
1909725127
1911082297
1913562327
1913562527
1913562537
1913562547
1914420077
1915237507
1915237517
1915285937
1915285947
1915286037
1915286047
1915286057
1915286417
1915286447
1915287187
1915287197
1915287227
1915287347
1915287357
1915287367
1915287387
1915287507
1915287517
1915354627
1915358097
1915358117
1915358127
1915358137
1915358147
1915358157
1915358167
1915435287
1915435397
1915435407
1915435437
1915435567
1915435787
1915441387
1915441437
1915441727
1915441927
1915879017
1915879107
1915879217
1915879237
1915879277
1915879377
1916021887
1916021897
1916021907
1916021917
1916021927
1916021937
1916021947
1916021957
1916021967
1916021977
1916021987
1916022007
1916022017
1916022027
1916022037
1916022047
1918524037
1920955357
1920955617
1921195927
1921195937
1921195947
1921195957
1922468337
1922468347
1922468357
1922468367
1922468377
1922468387
1922468397
1922468407
1922468417
1922468427
1922468437
1922468447
1922468457
1922468467
1922468477
1922510457
1922510487
1922933977
1922934007
1922934057
1922934077
1922934147
1922934257
1922934367
1922934387
1922934427
1922934467
1922934607
1922935307
1922935527
1922935987
1922936247
1922936267
1922936277
1922936287
1922936517
1924359947
1924359977
1924359997
1924762427
1926823097
1926823107
1926823117
1926823127
1926828237
1927915017
1927915027
1927915037
1927915707
1932602477
1932602487
1932602497
1932602507
1933556707
1933556717
1933556737
1933556767
1934101887
1934101897
1934101907
1934929617
1936677847
1938595997
1939641977
1939641987
1939642107
1939644397
1939644407
1939644417
1939644427
1939644557
1939644567
1939644587
1939644617
1939644627
1939644637
1939644647
1939644677
1939644777
1939644787
1941234347
1946587797
1946587807
1946587827
1946587847
1946587857
1946587867
1946590627
1947593317
1947620227
1947620237
1947620247
1947620257
1947620267
1947620277
1949869447
1949869457
1949869467
1949869487
1949869527
1949869587
1949869647
1959712327
1959712337
1959712347
1959712357
1959712367
1959712377
1959712407
1959712567
1959712607
1959712617
1959712627
1961659927
1963079827
1963079837
1963079847
1963079857
1963079867
1963079877
1963079887
1963079897
1963079907
1963079917
1963079937
1963079947
1963079957
1963079967
1963079977
1963079987
1963079997
1963080007
1963080027
1963080037
1963080047
1963080057
1963080067
1963080077
1963080087
1963080107
1963080117
1963080127
1963080137
1963080147
1963080157
1963080177
1963080187
1963080197
1963080207
1963080217
1963080237
1963080257
1963080267
1963080277
1963080287
1963080297
1963080307
1963080317
1963080327
1963080337
1963080347
1963080357
1963080367
1963080377
1963080387
1963080397
1963080417
1963080427
1963080447
1964458017
1964458177
1964458187
1964458197
1964655647
1964655657
1964923027
1964923237
1964923267
1964923277
1974618407
1974618417
1976779537
1976781237
1976781257
1976781277
1976781297
1976781337
1976781357
1976781377
1976781397
1976781417
1976781437
1976781477
1976781497
1977603007
1977603017
1977867637
1981770107
1981770147
1981770167
1981770237
1981872997
1981873007
1981873017
1983625937
1983625987
1983626057
1983626177
1984251297
1984251307
1984251327
1984251357
1984251367
1984251387
1984251417
1984251427
1984251437
1984251447
1984251457
1984251467
1984565387
1987746657
1993824877
1993825017
1993825027
1993825037
1993825057
1993825067
1993825077
1993825087
1993825097
1995942897
1995960857
1996050867
1996050897
1996050937
1996050977
1996050987
1996771547
1996771597
1996771827
1996771907
1997894537
1997894747
1997894757
1997894897
1997894917
1998129237
1998129257
1998129307
1998129317
1998129327
1998129337
1998433037
1998433237
1998434857
2004646987
2004647007
2004647107
2004647137
2006598677
2010743437
2010743447
2010743457
2010795767
2010795777
2010795787
2010795797
2010795807
2010795817
2010795827
2010795837
2010795847
2010795857
2010795867
2010795877
2010795887
2010795897
2016812527
2016812537
2016812547
2016812557
2016895957
2017589237
2017589247
2017589257
2017589267
2017619277
2018888877
2018889367
2018889477
2018889547
2018890007
2018890107
2018890147
2019196877
2021972247
2021972257
2021972267
2021972277
2022004537
2022004577
2022004587
2022004597
2022004607
2022004617
2022004627
2022004647
2022004657
2022004667
2022004677
2022004697
2022490507
2022713427
2022713437
2022713447
2022713457
2022713467
2022713477
2022713487
2022713497
2022713507
2022713517
2022713527
2022713537
2022713547
2022713557
2022713567
2022713577
2022713587
2022713607
2022896727
2023761417
2023761827
2024176027
2026998397
2027962247
2028345927
2028345947
2028345957
2028764577
2028764587
2028764607
2029062737
2029062747
2029062757
2029062797
2029062807
2029062817
2029062827
2029062837
2029062847
2029062857
2029062867
2029062877
2029062887
2029062897
2029062957
2029062967
2029062977
2029062997
2035260197
2035763037
2036027797
2036626827
2036626837
2036626867
2036626877
2036626887
2036626897
2036626907
2036626917
2036626927
2036626937
2036626947
2036626957
2036999747
2037000007
2037000067
2037000247
2037000767
2037000847
2040726507
2040726527
2041069017
2041069047
2041069057
2041069067
2042311737
2042311837
2042311857
2042311877
2042311907
2042311967
2042311977
2042312027
2042312047
2042312057
2042312067
2042437267
2042437477
2042437487
2042437497
2042437547
2042437597
2042437607
2042437617
2042437627
2042437637
2042437647
2042437657
2042437667
2042437677
2042438017
2042438027
2042438037
2042438047
2042438057
2042438067
2042438077
2042438087
2042438097
2042438107
2042438117
2042438127
2042438137
2042438147
2042438157
2042438167
2042438177
2042438187
2042438197
2042438207
2042438217
2042438227
2042438237
2042438247
2042438257
2042438267
2042438277
2042438287
2042438297
2042438307
2042438317
2042438327
2042438337
2042438347
2042438357
2042438367
2042438377
2042438387
2042438397
2042438407
2042438417
2042438427
2042583277
2042583287
2042583297
2042583327
2042583337
2042583347
2042583357
2042583467
2042583477
2042583487
2042583497
2042583507
2042583517
2043678807
2043732637
2043732677
2043732957
2044616147
2044616157
2044616187
2044616237
2044616267
2044616277
2044616297
2044616307
2045276777
2046337627
2046337647
2046337707
2046337717
2046337727
2046337737
2046337747
2047021627
2047021637
2047021647
2047061087
2050209677
2050209707
2050209727
2054732427
2054732617
2054732657
2054732757
2054732797
2054732837
2054732907
2054733007
2056902357
2056902377
2056902387
2056902397
2056902427
2056902437
2056902447
2056902457
2056902467
2056902507
2056902527
2056902547
2058256377
2058256427
2058256437
2060024737
2060024747
2060024757
2060024767
2060024777
2060024787
2060024797
2060024807
2060024837
2060024857
2060024867
2060024877
2060024887
2060024897
2060024937
2060570537
2060570547
2060570557
2060570697
2060571167
2060571177
2060571297
2060571307
2060571317
2060571847
2061620517
2061620527
2061620567
2061620597
2061620617
2061775807
2066123347
2066123357
2069675597
2069675757
2069675767
2069675777
2069675787
2069675797
2071478117
2071478217
2071478257
2071581597
2071581607
2071581617
2071581707
2071581717
2072491087
2072491097
2072491107
2072586707
2072586737
2072586747
2072586757
2072586767
2072586777
2072586787
2072586797
2072586807
2072586817
2072586827
2072676337
2072703407
2072703447
2072890487
2072950437
2072950447
2072950467
2072950477
2072950487
2072950537
2072950547
2072976857
2072976867
2072976877
2072976927
2072976937
2073722157
2073722167
2073722177
2073722197
2073722207
2073722217
2073722227
2073722237
2073722247
2073722267
2073722277
2073722287
2073722297
2073722307
2073722317
2073722327
2073722337
2073722347
2073722357
2073722367
2073722377
2073722387
2073722397
2073722407
2073722417
2073722427
2073722437
2073722457
2073722467
2073722477
2073722487
2073722497
2073722507
2073722517
2073722527
2073722537
2073722547
2073722557
2073722567
2073722577
2073722587
2073722597
2073722607
2073722617
2073722627
2073733657
2073733667
2073733677
2073992577
2073992607
2073992677
2073992687
2073992697
2073992787
2073992797
2074005137
2074005147
2074005157
2074005167
2074005177
2074005187
2074005197
2074102987
2076229257
2076231667
2076292737
2076292747
2076292757
2076292767
2076292777
2076292787
2076292797
2076292807
2076292847
2076317617
2076317627
2076317637
2076317647
2076388887
2076388897
2076388917
2076388937
2076418207
2076418217
2076568717
2077491127
2079239547
2079239557
2079239577
2079362747
2079362777
2079362847
2083134077
2083270297
2083270307
2083270317
2083270327
2083487547
2085842797
2085842807
2085842817
2085842827
2085842837
2085842847
2085842857
2085842867
2085842877
2085842887
2085842917
2085842927
2085842937
2085842947
2085842957
2085842967
2085842977
2085842987
2088603227
2088603257
2089558507
2092173107
2093490607
2093490617
2093490627
2093490637
2093490647
2093490657
2093490667
2097010377
2097010387
2097010397
2097010407
2097010417
2097010427
2097010437
2097010447
2097010457
2097010467
2097010507
2097174087
2097174097
2097174107
2097666267
2097683467
2097683477
2097683527
2097683557
2097683567
2098948057
2098948097
2098948127
2098948157
2098948187
2098969357
2100604367
2100604377
2100604387
2100665657
2100754617
2100754647
2100972237
2100972247
2100972257
2100972277
2100972327
2100972337
2101409577
2101409657
2101409687
2101409707
2101409717
2101659137
2101659147
2101659217
2101659227
2104569997
2104570027
2104570037
2104570057
2104807677
2104807697
2104807717
2104807747
2104807767
2104807787
2104807817
2104807837
2104807857
2104807877
2106052067
2106052077
2106052087
2106052097
2106052117
2106870787
2106870797
2106870807
2106870817
2106871827
2106871837
2106872007
2106872037
2106872067
2110120737
2110120747
2111204337
2111204347
2111204357
2111204367
2111204377
2111204387
2111204417
2111204437
2111204447
2111204457
2111204547
2111204577
2111204607
2111204647
2111204667
2111204677
2111204687
2115011267
2115011277
2115011287
2115011297
2115787147
2115787207
2115787217
2115787227
2115787237
2115787247
2115787257
2115787287
2115787317
2115830317
2115830327
2115830337
2115830347
2115830357
2115830417
2115830427
2115830437
2115830447
2115830457
2115830467
2115830477
2115830487
2115830497
2115830507
2115830517
2116101977
2116143527
2116143537
2116143547
2116143557
2116143567
2116143577
2116143597
2116143607
2116143617
2116143627
2116143637
2116143647
2116143657
2117610987
2117611027
2120871787
2120871797
2124905957
2124905977
2125390327
2125390337
2125390347
2125390567
2125474897
2125474977
2125474997
2125475067
2125576607
2125576637
2125576777
2125576797
2125576807
2125893517
2125893767
2125893777
2125893787
2125893797
2125893807
2125893817
2125893827
2125893837
2125893847
2125893857
2125893867
2125893877
2125893897
2125893907
2125893917
2125893927
2125893937
2125893947
2125893957
2125893967
2125893977
2125893987
2125893997
2125894007
2125894017
2125894027
2125894037
2125894047
2125894057
2125894067
2125894077
2125894087
2125894097
2125894107
2125894117
2125894127
2125894137
2125894147
2125894157
2125894647
2128954597
2128954607
2129493087
2129493097
2129493107
2129493117
2129493127
2129493137
2129493147
2129493157
2129493247
2129519557
2129519567
2129519577
2129519587
2129633717
2129633727
2129633737
2129633747
2129633757
2129633767
2129633807
2129633817
2129633827
2129633847
2129633857
2129757257
2129757267
2129757337
2130989337
2130989347
2130989357
2130989367
2130989377
2130989387
2130989397
2130989417
2130989427
2130989437
2134480577
2134480587
2134480597
2134480607
2134634647
2134634727
2135813057
2135813067
2135813077
2135813097
2135813107
2135895547
2135895557
2135895567
2135895807
2136010867
2136010877
2136010887
2138471067
2138471227
2139091257
2139091267
2139091277
2139091287
2139091297
2139091307
2139091317
2139091327
2139091337
2139091347
2139091357
2139091527
2139091537
2139988957
2141438857
2141438867
2141438877
2141438887
2141567727
2141567737
2141567747
2141567757
2141567767
2141567777
2143828297
2143856697
2143856727
2143856917
2143856927
2143856967
2144425667
2144426407
2144426417
2144426427
2144427007
2144427017
2144427047
2144427087
2144427137
2144430537
2144430547
2144430567
2144430577
2144430587
2144430597
2144432127
2144432137
2144432147
2144432157
2144432577
2144432587
2144432597
2144440897
2144441237
2144441257
2144441267
2144441287
2144441297
2144441317
2144441327
2144441377
2144441437
2144441457
2144441467
2144441487
2144441547
2144441557
2144441567
2144441577
2144441927
2144441937
2144441957
2144441967
2144441987
2145256577
2145256587
2145256597
2145256607
2145256637
2145256647
2145256657
2145256667
2145256677
2148084247
2148136987
2148136997
2148137007
2148137267
2149112427
2149565047
2149565057
2149565067
2149565087
2149565157
2149566197
2149566307
2149566317
2149566337
2149566347
2150578847
2153498297
2153498327
2153498397
2153498427
2153498597
2153498857
2153498897
2153498927
2154362027
2154362037
2154362047
2154362057
2154362127
2154362147
2154362157
2154362167
2154362187
2154362197
2154362227
2154362237
2154362257
2154362277
2154362287
2154362297
2154362437
2154362537
2154362547
2154362587
2154362597
2154362607
2154362617
2154362907
2154629717
2154629727
2154629747
2156951597
2156951707
2156951717
2156952087
2156952097
2156952107
2156952117
2156952127
2157438367
2157438447
2157438457
2157438467
2157438537
2157438547
2157639457
2159436927
2159622877
2159622887
2159622977
2159622987
2161719637
2163543057
2163543067
2163543077
2163543087
2163543097
2163543107
2163543217
2163543247
2163543317
2163543597
2163543607
2163543617
2164422577
2164422587
2164422597
2164422607
2164422617
2164422627
2164422637
2164422647
2164422657
2164422667
2164423307
2164423327
2164423347
2164423367
2164423387
2164423407
2164423417
2164423427
2164423447
2164423707
2164423717
2164423727
2164423737
2165306527
2167310027
2167310047
2167310097
2167310107
2167310117
2167310127
2168821437
2168821447
2168821507
2172625267
2172625277
2172625287
2172625297
2172625307
2172625317
2172625327
2172625337
2172625347
2172625357
2172625367
2172625377
2172900157
2172900167
2172900487
2173492167
2173492207
2173670417
2174198877
2174198887
2174198897
2174198907
2174198917
2174200317
2174200327
2174200337
2174200347
2174200387
2174200397
2174200407
2174200417
2174200477
2174214537
2174214547
2174215337
2174215347
2174215357
2178461737
2178461747
2178461757
2178461767
2178461777
2178461827
2178461837
2179285557
2179285707
2179371587
2179371597
2179371607
2179371617
2179371637
2179371747
2180480547
2180480557
2180480567
2180480577
2181196137
2181197497
2181197527
2181197547
2181197597
2181197637
2181197647
2181197657
2181197677
2181197697
2181199717
2181199727
2181199737
2181199747
2181204037
2181205747
2181205767
2181205777
2181205827
2181205837
2181205847
2181205857
2181205907
2181205917
2181205927
2181205937
2181205947
2181209607
2184961267
2184961277
2185012867
2185012887
2185012907
2185012927
2185012937
2185012957
2185012967
2185012987
2185013067
2185013087
2185013107
2185013347
2185013357
2185013367
2185013407
2185013417
2185013427
2185013437
2185013447
2185013457
2185013467
2185013477
2185013487
2185013507
2185013927
2185013937
2185013947
2185013957
2185013967
2185013977
2185014107
2185014117
2185014127
2185016267
2185016277
2185017197
2185162817
2185162917
2185162927
2185162937
2185163007
2185163017
2185163027
2185163037
2185166657
2185166667
2185166677
2188398217
2188398227
2188398237
2188398247
2188406037
2188406047
2188406067
2188406077
2188546267
2188546307
2189030437
2190566237
2192770977
2192770987
2192770997
2192771007
2192771017
2192771027
2192771037
2192771047
2192961027
2192961457
2192961467
2192961477
2192961487
2192961497
2192961527
2193337837
2193337997
2193338007
2193338017
2194276207
2194276307
2194276517
2195313237
2195313247
2195313307
2195313317
2195313327
2195313347
2195313357
2195313367
2195313377
2195313387
2195313397
2195313407
2195330697
2195330707
2195330717
2195330727
2195330737
2195330747
2195330757
2195330767
2195330777
2195330787
2195330807
2195892167
2195892177
2195892187
2195892197
2195892207
2195892217
2195892257
2197285177
2197285347
2197285487
2197285517
2200463747
2200463837
2200463847
2200463857
2200463867
2200464177
2200749567
2200938317
2200938377
2200938387
2200938427
2201086297
2201086307
2201086387
2201086467
2201086527
2201086537
2201086597
2201086607
2201086617
2201086627
2201086727
2201086737
2201086827
2201086867
2201086877
2201086887
2201086897
2201086917
2201086947
2201087047
2201087057
2201087067
2201087077
2201087107
2201087117
2201087127
2201517677
2201517747
2201686337
2201686347
2201686357
2201686367
2201686377
2201686387
2201686447
2201686457
2201686477
2201686527
2203634477
2203634487
2203634497
2203912887
2203919547
2203919557
2203919567
2203919577
2203919597
2203919607
2204253857
2204557547
2204557557
2204557567
2204557577
2204557587
2204557597
2204557607
2204557617
2204557627
2204557637
2204557647
2204557657
2204557667
2205273677
2205273687
2205273697
2205273717
2205273777
2206545077
2206545087
2206545097
2206545107
2206545117
2206545127
2206545577
2206545957
2206545967
2206545987
2206546077
2206546087
2206546097
2206546317
2206546657
2206546807
2206546817
2206546837
2206546847
2206546857
2206546867
2206547347
2206547377
2206547417
2206769287
2206769307
2206769317
2206769337
2206769347
2206769357
2206769367
2206769377
2206769387
2206769397
2206769407
2206769437
2206769447
2206769467
2206769477
2206769487
2206769497
2206769507
2206769517
2211043817
2211112917
2211149747
2211149757
2211149767
2211149777
2211149787
2211149797
2211149807
2212742207
2212742257
2212742267
2212742277
2214205747
2214205767
2214205797
2214205807
2214205847
2214205857
2214205897
2214205907
2214205917
2214205927
2214205937
2214205947
2214205957
2214205967
2214356997
2216197967
2216197977
2216197987
2216197997
2216198007
2216198017
2216563357
2216593637
2216593647
2216593657
2216593667
2216593677
2216593687
2216593697
2216593717
2216593747
2216593757
2216593767
2216996947
2216996967
2216999947
2216999957
2216999967
2216999977
2217374467
2217374517
2217374527
2217374557
2217374577
2220931997
2220932007
2220985507
2220985517
2220985527
2220985537
2224215417
2224215427
2224215437
2224215447
2224215457
2224847997
2224848017
2224848057
2224848077
2224848107
2224848137
2224848167
2224848187
2224848217
2224848227
2224848237
2224848247
2224848277
2224848287
2225652557
2226428657
2226428717
2226428737
2226428747
2226428757
2226428767
2226428777
2226428787
2226428797
2226428807
2226428817
2226428867
2226428877
2226429037
2226429047
2226429057
2226429167
2226429177
2226429187
2226429257
2226517047
2226517097
2226517107
2226517137
2226517147
2226517187
2226517197
2226517207
2226517227
2226517237
2226517247
2226850417
2226850497
2226976867
2226976877
2226976887
2226976917
2226976927
2227086527
2227423807
2233150137
2233150157
2233150167
2233150177
2233150187
2233150197
2233150207
2233150217
2233150227
2233150237
2233150247
2233150257
2233150267
2235034357
2235034377
2235034387
2235034567
2235034587
2235034597
2235034607
2235034677
2235034687
2235034697
2235034777
2235213057
2235213067
2235213077
2235213087
2235213097
2235213147
2235316997
2235317007
2235317017
2238187557
2238187567
2238187587
2238187897
2238187907
2238187937
2238187947
2238187957
2238187967
2238187977
2238188137
2238188147
2238188157
2238188177
2238188187
2238188207
2238188217
2238188227
2238188237
2238188247
2238188257
2238188267
2238188277
2238188287
2238188377
2238188487
2238188507
2238188527
2238188547
2238188657
2238188677
2238188787
2238188807
2238188817
2238189547
2238189557
2238189567
2243903847
2243904207
2245814777
2245814787
2245814827
2245814837
2245814847
2245814867
2245814887
2245814897
2245814907
2248697227
2248697237
2248697247
2248697257
2248697267
2248697287
2248697297
2248697327
2248697337
2248697397
2248697447
2248697567
2248697607
2248697817
2248699127
2248699147
2248699217
2248699587
2248699917
2248699947
2249059337
2249059347
2249059357
2249059377
2249059387
2249059397
2249059407
2249059417
2249059427
2249059437
2249215947
2249215957
2249215967
2249215977
2249216007
2249216017
2249216027
2249216037
2249216047
2249216057
2249216067
2249216077
2249216087
2249216097
2249216107
2249216117
2249216127
2249216137
2249216147
2249216157
2249216167
2249216177
2249287347
2249287357
2249287367
2249287377
2249287427
2249287437
2249287447
2249287457
2249465047
2249465057
2249465067
2249465077
2249465087
2249465097
2249465107
2249465117
2249465127
2249465137
2249465147
2249465157
2250914707
2250914727
2250914737
2252228797
2252228807
2252228817
2252228837
2252228847
2252228857
2252228867
2252228877
2252228887
2254645837
2254645847
2254645867
2254645887
2254645897
2254645907
2254646247
2255673697
2255673757
2255673767
2255673787
2255673807
2255673817
2255969727
2255969747
2255969757
2255969777
2255969787
2256034977
2256599157
2256599167
2256599227
2256599237
2256755457
2256755507
2256755517
2256799707
2258424087
2258424147
2258424197
2258424207
2258424297
2258677147
2258677217
2258677227
2258677237
2258677277
2258677287
2258916907
2258916917
2258916937
2258916947
2260074377
2260074447
2260074477
2260074497
2260074517
2260074537
2260074597
2263557427
2263915547
2263915557
2263915567
2263915577
2263915587
2263915657
2264204717
2264204727
2264204737
2267859477
2267859487
2267859497
2268477487
2269781887
2269781897
2270848257
2270848267
2271100657
2271589777
2275097617
2275097637
2275097667
2277629357
2278196437
2278196507
2278196517
2278196527
2278196537
2278196547
2278196557
2278196567
2278196577
2278196587
2279211447
2279211457
2279211467
2279211477
2279817617
2279817707
2281045557
2281045567
2281045577
2281296297
2281296347
2281296357
2281296367
2281296377
2281296387
2281296667
2281296677
2281296687
2281296697
2281296707
2281296717
2286349007
2286349017
2286349077
2286349137
2286349187
2286349227
2286627187
2286627197
2286627217
2286627437
2286627477
2286627497
2286627577
2286627827
2286627857
2286627947
2286627957
2286627967
2286627977
2289061095
2289061245
2289061255
2289061325
2289061335
2289061375
2289061385
2289061395
2289061525
2289061535
2289061545
2289061625
2289061635
2289061735
2289061745
2289061755
2289061765
2290891685
2290892185
2290892615
2290893045
2290893085
2291467525
2291467745
2293792215
2293792225
2293792235
2293792245
2293792255
2293792265
2293792275
2293792295
2293923285
2295768355
2295768365
2295768375
2295768385
2295768415
2295768425
2295768435
2295768465
2295768475
2295768485
2296265285
2296265305
2296265325
2296265335
2297578575
2297578815
2299031865
2299031875
2299031885
2299057495
2300152815
2300530875
2300530895
2300530985
2300531045
2300531055
2300531115
2300531175
2300531205
2300533755
2300533765
2300533815
2300533845
2300533865
2300533875
2301701975
2301702015
2301702025
2301702035
2305812955
2305812965
2305812975
2305812985
2306506385
2306506425
2306506575
2306506585
2306985235
2306985245
2306985255
2306985285
2306985295
2306985315
2306985325
2306985335
2306985355
2306985365
2306985375
2306985385
2306985415
2306985425
2306985435
2306985445
2306985455
2306985465
2306985475
2306985485
2306985495
2306985505
2306985525
2306985535
2306985545
2306985555
2306985565
2306985575
2306985585
2306985595
2306985615
2306985645
2306985655
2306985665
2306985675
2306985685
2306985715
2306985725
2306985745
2306985775
2306985785
2306985825
2306985855
2306985875
2307689415
2308722545
2308722555
2308722605
2308722645
2308722765
2308722785
2308722805
2308722815
2309282695
2310183045
2310183315
2311188115
2311188125
2311188145
2311188185
2311188285
2311188295
2311188305
2311188315
2311188325
2311188335
2311188345
2315933235
2315933245
2315933255
2315933295
2317281625
2317281635
2317281645
2317281655
2317302245
2317302255
2317302275
2317374585
2317374655
2318739215
2320771625
2320771645
2320771725
2321054725
2321054735
2321333835
2321333845
2321333855
2321333865
2321333875
2321333915
2321552835
2321552845
2321552855
2321552865
2321552875
2321552885
2321552895
2321552915
2321552925
2322673065
2322673655
2323658745
2323658755
2323658765
2323658775
2323658785
2323658795
2323658805
2323658815
2323658825
2324088355
2324088365
2324088375
2324088475
2325654625
2325654705
2325654725
2325654735
2325654745
2325840735
2326289675
2326289685
2326289695
2326289705
2326289715
2326289725
2326289735
2326289745
2326289755
2326289765
2326289775
2326289785
2326289795
2326289805
2330264385
2330264425
2330264445
2330270705
2330270835
2330270845
2330270855
2330270865
2330270875
2330270885
2330270895
2330301555
2330301565
2330759815
2330759865
2331108605
2331109135
2331109285
2331109335
2331399675
2331399715
2331399775
2331399785
2331399915
2332135515
2332135525
2332135535
2332135555
2332135565
2332135575
2332135585
2332135595
2332135625
2332135635
2332135645
2332135655
2332135665
2332135675
2332135685
2332135695
2332135705
2332135715
2332135765
2336532065
2336532075
2336532085
2336532115
2336532125
2336908015
2336908025
2336908035
2336908045
2336908055
2336908065
2336908075
2336908085
2337720285
2337720295
2337720315
2337720375
2337830795
2337830805
2337830815
2337830825
2338058815
2338058965
2338059105
2338059115
2338263245
2338263255
2338263275
2338263285
2338263295
2338263305
2338263315
2338263325
2338263335
2338263345
2338263355
2338263365
2338263375
2338263385
2338263405
2338263425
2338263435
2338263465
2338263475
2338263485
2338263495
2338263505
2338263515
2338263525
2338263535
2338644715
2338644725
2338644735
2338644745
2338644755
2338644765
2338644775
2338644785
2338644795
2338644805
2338644815
2338644825
2338644835
2338644845
2338644855
2338644865
2338644875
2338644885
2338645745
2338645755
2338645765
2339576155
2343173565
2343173575
2343173585
2343383975
2344456975
2344456985
2344457015
2345581485
2345581575
2346351935
2346351955
2346351965
2346351985
2348018575
2348018585
2348018595
2348018615
2348041275
2348041285
2348041295
2348890025
2348890835
2348890955
2348890965
2348890985
2349024185
2349024195
2350129495
2350129515
2350129535
2350129545
2350129555
2350129565
2350129575
2350129585
2350129595
2350129605
2350129615
2356405515
2356405525
2356405545
2356405555
2356405565
2356405575
2356405595
2356405605
2356405625
2356405635
2356405645
2356405655
2356405665
2356405685
2356405725
2356405735
2356405745
2356405755
2356405775
2356405805
2356405815
2356405835
2356405845
2356405855
2356405865
2356534745
2356534825
2356534835
2356534845
2356534855
2356534865
2356534885
2356534895
2356534995
2356535005
2356535045
2356535055
2356535065
2356535085
2356535095
2356535105
2356535115
2356535125
2356535135
2356535165
2356535175
2356535185
2356535195
2356535205
2356535215
2356535235
2356535295
2356535305
2356535315
2356535325
2356535385
2356535395
2356535405
2356535465
2356535515
2356535525
2356535535
2356535585
2356535595
2356535605
2356535615
2356535845
2356535935
2356535985
2356535995
2356536005
2356536035
2356728245
2356728255
2356728265
2356728285
2356728295
2356728315
2356728385
2356728415
2356728435
2356728445
2356728455
2358273805
2358273815
2358273825
2358273835
2358273855
2358273865
2358273875
2358273885
2358273905
2358273915
2358273925
2358273935
2358273945
2358273965
2358273975
2358905445
2358905455
2358905465
2358905475
2358905485
2358905495
2358905505
2358905515
2358905525
2358905535
2358905545
2358905555
2358905565
2358905575
2358905585
2358905595
2358905605
2358905615
2358905625
2360512495
2360512505
2360512515
2361547345
2361547435
2361547465
2361695625
2361695635
2361695645
2361695655
2361828955
2361828965
2361828975
2361828985
2361828995
2361829005
2361829015
2361829025
2361829035
2361829045
2361829055
2361829065
2361829165
2361997865
2361997875
2361997895
2361997915
2364964085
2366680065
2366680075
2366680085
2366680095
2366680115
2366680125
2367693815
2368365875
2368365885
2368365895
2368365905
2368365915
2368365925
2368365935
2368365945
2368365955
2368365985
2368365995
2368366005
2371566895
2371588045
2371588055
2371588085
2371588095
2371588105
2371588115
2371588125
2371588145
2371664895
2371664905
2371777875
2371823715
2371823725
2371823735
2371823815
2371823865
2371823895
2371823905
2371875765
2371875805
2371875915
2371916185
2371916205
2371916225
2371916235
2371916245
2371916265
2371916325
2371916335
2371916345
2371916385
2371916395
2371916405
2371916415
2371916425
2371916445
2371916455
2371916465
2371916535
2371916545
2371916555
2371916585
2371937375
2371937385
2371937395
2371937405
2371937415
2371937425
2371937435
2371937525
2371937545
2371937555
2371937565
2371937575
2371937585
2371937595
2371937605
2371937615
2371937625
2371937635
2372023295
2372023325
2372023335
2372023365
2372053095
2372053105
2372053115
2372053125
2372053135
2372187675
2372187685
2372188025
2372188035
2372188045
2372188055
2372188115
2372188125
2372365255
2372365265
2374249435
2374249615
2374249625
2374518535
2374526225
2374526355
2374851315
2374851325
2376157005
2376458205
2377065155
2377065195
2377065235
2377065245
2377065255
2377065265
2377065275
2377076245
2377076255
2377076265
2377076305
2377129015
2377246985
2377247015
2377247025
2377247035
2377247045
2377247065
2377247075
2377247085
2377247105
2377247115
2377247125
2377247145
2377247155
2377247165
2377247175
2377247185
2377554115
2377554505
2377554515
2377554545
2377554555
2377554565
2377554575
2377554585
2377554595
2377554605
2377554615
2377554625
2377554635
2377554645
2377554775
2377554785
2377559115
2377559125
2377559135
2377559145
2377559165
2377560085
2377560175
2377560195
2377560205
2377560755
2377560775
2377560795
2377560815
2377560845
2377560885
2377560905
2377560985
2377561105
2377561125
2377561145
2377561175
2377561195
2377561225
2377561275
2377561295
2377561325
2377561335
2377561355
2377561365
2377561375
2377561385
2377561395
2377561415
2377561425
2377561445
2377561455
2377561465
2377564745
2377564785
2377564875
2377564995
2377565365
2377565375
2377565385
2377584105
2377584125
2377584265
2377584275
2377584285
2377584295
2377584315
2377584325
2377584335
2377584345
2377586465
2377586475
2377586485
2377586535
2377587425
2377587455
2377587475
2377587525
2377588705
2377588715
2377588725
2377588735
2377588745
2377588755
2377588765
2377588775
2377589115
2377589145
2377589155
2377589165
2377589175
2377589415
2377591355
2377591365
2377591375
2377591385
2377591395
2377591405
2377591415
2377591425
2377591445
2377591465
2377591485
2377591495
2377591535
2377591545
2377591565
2377591575
2377591775
2377591785
2377591795
2377591805
2377591815
2377591825
2377591835
2377591845
2377591855
2377591865
2377591875
2377591885
2377591895
2377591905
2377591915
2377591975
2377591985
2377591995
2377592005
2377592015
2377592025
2377593195
2377593205
2377593215
2377593225
2377593245
2377593255
2377593265
2377593275
2377593285
2377593295
2377593305
2377593315
2377593325
2377593335
2377593345
2377593355
2377593365
2377593375
2377593385
2377593395
2377593405
2377593415
2377593425
2377593435
2377593455
2377593465
2377593475
2377593485
2377593495
2377593505
2377593515
2377593525
2377593535
2377593545
2377593565
2377593575
2377593595
2377593805
2377593965
2377597445
2377597455
2377597485
2377597495
2377597515
2377597745
2377597785
2377598545
2377598565
2377598715
2377598735
2377599095
2377600595
2377600955
2377600965
2377600975
2377601025
2377601035
2377601045
2377601055
2377603815
2377603825
2377603835
2377603845
2377603855
2377603865
2377603875
2377603885
2377603895
2377603905
2377603915
2377603925
2377603935
2377603965
2377603975
2377603985
2377603995
2377604005
2377604015
2377604025
2377604035
2377604045
2377604055
2377604065
2377604075
2377604085
2377604095
2377604105
2377604115
2377604125
2377604135
2377604145
2377604155
2377604165
2377604175
2377604185
2377604215
2377604225
2377604235
2377604245
2377604255
2377604265
2377604275
2377604285
2377604295
2377604305
2377604315
2377604325
2377604335
2377605535
2377605545
2377605555
2377605565
2377605575
2377605585
2377613635
2377613665
2377614905
2377614915
2377614945
2377614965
2377614975
2377614985
2377614995
2377615005
2377615025
2377615035
2377615045
2377615055
2377615065
2377615085
2377615095
2377615105
2377615115
2377615125
2377615145
2377615155
2377615165
2377615175
2377615185
2377615205
2377615215
2377615235
2377615255
2377615265
2377615275
2377617105
2377617115
2377617125
2377617135
2377617145
2377617155
2377617165
2377617175
2377617185
2377617195
2377617205
2377617885
2377617965
2377618045
2377619025
2377621095
2377622175
2377622315
2377622325
2377622335
2377622605
2377622625
2377622635
2377622645
2377622655
2377622665
2377622675
2377622685
2377622695
2377622705
2377622715
2377622725
2377622735
2377622745
2377622755
2377622765
2377622775
2377622785
2377622795
2377622805
2377622825
2377624775
2377624945
2377624955
2377624985
2377624995
2377625005
2377625085
2377625095
2377625105
2377625115
2377625195
2377625205
2377625215
2377625225
2377628405
2377630105
2377630115
2377630135
2377630155
2377630175
2377630195
2377630205
2377630225
2377630245
2377630265
2377630285
2377630305
2377630325
2377630335
2377631975
2377632005
2377632035
2377632055
2377632065
2377632075
2377632085
2377632095
2377632105
2377632115
2377632125
2377632135
2377632145
2377633875
2377633885
2377633895
2377633905
2377633915
2377633925
2377633935
2377633945
2377633955
2377633965
2377633975
2377633985
2377634005
2377634015
2377634035
2377634055
2377634075
2377634085
2377634105
2377634115
2377634125
2377634175
2377636415
2377636425
2377636435
2377636445
2377636455
2377636465
2377636475
2377636485
2377636495
2377636505
2377636515
2377636525
2377636535
2377636545
2377636555
2377636565
2377636575
2377636625
2377636635
2377636645
2377636655
2377636665
2377636675
2377636695
2377636715
2377636725
2377637825
2377637835
2377637845
2377637855
2377637865
2377637885
2377637935
2377637945
2377637955
2377637985
2377725815
2377725825
2377725835
2377725845
2377725855
2377725865
2377763065
2377813425
2377813435
2377813565
2377813575
2377813595
2380754695
2383081295
2384710485
2384710535
2384710595
2385561615
2385561645
2385561665
2386440405
2386440415
2386440425
2387189755
2387189765
2387189785
2387189795
2387189805
2387189815
2387189825
2387611025
2387611285
2387769925
2387821015
2387821025
2387821035
2387821045
2387821055
2387821065
2387821075
2387821085
2387821095
2387920825
2387920835
2387920845
2387920855
2387920865
2387920875
2387920885
2389145635
2389145655
2389145665
2389145675
2389145695
2389145815
2389145835
2389422975
2389423145
2389423175
2389423205
2389423225
2389423445
2390098455
2390098465
2390098475
2390098485
2390098505
2390098515
2390098525
2390098535
2390098545
2390098555
2390098565
2390098575
2390098585
2390098595
2390098605
2390913655
2390913715
2391077955
2391077965
2391077975
2391078565
2391078585
2395147085
2395147185
2395147195
2395147225
2395147255
2395147265
2395227295
2395227305
2395227315
2396102265
2396102275
2396102285
2396447725
2396447735
2396447745
2396448005
2396448025
2396448035
2396536075
2399716205
2399994035
2401780085
2401780195
2401780305
2401780315
2401780325
2401780335
2401780345
2401927765
2401927815
2401927825
2401927855
2401927945
2401927955
2401927975
2401927985
2401928085
2401928095
2401928105
2401928125
2401928135
2401928145
2401928155
2401928185
2401928345
2402021625
2402021705
2402021815
2402021825
2402022075
2402022115
2402022145
2402022165
2402022185
2402022215
2402022305
2402022325
2402022335
2402022345
2402022365
2402022375
2402022435
2402022445
2402022475
2402022495
2402022555
2402022585
2402022615
2404091265
2404091355
2404091365
2404091375
2404721775
2404721805
2404721835
2404721895
2404721905
2404734185
2404734205
2404734215
2405265435
2405265485
2405265705
2405265715
2405265825
2405265855
2405266025
2405266055
2405465925
2405467665
2405467675
2405467685
2405467695
2405481815
2405481825
2405481835
2406980615
2406980625
2406980635
2406980645
2406980665
2407265575
2407265595
2407265615
2407282915
2407282925
2410341855
2410341865
2410341915
2410342045
2410342055
2410342075
2410342105
2410342115
2410342125
2410342135
2410342145
2410342155
2410342165
2410342175
2410342185
2410342215
2410342335
2410342365
2410513485
2410513495
2410513515
2410513575
2410513585
2410513615
2410513625
2410513635
2410513645
2410513675
2410513685
2410513695
2410513705
2410513725
2410513735
2410513755
2410513765
2410513775
2410513805
2410513815
2410513825
2410513835
2410513845
2410513875
2410513895
2410513915
2410513925
2410513935
2410513955
2410513965
2410513995
2410514005
2410514015
2412098035
2412098085
2412098235
2412428955
2412428965
2412428975
2412429035
2415491035
2415528115
2415528385
2415528395
2415528405
2415528415
2415528425
2415528435
2415671215
2415671375
2416115035
2416115055
2416115085
2416115105
2416115115
2416115125
2416115145
2416115155
2416115165
2416115175
2416115185
2416831495
2418639295
2418639455
2418645425
2419923065
2419923075
2419923225
2419923235
2419923245
2419923255
2421435315
2421435325
2421437235
2421589995
2421590015
2421590025
2421590035
2421590045
2421590065
2421590075
2421590085
2421590095
2421590105
2421590115
2421590125
2421590135
2421590145
2421590155
2421590165
2421590175
2421590185
2421590505
2421590555
2421590585
2421590595
2421590605
2421590615
2421590625
2421590635
2421590645
2421590695
2421590705
2421590765
2421590775
2421590815
2421590825
2421590835
2421590845
2421590855
2421590865
2421590895
2421590905
2421590915
2421590925
2421590935
2421590945
2421590955
2421590965
2421590975
2421591025
2421591035
2421591095
2421591105
2421591135
2421910175
2421910185
2421910195
2422691225
2422691235
2422691245
2422691255
2422691265
2422691285
2422691305
2422691325
2422691335
2426708605
2426708625
2426708645
2426708725
2427123865
2427123875
2427123885
2427123895
2427123905
2427123915
2427123925
2427123945
2427123955
2427123965
2427123985
2427124005
2427124015
2427124025
2427124035
2427124045
2427124055
2427124065
2427124075
2427124095
2429137965
2429137975
2429137985
2429137995
2429138025
2429138035
2429138045
2429138055
2429138085
2429138495
2432403275
2432403305
2432403365
2432403425
2432403435
2432403445
2432417075
2432417095
2432417115
2432417155
2432417175
2432417195
2434850795
2434850815
2434850875
2434850885
2434850895
2434850915
2434909775
2434909785
2434909795
2434909805
2434909815
2434991695
2434991705
2434991715
2434991725
2434991735
2434991745
2434991775
2434991985
2434991995
2435002845
2435002855
2435002865
2435002875
2435002885
2435002985
2435002995
2435027165
2435027175
2435027335
2435027405
2435027435
2435027445
2435027455
2435027465
2435027485
2435027495
2435027505
2435027515
2435027525
2435027535
2435027545
2435027555
2435027565
2435027575
2435027585
2435027595
2435027605
2435027615
2435027625
2435027635
2435027645
2435027675
2435027685
2435027695
2435027725
2435027735
2435027745
2435027755
2435027765
2435027775
2435027785
2435064985
2435065005
2435065075
2435140045
2435140055
2435140065
2435140075
2435140215
2435140345
2435140355
2435155665
2435155685
2435155745
2435156015
2435184775
2435184795
2435184855
2435184885
2435184895
2435184915
2435184955
2435185225
2435185365
2435185385
2435185405
2435185425
2435185455
2435185465
2435185475
2435185495
2435185505
2435185515
2435185585
2435185605
2435185735
2435185745
2435185755
2435185765
2435185775
2435185785
2435185795
2435192035
2436145935
2436145965
2436145975
2436146035
2439142275
2439142475
2439142485
2440142815
2440326325
2440326385
2440326405
2442531625
2442531675
2442531685
2442531695
2442531705
2442531715
2442531725
2442531735
2442531745
2442531755
2442531765
2442531775
2442531785
2442531795
2442531805
2442531815
2442714325
2442714355
2444349885
2444349925
2444349945
2444349955
2444349995
2444350075
2444350105
2444350125
2444350135
2444350195
2444350205
2444350305
2444350345
2444350355
2444350415
2444350425
2444350465
2444657355
2444657365
2444657375
2444657405
2444657415
2444657425
2444657435
2444657465
2444657475
2444657485
2444657495
2444657505
2444657515
2444657525
2444659465
2444659485
2444659505
2444659515
2444659535
2444659545
2444659555
2444659605
2444659705
2444659725
2444659735
2444659755
2444659795
2444659805
2444659815
2444659825
2444659835
2444660685
2444660725
2444661835
2444661845
2444661855
2444661875
2444662475
2444662485
2444662515
2444662525
2444662535
2444662675
2444662695
2444663225
2444663235
2444663245
2444663255
2444663265
2444663295
2444663305
2444663315
2444663325
2444663345
2444664235
2444670215
2444670915
2444671075
2444671085
2444671115
2444673355
2444673365
2444673375
2444673385
2444673405
2444673415
2444674035
2444674105
2444674115
2444674135
2444674145
2444674275
2444674285
2444674295
2444674305
2444674315
2444674325
2444674705
2444674725
2444674735
2444674745
2444674755
2444674775
2444674785
2444674795
2444675185
2444675285
2444675315
2444675335
2444675355
2444675365
2444675375
2444675385
2444675395
2445453525
2448170565
2448170575
2448170655
2448364995
2448573315
2448573335
2448573355
2448573405
2448573435
2448584385
2448584395
2448584405
2448584415
2448584425
2448584435
2448584485
2448584505
2448584515
2448584525
2448584535
2448584555
2448690175
2448741705
2448947075
2448947085
2449953385
2451654845
2451654855
2451654875
2451654885
2452489645
2453758085
2453758095
2453758115
2453758145
2453758195
2453759005
2453759015
2453759025
2453759035
2453759045
2453759065
2453759075
2453759095
2453759115
2453759135
2453759155
2453759165
2453759185
2453759195
2453771355
2453771365
2453771375
2453771385
2453771395
2453771405
2453771415
2453771425
2453771435
2453771445
2453771455
2453771465
2453771475
2453771485
2453771495
2453771515
2453771525
2453771545
2453771555
2453771565
2453771575
2453771585
2453771595
2453771605
2453771615
2453771665
2453771675
2454708105
2454708115
2454708125
2454708155
2454708255
2454708505
2454708515
2454708525
2454754315
2454754325
2454754355
2454855445
2454855455
2454855465
2455625605
2455625615
2455625625
2455625645
2455661545
2455661555
2455661565
2455661575
2455661585
2455661605
2455661715
2455661755
2455661765
2455661775
2455661785
2455661805
2455968595
2455968605
2455968615
2455968625
2455968635
2455968655
2455968665
2455968675
2455968685
2455968705
2455968715
2455968725
2455968745
2455968755
2455968765
2455968775
2455968785
2455968805
2455968815
2455968835
2455968855
2456321665
2459786845
2461295285
2461295295
2461295305
2464915175
2465720595
2465720615
2465999495
2465999505
2465999515
2465999525
2465999645
2465999655
2465999665
2465999675
2465999985
2466125465
2466125475
2466140545
2466140555
2466140565
2466140595
2466140605
2466140615
2466142605
2466142625
2466142685
2466142695
2466142725
2466144725
2466144745
2466144755
2466144765
2466144775
2466144795
2466144815
2466144845
2466145085
2466145135
2466145225
2466145235
2466145285
2466146435
2466146755
2466146765
2466146815
2466148105
2466149055
2466149915
2466149925
2466149935
2466149945
2466149955
2466150005
2466151635
2466151645
2466151665
2466151675
2466151685
2466151695
2466151815
2466151845
2466151875
2466151905
2466151975
2466151985
2467446385
2467446985
2467447025
2467447035
2467447045
2470081865
2470081875
2470081885
2470081895
2470082575
2470082585
2470084515
2470086095
2470086105
2470086115
2470086125
2470648951
2470648961
2475688271
2475688301
2475688311
2475688341
2475688351
2475688361
2475688371
2475688391
2476661961
2476661971
2476661981
2476991001
2480601231
2480601311
2480820131
2482209731
2482209761
2482209801
2482209811
2482209821
2482209831
2482209841
2482209861
2482209881
2482209901
2482209921
2482210091
2482210101
2485951951
2485951981
2485952961
2485952971
2485952981
2485952991
2485953061
2485953071
2485953081
2485953091
2485954141
2485954231
2485954271
2485954281
2485954301
2485954321
2485954331
2485954341
2485955311
2485955321
2485955331
2485955421
2485970251
2485970261
2485970271
2485970361
2485970371
2485974211
2485974221
2485974231
2485974241
2485974251
2485974261
2485974281
2485974291
2485974321
2485974331
2485974381
2485974391
2485974411
2485974421
2485974431
2485974441
2485974471
2485974481
2485974491
2485976021
2485976031
2485976041
2485976051
2485981521
2485981531
2485981541
2485981571
2485981581
2485981591
2485981951
2485984261
2485985071
2485985081
2485985091
2485985101
2485985111
2485985161
2485985171
2485985191
2485985211
2485985241
2485985251
2485985271
2485985281
2485985291
2485988831
2485988841
2485988851
2485988871
2485988881
2485988891
2485988911
2485988921
2485992821
2485992871
2485994361
2485998001
2485998011
2485998021
2487049201
2487049211
2487049221
2487049261
2487049281
2487049351
2487329861
2487329871
2487329881
2487329891
2487329901
2487329911
2487329921
2487329931
2487329941
2487329951
2487329961
2487329971
2489854981
2489855001
2489855011
2489855021
2489855031
2489855041
2489855051
2489855071
2489855111
2489855121
2489855131
2489855141
2489855151
2489855171
2489855181
2489855191
2489855201
2489855211
2489855221
2489855231
2489855241
2489855251
2489855271
2489855281
2489855291
2489855301
2489855311
2489855321
2489855331
2489855381
2489855391
2489855401
2489855421
2489855431
2489855441
2489855451
2489855461
2489855471
2489855481
2489855501
2491889141
2493901121
2493901201
2494379681
2494379691
2494379701
2494379711
2494379721
2494379731
2494379741
2494379751
2494379761
2494379771
2494379781
2494379791
2494379801
2494379811
2494379821
2494379831
2494379841
2494379851
2494379861
2494388901
2494424841
2494424861
2494424871
2494672061
2494672301
2494672311
2494672401
2494672411
2495769321
2497670641
2501503431
2501997581
2502735601
2502735721
2504378581
2504378611
2504378691
2504378721
2504378771
2504378841
2504378851
2504378861
2504378901
2504697841
2504698081
2506230331
2506230341
2506230351
2506230361
2506230371
2506230381
2506230391
2506230441
2506230471
2506230481
2506230531
2506230541
2506230551
2506230601
2506230611
2506230621
2506230741
2506230751
2506230791
2506230801
2506230811
2506618391
2506618401
2506618411
2506618421
2506620721
2506620731
2506620741
2506620771
2506620781
2506620801
2506620821
2506620831
2506620861
2506620871
2506620911
2506621081
2506621101
2506621111
2506622031
2506622601
2506622631
2506622641
2506622661
2506646941
2506646951
2506646981
2506646991
2506647001
2506647011
2506647021
2506647031
2506647051
2506647061
2506647071
2506647081
2506647091
2506647101
2506647111
2506647121
2506647181
2506647191
2506647201
2506648261
2506648441
2506653481
2506653501
2506653511
2506654091
2506654191
2506655241
2506655251
2506655481
2506655491
2506655501
2506655521
2506655551
2506657191
2506673041
2506673051
2506673061
2506673071
2506678061
2506678081
2506678111
2506678131
2506678141
2506678221
2506681621
2506681631
2506681711
2506681721
2506681731
2506685021
2506685051
2506685061
2506685071
2506702631
2506702641
2506702651
2506702661
2506702671
2506702681
2506702691
2506702701
2506702711
2506702721
2506702731
2506702741
2506702751
2506702781
2506702791
2506718411
2506718451
2506718481
2506718491
2506718501
2506718511
2506718521
2506718531
2506718541
2506718551
2506718561
2506718571
2506718581
2506718591
2506718601
2506718611
2506718621
2506718781
2506718791
2506718811
2506718831
2506718901
2506718911
2506718921
2506720281
2506720291
2506720351
2506720361
2506721151
2506721161
2506721171
2506721181
2506721191
2506721201
2506721211
2506721221
2506721231
2506721241
2506721251
2506721261
2506721271
2506721281
2506721291
2506721301
2506721311
2506721321
2506721331
2506721341
2506721351
2506721361
2506721371
2506721381
2506721391
2506721431
2506721851
2506721861
2506721871
2507590331
2507590411
2507698331
2511595461
2511595471
2511595481
2511595491
2511595501
2511595891
2511596471
2511599191
2511599201
2511599211
2511601061
2511601101
2511601111
2511601121
2511602031
2511602041
2511602061
2511602071
2511602081
2511602091
2511613391
2511623831
2511623841
2511623851
2511623961
2511623991
2511624001
2511624011
2511633871
2511633891
2511633911
2511633921
2511633931
2511633941
2511638301
2511638311
2511638321
2511638331
2511638791
2511638801
2511638811
2511638831
2511638841
2511638861
2511638881
2511638921
2511639021
2511644881
2511644891
2511644901
2511644911
2511644921
2511644931
2511644941
2511644951
2511644961
2511644971
2512318571
2512318581
2512318591
2512318601
2512318611
2512318621
2512318631
2512437421
2512437431
2512437441
2512818241
2515266741
2515266861
2515266871
2515266881
2515266951
2515267211
2516041351
2516041501
2516041541
2516041561
2516041621
2516041871
2516041921
2516041951
2516042021
2516042051
2516395131
2516446581
2520276451
2520276461
2520276471
2520619241
2521042011
2521042131
2521042141
2521042151
2521042191
2521042201
2521042211
2521042221
2521042251
2521042271
2521042311
2521477731
2521477771
2521477861
2521477931
2521477971
2521478001
2521478021
2521478051
2521478111
2521478131
2521478161
2521478211
2521478231
2521478281
2521478351
2526363141
2526363171
2526363181
2526369251
2526369271
2526369281
2526369291
2526369301
2526497841
2526497851
2526497861
2526497871
2526497881
2526497891
2526497901
2526497911
2526498341
2526498351
2526498361
2526500001
2526500011
2526500021
2526500031
2526500041
2526500111
2526500121
2526500131
2526500141
2526500151
2526500161
2526500171
2526500181
2526500191
2526500201
2526500211
2526500221
2526500241
2526501781
2526501791
2526501801
2526501811
2526501821
2526501831
2526501841
2526501851
2526501861
2526504681
2526504741
2526575921
2526576051
2526576081
2531329811
2532244581
2532244591
2532244601
2532244611
2532244621
2532245291
2534960781
2534960801
2535610601
2535610611
2535610621
2535610631
2535610641
2535610651
2535610661
2535610671
2535611171
2535611231
2535611241
2535611261
2535611271
2535611331
2535803861
2535803871
2536229261
2536229641
2536229651
2536229671
2536744511
2536744871
2536744881
2536744891
2536744921
2536744931
2536744941
2536744951
2536744971
2536744991
2536745001
2536745011
2536745021
2536745101
2536745431
2536745441
2536745451
2536745461
2536845371
2537034281
2537034291
2537034301
2537034311
2537034321
2537034331
2537034341
2537034351
2537034361
2537034371
2537034381
2537034391
2537034401
2537034411
2537034421
2537034431
2537034441
2537034451
2537034461
2537034471
2537034481
2537034491
2537034501
2537034511
2537034531
2537034541
2537034551
2537034571
2537034581
2537034601
2537034611
2537034621
2537034631
2537034641
2537034651
2537034661
2537034671
2537034681
2537034691
2537034701
2537034821
2537034831
2537034841
2537034851
2537034861
2537034871
2537034881
2537034971
2537034991
2537035001
2537035051
2537035081
2537035091
2537035101
2537035141
2537035151
2537035161
2537035171
2537035271
2537035281
2537035311
2537035321
2537242581
2537242631
2537242651
2537242661
2537242681
2537242701
2537242711
2537242721
2537242771
2537242781
2537242791
2537242811
2537242871
2537242881
2540078721
2540078731
2540078741
2540078751
2540078761
2540078771
2540078791
2540078801
2540078811
2540078821
2540078831
2540078841
2540404631
2540404641
2540404661
2540404841
2540903011
2542511171
2542511181
2542511251
2542511331
2542511341
2542511381
2542511421
2542511431
2542511441
2542511451
2542511461
2542511511
2544747411
2544747421
2544747431
2544747441
2544747451
2544747461
2544747471
2544747501
2545112261
2545112271
2545112281
2545112291
2545112301
2545112311
2545112321
2545112331
2545352551
2545352561
2545352571
2545352581
2545352591
2545352601
2545352611
2545352621
2545352631
2546017272
2546021162
2546021182
2546021212
2546021222
2546082922
2546106292
2546246772
2546246812
2546246822
2546246832
2546246842
2546246852
2546250062
2546250072
2546250082
2546250092
2546250102
2546250112
2546251782
2546252972
2546252982
2546254722
2546254732
2546254752
2546254762
2546254772
2546254792
2546254822
2546255762
2546255922
2546255932
2546255972
2546256002
2547276902
2547276912
2547788902
2547788912
2547788922
2547788932
2547788962
2547788992
2547789002
2547789012
2547789232
2547789272
2547789282
2547789292
2547789322
2547789332
2547789342
2547789352
2550366302
2550551942
2550551952
2550551962
2550551972
2550551982
2550551992
2550552282
2550552292
2550552302
2550552312
2550552322
2550552332
2550552342
2550552352
2550552362
2550552392
2550552402
2550552412
2550552422
2550552432
2550552442
2550552452
2550552462
2550809992
2550810002
2550810012
2550810022
2550810042
2550810052
2550810062
2550810072
2550810182
2550810192
2550810202
2550810212
2550810222
2550810232
2550810242
2550810252
2550810262
2550810282
2550810292
2550810302
2550810312
2550810332
2550810342
2550810352
2550810362
2550810372
2550810402
2550810412
2550810462
2550810472
2550810492
2550810502
2550810512
2550810532
2550810552
2550810612
2550810632
2550810642
2550810662
2550810702
2550810712
2550810722
2550810732
2550810742
2550810782
2550810792
2550810802
2550810832
2550810862
2550810892
2550810902
2550810912
2550810922
2550810932
2550810942
2550810952
2550810962
2550810972
2550810982
2550810992
2550811002
2550811012
2550811022
2550811032
2550811062
2550811072
2550811122
2550811142
2550811162
2550811182
2550811192
2550811202
2550811222
2550811232
2550811242
2550811252
2550811262
2551542592
2552277632
2552277642
2552277652
2552277662
2552277672
2552277682
2552277692
2552277702
2552279562
2552279572
2552279582
2552279592
2552279602
2552279612
2552279672
2552279682
2552279702
2552279712
2552279722
2552279732
2552279752
2552279762
2552279782
2552279792
2552279802
2552279812
2552279842
2552279862
2554539082
2556119412
2556119422
2556119432
2556119442
2556119482
2556324662
2556324852
2556365902
2557749612
2557749652
2559681602
2559763022
2559763032
2559763042
2559763062
2559763072
2559763082
2559763092
2561567712
2561567722
2561567732
2561686302
2561686312
2561686322
2561686352
2561686362
2563546782
2565726452
2566857182
2570151772
2570151782
2570151932
2570207682
2570207702
2570207722
2571217652
2571217742
2571217842
2572320322
2572320332
2572320342
2572320352
2572320362
2572320372
2572320382
2572320392
2572320402
2573856542
2573856552
2573856562
2573856582
2573856602
2575880572
2576110682
2576110692
2576110702
2576110712
2576322442
2576446152
2576497892
2576497902
2576497912
2576497922
2576497932
2576497942
2576497952
2576497962
2576497992
2576498002
2576498022
2576498032
2576498042
2576498062
2576498072
2576498082
2576557832
2576643212
2577332992
2577333032
2577333062
2577333072
2577333092
2577333112
2577333122
2577333152
2577333162
2577333172
2577333182
2577333212
2577333222
2577333232
2577333242
2577333252
2577333262
2577333272
2577333282
2577333292
2577333302
2577333312
2577333322
2577333332
2577333342
2577333352
2577333362
2577333372
2577333382
2577333402
2577333412
2577333422
2577333432
2577333442
2577333452
2577333462
2580300152
2580300162
2580300172
2580300182
2580300192
2580300202
2580300212
2580300222
2580300272
2580300282
2580300292
2580300302
2580319282
2580319312
2580319332
2580598442
2580598482
2580598492
2580598502
2580687622
2580687632
2580687642
2580687652
2580687662
2580687672
2580687682
2580687692
2580687702
2580874682
2580874692
2580874712
2580874722
2580874732
2580874742
2580874762
2580874772
2580874782
2580874792
2580874802
2583620572
2583814142
2583926102
2583926112
2583926132
2583926142
2583926152
2583926162
2583926172
2584571632
2584571662
2584571772
2584571782
2584571802
2584571832
2586581192
2586581262
2589335502
2589335512
2589335522
2589335532
2589335542
2589335562
2589335572
2589335592
2589335612
2589657222
2589657232
2589657242
2589657252
2592562092
2592562282
2592562292
2592579572
2592579742
2592579752
2592579762
2592579772
2592579782
2593811392
2596018622
2601226452
2602564492
2606646762
2606646772
2606646782
2606646792
2606646852
2606646892
2606646902
2606646932
2606964632
2606964722
2606964882
2606965232
2607429542
2607586932
2607586942
2607586952
2607921362
2608335932
2608335942
2608335992
2608336002
2608336012
2608660802
2608660902
2608680722
2608680732
2608680742
2608680762
2608680802
2608684002
2608685432
2608685442
2608685452
2608685462
2608685472
2608685502
2608685522
2608687462
2608687472
2608687522
2608687532
2608687552
2608687752
2608687762
2608687772
2608687782
2608692892
2608692902
2608692912
2608702172
2608703092
2608703112
2608703142
2608703152
2608703162
2608703202
2608703242
2608703252
2608703292
2608703452
2608704152
2608704162
2608704182
2608704222
2608704262
2608704272
2608704282
2608704292
2608704302
2608704312
2608704322
2608704332
2608707402
2608707412
2608707422
2608707432
2608707442
2608707452
2608707462
2608707472
2608708542
2608708552
2608708562
2608708582
2608708602
2608708622
2608709042
2608709062
2608709072
2608709082
2608709102
2608709182
2608709232
2608709262
2608709272
2608709282
2608709692
2608709702
2608709712
2608709722
2608717942
2608717952
2608718282
2608718292
2608718302
2608718312
2608718322
2608718472
2608718522
2608718552
2608718562
2608718572
2608718582
2608718602
2608718652
2608719462
2608723242
2608723252
2608723262
2608723272
2608723282
2608723292
2608723302
2608723312
2608723322
2608723332
2608723342
2608723352
2608723362
2608723372
2608723382
2608723392
2608723702
2608727412
2608727422
2608727432
2608727442
2608727452
2608727792
2608727802
2608727832
2608727892
2608727902
2608727922
2608727942
2608727962
2608727982
2608728002
2608728052
2608728082
2608728092
2608728122
2608728132
2608728142
2608728152
2608728202
2608728932
2608729312
2608729322
2608729342
2608729392
2608729402
2608730472
2608730522
2608730532
2608730542
2608730612
2608730622
2608730642
2608730662
2608734902
2608740542
2608740552
2608740562
2608740572
2608740602
2608740642
2608740652
2608740662
2608740672
2608740682
2608740702
2608740712
2608740722
2608740732
2608740742
2608740752
2608740762
2608740772
2608740782
2608740792
2608740802
2608740822
2608740832
2608740842
2608742062
2608747652
2608747662
2608747672
2608747682
2608747692
2608747722
2608747752
2608747762
2608747772
2608747782
2608747792
2608747812
2608747822
2608748202
2608748212
2608748222
2608748232
2608748252
2608748282
2608748302
2608748312
2608748322
2608748342
2608748352
2608748362
2608748372
2608748392
2608748412
2608748422
2608754962
2608754982
2608754992
2608755082
2608755112
2608755132
2608755192
2608755202
2608755212
2608758032
2608758042
2608758052
2608758062
2608758102
2608758112
2608758132
2608758142
2608758152
2608758172
2608758192
2608758202
2608758212
2608993962
2608993972
2608993982
2608995272
2608995282
2608995372
2608995432
2608995442
2609000292
2609000302
2609000322
2609000332
2609000342
2609004312
2609004322
2609004332
2609004342
2609004352
2609004362
2609004372
2609004382
2609004392
2609004402
2609004412
2609004422
2609004432
2609004442
2609004452
2609004462
2609004472
2609004482
2609004492
2609004502
2609004512
2609004522
2609004532
2609004542
2609004552
2609004562
2609004572
2609004582
2609004592
2609004602
2609004612
2609004622
2609006292
2609006302
2609006312
2609006352
2609006362
2609006372
2609006382
2609006392
2609006402
2609053032
2609053042
2609053052
2609108982
2609109022
2612498142
2612505442
2612505522
2612505682
2612505772
2613221512
2613221752
2613266882
2613266892
2613266902
2613266912
2613266962
2613266972
2613266982
2613266992
2613267002
2613267012
2613267022
2613267032
2613267042
2613267092
2613267122
2613267142
2613267162
2613267172
2613267182
2613267192
2614153432
2614153442
2614153452
2614153462
2614153472
2614153482
2614153492
2614153502
2614153512
2614153522
2614153532
2614153542
2614153552
2614402032
2614402042
2614402052
2614402062
2614402072
2614402082
2614402092
2614402102
2614402112
2614402122
2614488022
2614607882
2614607892
2614607912
2614607922
2615437372
2615437382
2615437392
2615437402
2615437412
2615437422
2615437432
2615437442
2615437452
2615437462
2615437472
2615525642
2615525652
2615525662
2616919962
2617057542
2617057552
2617057562
2617057572
2617057602
2617057632
2617057642
2617057652
2617057672
2617057682
2617057692
2617057702
2617057712
2617057722
2617057732
2617657812
2617657822
2617658602
2617661952
2617661962
2617661972
2617661982
2617661992
2617662602
2617662622
2618555342
2618555352
2618555422
2618840632
2618840642
2618840652
2618840872
2618840882
2618840892
2618840902
2618840912
2618840922
2618840932
2618840942
2618840952
2618840962
2618840972
2618840982
2618840992
2618841002
2618841012
2618841022
2618841032
2618841042
2618841052
2618841062
2618841072
2618841082
2618841092
2618841102
2618841112
2618841122
2618841132
2618841142
2618841152
2618841162
2618841302
2618841312
2618841322
2618841332
2618841342
2618841352
2618841362
2618841562
2618844212
2618844222
2618844232
2618844242
2618844252
2618844272
2618844282
2618844302
2618844312
2618844322
2618844332
2618844342
2618844352
2618844362
2618844372
2618852102
2618852132
2618852142
2618855582
2618855592
2618855602
2618855612
2618855622
2618855632
2618855642
2618855652
2618855662
2618855682
2618855692
2618855712
2618855722
2618855732
2618855742
2618856662
2618866732
2618866742
2618866762
2618866792
2618866802
2618868662
2618868672
2618868682
2618868702
2618868712
2618868722
2618868732
2618868742
2618868762
2618868782
2618868832
2618868842
2618868852
2618868862
2618868922
2618868942
2618868952
2618877772
2618880352
2618888082
2618888092
2618888102
2618888112
2618888122
2618909602
2618910302
2618910312
2618910322
2618910352
2618910362
2618910372
2618916382
2618916432
2618916452
2618919542
2618919582
2618919612
2618919632
2618919662
2618919672
2618919702
2618929832
2618929842
2618929852
2618929862
2618929872
2618929882
2618929892
2618929902
2618929912
2618929922
2618930012
2618930022
2618930032
2618930712
2618931382
2618931392
2618931422
2618931532
2618931542
2618931552
2618931562
2618931572
2618934812
2618934822
2618934832
2618934842
2618934852
2618934862
2618939712
2618939722
2618939732
2618939742
2618939772
2618939782
2618939792
2618939802
2618939812
2618939822
2618939832
2618940492
2618940502
2618940512
2618940552
2618940562
2618940572
2618940622
2618940632
2618940642
2618940752
2618940762
2618940772
2618940782
2618940792
2618940922
2618941232
2618941242
2618941252
2618941262
2618941272
2618941552
2618941562
2618941572
2618941602
2618941612
2618941622
2618941632
2618941642
2618941652
2618941662
2618941672
2618941682
2618941692
2618941702
2618941712
2618941722
2618941742
2618941752
2618941762
2618941772
2618942242
2618942292
2618942312
2618942332
2618942392
2618949652
2618949662
2618949672
2618949682
2618949692
2618949702
2618953992
2618956622
2618959772
2618979262
2618979272
2618979282
2618979292
2618979302
2618979312
2623626122
2623626142
2625838112
2625838122
2625838132
2625838142
2626230052
2626230062
2626230082
2626230102
2626230412
2626230422
2626230472
2626327982
2626327992
2626328002
2626328012
2626328122
2626328132
2626328212
2626328222
2626328232
2626328242
2626328302
2626328332
2626328342
2626328352
2626328362
2626328442
2626328452
2626328462
2626328472
2626466722
2626466732
2626466742
2626466752
2626466762
2626466772
2626466782
2626466792
2626466802
2626466812
2626466822
2626472492
2626472532
2626472542
2626472552
2626472572
2626474232
2626474242
2626474252
2626474262
2626474292
2626474302
2626474312
2626474322
2626474332
2626474342
2626478472
2626478542
2626482262
2626482272
2626482282
2626482292
2626482382
2626482402
2626482422
2626483302
2626489432
2626489442
2626489452
2626489462
2626489472
2626489482
2626489492
2626493282
2626493292
2626498962
2626498972
2626498982
2626498992
2626499002
2626499012
2626499022
2626500932
2626500962
2626500982
2626507032
2626507052
2626509702
2626509712
2626509732
2626509742
2626509762
2626509782
2626509802
2626509832
2626509862
2626512712
2626512722
2626512732
2626512772
2626512782
2626512792
2626512802
2626512812
2626512822
2626516312
2626516322
2626516952
2626516962
2626517082
2626528832
2626529712
2626529732
2626529742
2626529752
2626529762
2626529772
2626529782
2626529792
2626529802
2626529812
2626529822
2630864962
2631294152
2631294172
2631294182
2631294192
2631294202
2631294212
2631294222
2631294232
2631294242
2631294252
2631294312
2631294322
2631294332
2631294342
2631294352
2631294362
2631294372
2631294382
2631294392
2631294402
2631294412
2631294422
2631294432
2631294442
2631294452
2631294462
2631294472
2631294482
2631294492
2631294512
2631294522
2631294532
2631294542
2631295082
2631295092
2631295112
2631295132
2631295152
2631295162
2631295192
2631298392
2631300262
2631300302
2631300342
2631300502
2631301212
2631301232
2631301242
2631301252
2631301262
2631301272
2631302332
2631302402
2631302422
2631302432
2631302442
2631302492
2631302502
2631302512
2631302522
2631302542
2631302552
2631302572
2631302652
2631302662
2631302722
2631302732
2631302782
2631306852
2631306862
2631306872
2631309632
2631309732
2631309782
2631310582
2631310602
2631310642
2631311832
2631311842
2631311852
2631311872
2631311882
2631311892
2631311902
2631311912
2631311932
2631311942
2631311952
2631311962
2631311972
2631311982
2631311992
2631312002
2631312012
2631312022
2631312032
2631312042
2631312052
2631314542
2631314552
2631314572
2631314582
2631314602
2631314662
2631315022
2631315032
2631315062
2631315082
2631315102
2631315112
2631315122
2631315132
2631315142
2631315152
2631315162
2631315172
2631315192
2631319222
2631319232
2631319242
2631319252
2631319262
2631319272
2631319282
2631319292
2631319302
2631319312
2631319322
2631319372
2631319392
2631319422
2631319442
2631319482
2631319492
2631319512
2631319522
2631319552
2631319742
2631319752
2631319782
2631319882
2631319892
2631319902
2631319912
2631319922
2631319932
2631319942
2631319952
2631319992
2631320002
2631320012
2631320042
2631320052
2631320072
2631320082
2631320822
2631320832
2631320912
2631320922
2631320932
2631320942
2631320952
2631321012
2631321032
2631321042
2631321052
2631321062
2631321072
2631321142
2631321152
2631321162
2631321172
2631321182
2631324342
2631324352
2631324362
2631326862
2631326872
2631326882
2631326892
2631326902
2631326912
2631327002
2631327012
2631327022
2631327052
2631327072
2631327082
2631327102
2631327112
2631327122
2631327162
2631327172
2631327472
2631327482
2631327492
2631327502
2631327512
2631327522
2631327532
2631327582
2631327592
2631327602
2631327612
2631327622
2631327632
2631329682
2631329692
2631329702
2631329712
2631329722
2631329732
2631329742
2631329752
2631330892
2631330902
2631330912
2631330922
2631330932
2631330942
2631330982
2631331022
2631335912
2631351412
2631351442
2631351452
2631351462
2631368002
2631370292
2631370302
2631370312
2631370322
2631370332
2631370352
2631370362
2631370382
2631370402
2631370432
2631370452
2631371532
2631371542
2631371552
2631371562
2631371572
2631378772
2631378782
2631378792
2631378802
2631378812
2631378822
2631378832
2631378882
2631378912
2631379492
2631382702
2631382732
2631382752
2631382782
2631382792
2631382832
2631386502
2631386512
2631386522
2631386532
2631386542
2631386582
2631386592
2631386602
2631387592
2631387602
2631387742
2631387782
2631387842
2631387862
2631387872
2631387882
2631387892
2631387952
2631388142
2631388152
2631388162
2631388172
2631388182
2631388192
2631388202
2631388212
2631388222
2631388822
2631388832
2631388852
2631388872
2631388882
2631392052
2631392082
2631392102
2631392132
2631392152
2631392162
2631394602
2631394912
2631394932
2631394952
2631394962
2631395112
2631395152
2631395212
2631395232
2631395242
2631395252
2631398172
2631398182
2631398192
2631398212
2631398312
2631398322
2631398352
2631398402
2631401542
2631401552
2631401562
2631401572
2631401582
2631401592
2631401602
2631401692
2631401802
2631401822
2631401862
2631401872
2631401882
2631401892
2631401972
2631407022
2631407092
2631408582
2631408592
2631408602
2631408702
2631408712
2631408722
2631408732
2631408742
2631408752
2631408762
2631408772
2631408782
2631408792
2631408802
2631408812
2631408822
2631408832
2631408842
2631408852
2631408862
2631408872
2631408882
2631409532
2631409552
2631409562
2631409572
2631409592
2631409602
2631409932
2631409942
2631409952
2631409962
2631409972
2631410002
2631410092
2631410132
2631414422
2631414432
2631414442
2631414562
2631414572
2631414592
2631414612
2631414622
2631414632
2631414642
2631414662
2631414672
2631414682
2631414692
2631414702
2631414712
2631414722
2631414732
2631414952
2631414962
2631414982
2631414992
2631415032
2631415122
2631415592
2631415602
2631415642
2631415652
2631416702
2631416712
2631416722
2631416732
2631416742
2631416812
2631417022
2631417082
2631417092
2631417102
2631417122
2631417142
2631417152
2631417162
2631419412
2631419422
2631419432
2631419442
2631419452
2631419462
2631420312
2631420562
2631420572
2631420582
2631420592
2631420602
2631420612
2631420622
2631420642
2631420652
2631420672
2631420682
2631420702
2631420712
2631420722
2631420732
2631420742
2631420752
2631421842
2631421852
2631423162
2631423182
2631423192
2631439582
2631439592
2631439602
2631439612
2631439622
2631439632
2631439642
2631441112
2631441122
2631441152
2631441172
2631442382
2631442392
2631442402
2631442492
2631445272
2631445302
2631446532
2631446592
2631446602
2631446612
2631446622
2631446632
2631446642
2631446652
2631446662
2631446672
2631446682
2631446692
2631446702
2631446762
2631446772
2631453702
2631453712
2631453722
2631453732
2631453742
2631453752
2631453762
2631453772
2631453782
2631453792
2631453802
2631453812
2631453822
2631453862
2631462592
2631462612
2631462632
2631462712
2631463332
2631463352
2631467232
2631467242
2631467292
2631467302
2631467372
2631467382
2631467392
2631467402
2631467412
2631467422
2631468192
2631468202
2631468212
2631468222
2631468242
2631468252
2631468262
2631468272
2631468282
2631468292
2631468302
2631468312
2631468322
2631468332
2631468342
2631468672
2631468702
2631468722
2631468732
2631468742
2631468752
2631468762
2631468772
2631468782
2631468792
2631468802
2631468852
2631468862
2631468912
2631471732
2631471792
2631472892
2631472912
2631472922
2631472932
2631472942
2631472952
2631472962
2631472972
2631472982
2631472992
2631473002
2631473022
2631473032
2631473562
2631473582
2631473592
2631473612
2631473622
2631473642
2631473652
2631473672
2631473682
2631473692
2631473702
2631473712
2631473722
2631473732
2631473742
2631474092
2631474102
2631474112
2631474122
2631474562
2631477632
2631477642
2631477662
2631477672
2631477872
2631481842
2631481852
2631481862
2631481872
2631481882
2631481892
2631481902
2631481912
2631481922
2631481932
2631481942
2631483762
2631483792
2631483822
2631483832
2631483842
2631483852
2631483872
2631484602
2631484612
2631484622
2631484632
2631484642
2631484652
2631484702
2631484712
2631484722
2631484732
2631484752
2631484762
2631484772
2631484782
2631484802
2631484812
2631485922
2631489322
2631489332
2631489352
2631489412
2631489502
2631489522
2631489532
2631489552
2631489592
2631489722
2631489732
2631489742
2631489752
2631492022
2631492032
2631492042
2631492052
2631492062
2631492072
2631492082
2631492142
2631492152
2631492172
2631492262
2631492272
2631492282
2631492292
2631492302
2631492322
2631493002
2631493012
2631493022
2631493032
2631497872
2631497882
2631497892
2631497902
2631497912
2631497922
2631497932
2631497942
2631497952
2631497962
2631497972
2631498262
2631498272
2631498332
2631499612
2631499622
2631499632
2631499642
2631499652
2631499662
2631499672
2631499772
2631499782
2631499792
2631500902
2631500912
2631500922
2631505712
2631505762
2631505772
2631505812
2631505842
2631514982
2631514992
2631520172
2631520182
2631520192
2631520202
2631520212
2631520282
2631520302
2631520352
2631520382
2631520502
2631520862
2631520872
2631521902
2631521912
2631521922
2631521932
2631521942
2631521952
2631521962
2631521972
2631521982
2631521992
2631528162
2631528192
2631528262
2631528322
2631528382
2631535772
2631535832
2631535922
2631536132
2631536142
2631536152
2631536162
2631536172
2631536192
2631536202
2631536222
2631536242
2631536252
2631536262
2631536272
2631536282
2631536292
2631536302
2631536312
2631536322
2631536332
2631536342
2631536352
2631538212
2631538272
2631538282
2631538342
2631538402
2631538452
2631544682
2631545742
2631545752
2631545772
2631545782
2631545802
2631545822
2631545842
2631545862
2631545892
2631545912
2631545932
2631545952
2631545972
2631545982
2631546002
2631546022
2631546132
2631546152
2631546172
2631546182
2631546462
2631546512
2631546632
2631546642
2631546662
2631546672
2631546682
2631546702
2631546722
2631547682
2631547692
2631547702
2631547712
2631547722
2631547732
2631547742
2631547752
2631547762
2631547772
2631547792
2631547802
2631547872
2631547882
2631547892
2631547922
2631547932
2631547942
2631547952
2631547962
2631547972
2631547982
2631547992
2631548002
2631548012
2631548022
2631548052
2631548132
2631548202
2631548212
2631548222
2631548232
2631548242
2631548252
2631548282
2631548292
2631548302
2631548312
2631548322
2631548332
2631548342
2631548352
2631548362
2631548372
2631548382
2631549202
2631549212
2631549222
2631549232
2631549242
2631549252
2631549262
2631549272
2631549282
2631549292
2631549302
2631549312
2631553172
2631553212
2631553222
2631553232
2631553242
2631553252
2631553262
2631553272
2631553282
2631553292
2631553302
2631553312
2631553322
2631553332
2631553342
2631553352
2631553362
2631553372
2631553382
2631553392
2631553402
2631553412
2631553422
2631553432
2631553442
2631553452
2631553592
2631553642
2631553652
2631553662
2631553672
2631553682
2631553692
2631562042
2631563252
2631563282
2631563302
2631563312
2631563322
2631563352
2631563382
2631563392
2631563402
2631563412
2631563422
2631563432
2631563442
2631563462
2631563472
2631563482
2631563492
2631563502
2631563512
2631563522
2631567222
2631567232
2631571922
2631571932
2631571942
2631571952
2631571962
2631571972
2631571982
2631571992
2631574072
2631574082
2631574102
2631574132
2631574152
2631574162
2631574192
2631574202
2631574222
2631574232
2631574242
2631574252
2631574262
2631574272
2631578032
2631578042
2631578052
2631578072
2631578082
2631578092
2631578182
2631578192
2631578202
2631578212
2631578222
2631578232
2631578242
2631578252
2631578262
2631578272
2631585562
2631585572
2631585582
2631585592
2631585602
2631585612
2631585622
2631585632
2631585732
2631585742
2631585752
2631585762
2631585772
2631585782
2631585792
2631585802
2631585812
2631585822
2631586282
2631586292
2631605382
2631605422
2631605442
2631608912
2631608922
2631608932
2631608952
2631608962
2631608972
2631609022
2631609032
2631609082
2631612412
2631612462
2631612502
2631612512
2631612562
2631613642
2631613652
2631613662
2631613672
2631615642
2631615652
2631615662
2631615682
2631616162
2631616172
2631625892
2631625902
2631625912
2631625922
2631625932
2631625942
2631625952
2631633022
2631633032
2631633042
2631633052
2631633062
2631633302
2631633342
2631634022
2631634072
2631634132
2631634192
2631634202
2631638882
2631644232
2631644292
2631644332
2631644782
2631644792
2631644802
2631644812
2631644822
2631644832
2631644842
2631644902
2631644912
2631644922
2631644932
2631644942
2631644952
2631644962
2631644972
2631645012
2631645032
2631645042
2631645052
2631645062
2631645612
2631645742
2631646712
2631658712
2631658782
2631660082
2631660102
2631660122
2631667622
2631667632
2631667642
2631667652
2631667662
2631669252
2631669262
2631669272
2631669282
2631669292
2631676292
2631676302
2631684562
2631684572
2631684582
2631684642
2631684652
2631684662
2631684682
2631684692
2631684702
2631684712
2631688802
2631688822
2631688832
2631688842
2631688862
2631688872
2631688922
2631688932
2631688972
2631689042
2631689982
2631689992
2631690002
2631690012
2631690022
2631690032
2631690042
2631690052
2631690062
2631695592
2631695702
2631705822
2631705912
2631712402
2631712412
2631712422
2631712432
2631712442
2631712452
2631712462
2631712472
2631712482
2631712492
2631712502
2631712512
2631712522
2631712532
2631712542
2631712552
2631712562
2631712572
2631712582
2631712592
2631727652
2631727662
2631727672
2631727682
2631728422
2631728432
2631728452
2631728482
2631728512
2631742442
2631742452
2631742472
2631742642
2631744962
2631744972
2631745432
2631745482
2631755652
2631755662
2631755672
2631755692
2631755712
2631755722
2631755782
2631755792
2631755802
2631766242
2631766252
2631766262
2631766272
2631766282
2631766292
2631766302
2631766312
2631766322
2631766362
2631766372
2631766382
2631766392
2631766402
2631766412
2631774802
2631774812
2631774822
2631774832
2631774842
2631774852
2631774862
2631774872
2631774882
2631774892
2631774992
2631775002
2631775012
2631798092
2631798102
2631815792
2631815802
2631815812
2631815832
2631815842
2631815852
2631815862
2631815872
2631816192
2631816202
2631816212
2631816222
2631816232
2631816242
2631816252
2631816262
2631816502
2631816512
2631816522
2631816532
2631816612
2631816622
2631816632
2631821132
2631821142
2631821152
2631821162
2631821172
2631821182
2631821202
2631821212
2631821222
2631821232
2631821242
2631821252
2631821272
2631821282
2631821292
2631823972
2631824022
2631824032
2631824042
2631824052
2631824072
2631824162
2631835202
2631835212
2631835222
2631835242
2631835252
2631835262
2631835272
2631836252
2631836762
2631838222
2631838262
2631838272
2631838282
2631838292
2631838402
2631838412
2631838422
2631839282
2631839302
2631839332
2631839342
2631839352
2631840862
2631840872
2631840882
2631840892
2631840902
2631840912
2631840922
2631840932
2631841452
2631841462
2631841472
2631841482
2631841912
2631841922
2631841932
2631845702
2631845722
2631845742
2631845752
2631845762
2631845772
2631845802
2631845822
2631845832
2631845842
2631845852
2631845862
2631845882
2631845892
2631845902
2631845912
2631845922
2631845932
2631845942
2631846952
2631846992
2631847022
2631847092
2631863252
2631863262
2631863272
2631863282
2631863292
2631863302
2631863312
2631863422
2631863442
2631863452
2631863462
2631863482
2631863492
2631863542
2631891832
2631891842
2631891852
2631891862
2631891872
2631891882
2631891892
2631891902
2631891912
2631891922
2631891932
2631891942
2631891952
2631891972
2631891982
2631892022
2631892042
2631892052
2631892062
2631892072
2631894482
2631894522
2631894532
2631894542
2631894552
2631933852
2631933862
2631933872
2631933922
2631934892
2631934952
2631937892
2631939122
2631939132
2631939142
2631945562
2631949652
2631949672
2631949682
2631949692
2631960292
2631960302
2631960312
2631960332
2631960392
2631960402
2631960412
2631960422
2631960442
2631960522
2631967802
2631967842
2631967892
2631972002
2631972012
2631972022
2631983712
2631983782
2631991842
2631991862
2631991882
2631991912
2632004052
2632004062
2632008182
2632008192
2632008202
2632008212
2632008222
2632008862
2632009192
2632009202
2632009212
2632009222
2632020872
2632020882
2632020892
2632020902
2632020912
2632020922
2632020932
2632020942
2632020952
2632020962
2632020992
2632021012
2632021032
2632021042
2632021052
2632021062
2632036682
2632036792
2632036812
2632036822
2632036832
2632036842
2632036902
2632036912
2632036922
2632036932
2632037382
2632037412
2632037452
2632037462
2632050762
2632050772
2632050782
2632050792
2632050812
2632050832
2632050842
2632050852
2632050882
2632050892
2632103142
2632103222
2632103232
2632103242
2632103262
2632108572
2632108582
2632108592
2632110162
2632110192
2632110222
2632110232
2632110252
2632110282
2632110292
2632110302
2632110312
2632110322
2632110332
2632110342
2632110352
2632110362
2632110392
2632110402
2632110412
2632110822
2632110832
2632110842
2632110852
2632110862
2632110872
2632110892
2632110922
2632110942
2632110962
2632110982
2632111002
2632111022
2632111052
2632111072
2632111092
2632111112
2632117592
2632117602
2632117812
2632131412
2632131452
2632131502
2632134212
2632134232
2632134272
2632134412
2632134422
2632134432
2632134442
2632134452
2632135322
2632135442
2632135452
2632135462
2632140492
2632140532
2632140542
2632145432
2632145442
2632169342
2632169352
2632169362
2632178192
2632178202
2632178212
2632178222
2632178232
2632186282
2632186302
2632186312
2632186322
2632186362
2632198312
2632198322
2632198332
2632198342
2632198482
2632198492
2632198502
2632198512
2632199782
2632199832
2632199852
2632199872
2632199882
2632199942
2632199982
2632201682
2632201722
2632201832
2632201852
2632205122
2632205132
2632205142
2632207962
2632207972
2632207982
2632208042
2632217572
2632217582
2632217592
2632217602
2632217612
2632217622
2632217632
2632217642
2632217652
2632217662
2632217672
2632217682
2632217692
2632217702
2632217712
2632217722
2632217732
2632217742
2632217752
2632217762
2632217772
2632217782
2632222762
2632222772
2632222782
2632222792
2632222802
2632222812
2632222942
2632223382
2632223432
2632223442
2632223502
2632223512
2632223522
2632223532
2632223542
2632235902
2632235962
2632236002
2632236032
2632236052
2632236952
2632237002
2632237012
2632237042
2632237072
2632237112
2632240512
2632240522
2632240532
2632243482
2632257452
2632257502
2632257562
2632266912
2632266932
2632274652
2632274682
2632276292
2632276302
2632276312
2632276322
2632279712
2632279722
2632279732
2632279742
2632279752
2632279802
2632279812
2632283192
2632283202
2632283212
2632307072
2632326042
2632326052
2632326062
2632326982
2632327012
2632327082
2632327092
2632327102
2632327112
2632327122
2632327132
2632327142
2632327152
2632327162
2632361392
2632361402
2632361412
2632374332
2632374462
2632379482
2632396682
2632396692
2632396702
2632396712
2632396722
2632416552
2632416602
2632416672
2632416692
2632416712
2632416722
2632416732
2632416742
2632417442
2632417452
2632417462
2632417472
2632417482
2632417492
2632417502
2632417512
2632417522
2632417532
2632417562
2632417582
2632417592
2632417602
2632417632
2632541022
2632541032
2632541042
2633429942
2633429952
2633429962
2633429972
2633429982
2633429992
2633430032
2633430042
2633448062
2633448072
2633448082
2633448092
2633448112
2633448122
2633448132
2633462392
2633462492
2633462502
2633462512
2633462532
2633462542
2633462552
2633462562
2633462572
2633462582
2633463662
2633469932
2633495562
2633495572
2633495582
2633495592
2633495612
2633495622
2633495632
2633495682
2633495822
2633495832
2633495842
2633495852
2633495862
2633495872
2633495882
2633495892
2633495902
2633495912
2633495922
2633495932
2633495942
2633495952
2633495982
2633495992
2633496012
2633510022
2633510072
2633510082
2633510092
2633513192
2633513202
2633513312
2633513362
2633513372
2633513382
2633513392
2633513542
2633513552
2633513562
2633513572
2633513582
2633513592
2633513622
2633513632
2633513752
2633513852
2633513992
2633514002
2633514012
2633514032
2633514042
2633514092
2633514102
2633514112
2633514132
2633514142
2633514162
2633514172
2633514182
2633514222
2633514242
2633514252
2633514262
2633514292
2633514302
2633514312
2633514322
2633514342
2633515082
2633515092
2633515102
2633515112
2633515122
2633515132
2633515152
2633515202
2633927552
2633927672
2633927792
2633955952
2633955962
2633955972
2633955982
2633955992
2633956002
2633956012
2633956022
2633956032
2633956042
2633956052
2633956062
2633956072
2633956082
2634540912
2634540932
2634540952
2634540972
2635266622
2635266632
2635266642
2635266652
2635266662
2635266672
2635266682
2635266692
2635266732
2635266742
2635266752
2635266792
2635266822
2635266832
2635266852
2635266862
2635266872
2635266882
2635266892
2635266902
2635341502
2635341512
2635341522
2635341532
2635341542
2635341552
2635341572
2635341582
2635341592
2635341602
2635341612
2635341622
2635341632
2635341662
2635476632
2635476752
2635476762
2635476822
2635476832
2636104052
2636123512
2636123542
2639774102
2639774112
2639774122
2640503752
2641969882
2641969892
2641969932
2641969952
2641969962
2642048592
2642048672
2642048682
2642048692
2642048712
2642048722
2642048742
2642048752
2642048792
2642048802
2642363772
2642363782
2642363792
2642363802
2642363922
2642363942
2642363952
2642363962
2642363972
2642363982
2642364002
2642364012
2642364022
2642364042
2643191002
2643191012
2643191022
2643191042
2643191062
2643191072
2643639222
2643883452
2643883462
2643883472
2643883482
2644809382
2645176852
2645176862
2645176892
2645176902
2645176912
2645176922
2645176932
2645176952
2647386572
2647386582
2647386592
2647386602
2649971742
2649971752
2649971762
2649971772
2649971792
2649971802
2650279632
2650279642
2650279652
2650279692
2650279712
2652058202
2652058242
2652058302
2652058322
2652069622
2652102032
2652102062
2652102082
2652102102
2652146972
2652146992
2652147012
2652147032
2652147052
2652147072
2652147122
2652197522
2652197532
2652197542
2652197582
2652705302
2652705372
2652705392
2652705472
2652738792
2652738972
2652739142
2655168802
2655168812
2655171352
2655171362
2655171372
2655171382
2655171392
2655171402
2655171412
2655171422
2655171432
2655171442
2655171452
2655171462
2655171472
2655171482
2655171492
2655171502
2655171512
2655171522
2655171532
2655171542
2655171552
2655171562
2655171572
2655171582
2655171592
2655171602
2655171612
2655175372
2655175392
2655175422
2655175442
2655175522
2655175542
2655175572
2655175592
2655178882
2655178902
2655178922
2655182842
2655182862
2655183282
2655183302
2655183342
2655184172
2655184192
2655184212
2655184232
2655184252
2655184272
2655184292
2655184312
2655184352
2655184362
2655184392
2655184412
2655184432
2655184442
2655184452
2655184462
2655184472
2655184492
2655185912
2655185932
2655185942
2655186002
2655193102
2655193112
2655193122
2655193132
2655193142
2655193152
2655193162
2655193172
2655193182
2655193192
2655193202
2655193212
2655193222
2655193232
2655193242
2655193252
2655193262
2655193272
2655193282
2655193292
2655193302
2655193312
2655193322
2655193332
2655193342
2655193352
2655193362
2655195192
2655195202
2655195212
2655195232
2655195252
2655195262
2655195272
2655195282
2655195422
2655195822
2655198212
2655198232
2655200822
2655200832
2655200842
2655200852
2655200862
2655200882
2655200892
2655200902
2655200912
2655200922
2655200932
2655200942
2655200952
2655200962
2655200972
2655200982
2655200992
2655201002
2655201012
2655201022
2655201032
2655201042
2655201052
2655201062
2655201082
2655201092
2655201102
2655201112
2655201122
2655201132
2655201142
2655201162
2655201172
2655201182
2655201192
2655201202
2655201212
2655201222
2655201232
2655201242
2655201252
2655201262
2655201272
2655201282
2655201292
2655201302
2655201312
2655201482
2655201492
2655201502
2655203782
2655203792
2655203802
2655203812
2655204312
2655204682
2655204692
2655204702
2655204712
2655204722
2655204732
2655204932
2655204992
2655205012
2655205022
2655205032
2655205042
2655205052
2655205062
2655205072
2655205082
2655218232
2655218242
2655218252
2655218512
2655219042
2655225212
2655225322
2655225332
2655225342
2655225352
2655225362
2655225372
2655225382
2655225392
2655225422
2655225452
2655225482
2655225492
2655225502
2655225522
2655225542
2655225552
2655225562
2655225572
2655225582
2655225592
2655225602
2655225622
2655225632
2655225662
2655225672
2655225682
2655225692
2655228382
2655228392
2655228422
2655228432
2655228442
2655228452
2655228462
2655228472
2655228482
2655228492
2655228542
2655228692
2655228702
2655228722
2655228772
2655228812
2655228852
2655228892
2655228922
2655228972
2655229002
2655229042
2655229072
2655233112
2655233132
2655233152
2655233322
2655233342
2655234502
2655234582
2655234602
2655238362
2655238512
2655238532
2655238552
2655238572
2655241572
2655241612
2655241622
2655241632
2655241642
2655242322
2655242332
2655242342
2655242352
2655242362
2655242372
2655242382
2655242392
2655242402
2655242412
2655242422
2655242432
2655242452
2655242462
2655244392
2655244412
2655244422
2655244432
2655244442
2655244462
2655244492
2655248862
2655248872
2655248892
2655248902
2655248942
2655248952
2655253042
2655255442
2655255452
2655255462
2655255472
2655255482
2655255492
2655255502
2655564242
2656350092
2656350192
2656350232
2656350242
2656350302
2656350372
2656350462
2658933802
2658933812
2658933822
2658933832
2658933842
2658933852
2658933862
2658933872
2659369472
2659369482
2659369492
2659369502
2659369512
2659369522
2659369532
2659369542
2659369552
2659369562
2659443152
2659443162
2659443172
2659443182
2659443192
2659443202
2659443212
2659443222
2659443232
2659443242
2659443252
2659443262
2659443272
2659443282
2659443292
2659443302
2659443312
2659443322
2659443332
2659443342
2659443352
2659443362
2662253582
2662253602
2662253612
2662253622
2662271222
2662271232
2662271272
2662271282
2662849672
2662849692
2669843392
2669843402
2669843422
2669843432
2669843442
2669843462
2669843472
2669843502
2669843512
2669843522
2669843532
2669843542
2669843552
2669843562
2669843572
2669843612
2670172432
2670172542
2670172552
2670172562
2670172572
2670172582
2670172592
2670172602
2670409762
2670409862
2670409882
2672066452
2672066472
2672066482
2672066502
2672066512
2672066522
2672066532
2672066622
2672066642
2672073102
2672073112
2672073122
2672073132
2672623662
2672623672
2672623682
2672623692
2672623702
2672623712
2672623732
2672623742
2672623752
2672623762
2672623772
2672623792
2672623802
2672623812
2672623822
2672623832
2672623862
2672623872
2672623882
2672623892
2672623922
2672623982
2672624022
2672624042
2672899552
2673825732
2673825772
2673825822
2673825832
2673825892
2673825902
2673825932
2673825952
2673825972
2673826012
2673826052
2673826082
2673826112
2674766362
2674766372
2674883692
2674884112
2674884122
2674884132
2674884152
2675832752
2675832772
2681548992
2681549002
2681549032
2682014162
2682014242
2682014362
2682595382
2683151912
2683151922
2683151932
2683151942
2683297412
2683297462
2683389932
2683410222
2683620082
2683620102
2683813792
2683813802
2684538182
2684811192
2684811202
2684811212
2684811222
2684811232
2684811242
2684811252
2684811262
2686932432
2686932442
2686932452
2686932582
2686932592
2686932612
2688635792
2689833472
2692393712
2692393722
2692393732
2692393752
2692393762
2692393772
2692393782
2692393802
2692393812
2692393822
2692393832
2693727932
2693727942
2693727962
2693727972
2693727982
2693727992
2693728002
2693728012
2693728022
2693728032
2693728042
2693728052
2693728062
2693728072
2693728082
2693728092
2693728102
2693728112
2693728132
2693728142
2693728152
2693728162
2693728172
2693728182
2693728232
2693728332
2694295342
2694295352
2694295362
2700282772
2700282782
2700282792
2700282802
2700282812
2700282822
2700282852
2700282862
2700282872
2700282882
2700282892
2700282902
2700282912
2700282922
2700282932
2700282942
2700282952
2700282962
2700282972
2700282982
2700282992
2700283002
2700283012
2700283022
2700283032
2700283042
2700283052
2700283062
2700283072
2700283082
2700283092
2700283102
2700283112
2700283122
2700283132
2700283142
2700283152
2700283162
2700283172
2700283182
2700516412
2700516452
2700516462
2700516472
2700516482
2700516492
2700516502
2700516512
2700565402
2700565412
2700565422
2700565622
2700565742
2700565822
2700565832
2700565842
2700565852
2700565862
2700565872
2701182702
2701182742
2701182962
2702566042
2702566052
2702566062
2702566072
2702566092
2702566102
2702566112
2702566122
2702566132
2702566142
2702566152
2702566162
2702676432
2702676612
2703144482
2703144512
2703144522
2703144532
2703144562
2703144572
2703144922
2703144932
2704453122
2704453132
2704453142
2704456182
2704456192
2704456202
2704456212
2704456222
2704456232
2704456242
2704456252
2704456262
2704456272
2704456282
2704456292
2704456302
2704456312
2704456322
2704456332
2704456342
2704456352
2704456362
2704456372
2704456382
2704456392
2704456402
2704456412
2704456422
2704456432
2704456442
2704456452
2704456462
2704456472
2704456502
2704456512
2704456612
2704456622
2704456682
2704457572
2704457582
2704457592
2704457602
2704457612
2704457622
2704457632
2704457642
2704457652
2704457662
2704457672
2704457682
2704457692
2704457702
2704457712
2704457722
2704457742
2704457752
2704457762
2704457772
2704457792
2704457802
2704457812
2704457832
2704457842
2704458762
2704458772
2704458792
2704458802
2704458852
2704458862
2704458872
2704459522
2704459532
2704459542
2704459572
2704459582
2704459592
2704459622
2704459632
2704459642
2704459652
2704459662
2704459672
2704459682
2704459692
2704459702
2704460512
2704460522
2704460532
2704460552
2704460562
2704460572
2704460582
2704460592
2704460602
2704460612
2704460622
2704460632
2704460652
2704460662
2704460672
2704460682
2704460692
2704460702
2704460712
2704461212
2704461232
2704461272
2704461302
2704461332
2704461342
2704461362
2704461372
2704461402
2704461412
2704461422
2704467192
2704609162
2709317532
2709317542
2709317552
2709317562
2709317572
2709317582
2709317592
2709317602
2709317622
2709317632
2709317642
2709571332
2709571352
2709571372
2709571382
2709571392
2709571402
2709571412
2709571422
2709571432
2709571442
2709571452
2709571462
2709571472
2709571482
2709571492
2709571502
2709571512
2709571522
2709571532
2709571542
2709571552
2709571562
2709577662
2709577672
2709577682
2709577702
2709577712
2709577722
2709577742
2709577752
2709577772
2709577792
2709577802
2709577812
2709577822
2709577832
2709577842
2709577852
2709577862
2709577872
2709577882
2709577892
2709577902
2709577912
2709577922
2709577932
2709580152
2709580162
2709580172
2709580182
2709580192
2709580202
2709580212
2709580222
2709580232
2709580242
2709580252
2709580262
2709580272
2709580282
2709580292
2709580302
2709580312
2709580322
2709580332
2709580342
2709580352
2709580362
2709580372
2709580382
2709580392
2709580412
2709580422
2709580432
2709580442
2709580452
2709580462
2709580472
2709580482
2709580492
2709580502
2709580512
2709580522
2709580532
2709580542
2709580552
2709580562
2709580572
2709580582
2709580592
2709580602
2709580612
2709580622
2709580632
2709580642
2709580652
2709580662
2709580672
2709580682
2709580692
2709580702
2709580712
2709580722
2709580732
2709580742
2709580752
2709580762
2709580772
2709580782
2709580802
2709580812
2709580822
2709580832
2709584502
2709584512
2709584522
2709584532
2709584542
2709584552
2709584562
2709584572
2709584582
2709584592
2709584602
2709584612
2709584622
2709584632
2709584642
2709584652
2709584662
2709584672
2709584682
2709584692
2709584702
2709584712
2709584722
2709584732
2709593962
2709593972
2709593982
2709593992
2709594002
2709594012
2709594022
2709594032
2709594042
2709594052
2709594062
2709594072
2709594082
2709594092
2709594102
2709594112
2709594122
2709594132
2709594142
2709594152
2709594162
2709594182
2709594192
2709912162
2709912172
2709912182
2709912192
2709984392
2709984562
2709984842
2709984852
2709984862
2709984922
2709984942
2709984952
2709984972
2709984982
2712640781
2712640801
2712640811
2712640821
2712640831
2712640851
2712640861
2712640881
2712640891
2712651711
2712651741
2712651771
2713328441
2713328451
2713328461
2713328471
2713328521
2713328531
2713328541
2713328551
2714019442
2714019502
2715010192
2715010202
2715010212
2715192982
2715682392
2716137242
2716137252
2716137262
2716137272
2716137282
2716137292
2716137302
2716137312
2716137322
2716137332
2716137342
2716137352
2716138252
2716138272
2716138282
2716138292
2716138302
2716138322
2716138332
2716138342
2716142262
2716142272
2716142282
2716142292
2716142302
2716142332
2716142352
2716142362
2716143152
2716143182
2716143202
2716144462
2716144472
2716144482
2716144492
2716144502
2716144512
2716144522
2716144532
2716144542
2716144552
2716144562
2716144572
2716144582
2716144592
2716144612
2716144622
2716158822
2716158892
2716164802
2716164812
2716164822
2716164832
2716164842
2716164852
2716164862
2716164872
2716164882
2716164892
2716164902
2716164912
2716164922
2716164932
2716164942
2716164952
2716164962
2716164972
2716164982
2716164992
2716165002
2716165012
2716165022
2716171222
2716171242
2716171312
2716171362
2716174672
2716174702
2716176172
2716176842
2716176852
2716176862
2716176872
2716176882
2716176892
2716176902
2716176912
2716176922
2716176932
2716176942
2716176952
2716179772
2716179792
2716182122
2716186242
2716186252
2716190062
2716199242
2716199262
2716199292
2716199312
2716199342
2716199372
2716199382
2716199432
2716199472
2716200142
2716204112
2716204122
2716204152
2716204172
2716204252
2716204272
2716204362
2716204382
2716204422
2716205162
2716205202
2716205232
2716205272
2716205302
2716205342
2716205372
2716205412
2716205442
2716205472
2716205512
2716205552
2716205582
2716205602
2716205632
2716205652
2716205682
2716205702
2716205712
2716205722
2716205732
2716205742
2716205752
2716205762
2716225532
2716225542
2716225552
2716225642
2716225682
2716225692
2716225702
2716227442
2716227452
2716227462
2716227472
2717122452
2717122482
2717122492
2717122502
2718881502
2722770422
2723765102
2723765112
2723765142
2723765152
2723765162
2723765172
2723765182
2723765192
2724961541
2724961581
2724961931
2724962271
2725783881
2725784311
2727226791
2727226841
2727226851
2727226861
2727226891
2728088411
2728088421
2728088441
2728088461
2728088471
2728088481
2737366651
2737366661
2737366671
2737366681
2737366691
2737366701
2737366711
2737366721
2737366741
2737366751
2737366761
2737366771
2737366781
2737366791
2737366801
2737366811
2737366821
2737366831
2737366841
2737366851
2737366861
2737366871
2737366881
2737366891
2737366901
2737366911
2737645301
2737944141
2738017061
2738782921
2738782931
2738782941
2738782951
2738806171
2738806181
2738806191
2738806201
2738806451
2738806471
2738806481
2738806781
2738806791
2739016001
2739016021
2739016031
2739016041
2739016051
2739016061
2739016081
2739016091
2739016101
2739016121
2739219101
2739219111
2739219121
2744501751
2744501761
2744501771
2744501781
2744501791
2744501801
2744501821
2744501831
2744501841
2744501851
2744501861
2744501871
2744501881
2744501901
2745588491
2745588501
2745588511
2745588521
2745588531
2745588541
2745588551
2745588561
2745588571
2745588581
2745588591
2745588601
2745588611
2745588621
2745588631
2745588641
2745588651
2745588661
2745588671
2745588681
2745588691
2745588701
2745588711
2745588721
2745588731
2745588741
2745588751
2745588761
2745588771
2745588781
2745588791
2745588801
2745588811
2745588821
2745588881
2745588901
2745589191
2745589351
2745589361
2745589371
2745589381
2745589391
2745589401
2745589411
2745589421
2747640511
2747640521
2747640541
2747758271
2747758391
2747758401
2747758421
2747758431
2747758471
2747758481
2747758511
2747758521
2747758531
2747773521
2747773641
2747773671
2747824471
2747824481
2747824491
2747824541
2747824551
2747824561
2747824571
2747824581
2747824591
2747824601
2747824611
2747824621
2747824631
2747824641
2747824651
2747836181
2747836201
2747836211
2747836231
2747836331
2747836341
2747836351
2747836361
2747836381
2747836701
2747836711
2747836721
2747836741
2747836751
2747837651
2747838461
2747838501
2747838511
2747838531
2747838551
2747838571
2747838591
2747838651
2747838661
2747838691
2747838701
2747838711
2747838721
2747838731
2747838741
2747838751
2747838761
2747838781
2747838791
2747838811
2747913541
2747913591
2747958721
2747959121
2747959601
2749235741
2749235751
2749235771
2749235881
2749235921
2749241701
2749241711
2749241721
2749241731
2749241741
2749305751
2749305771
2749305791
2749334611
2749334621
2749334631
2749334641
2749334651
2749334671
2749334681
2749334691
2749334701
2749334711
2749334721
2749334731
2749389071
2749441541
2749441551
2749480191
2749480201
2749480211
2749480231
2749480241
2749480251
2749480261
2749480271
2749480281
2749480291
2749480301
2749480311
2749480321
2749550941
2749920781
2749920791
2751556071
2751556081
2751556091
2751556101
2751556111
2751556121
2751556131
2751556141
2751930051
2751930061
2751930071
2751930081
2751959811
2752954261
2752954271
2752954281
2753709051
2753709061
2754731901
2754873801
2754873811
2754873821
2755012031
2755012041
2755012051
2755012061
2755012111
2755012121
2755012131
2755012161
2755012171
2755012181
2755012191
2756977661
2757038471
2757282651
2757282671
2757284111
2757284121
2757284141
2757284231
2757284241
2757284251
2757284261
2757284271
2757284281
2757284301
2757284331
2757284341
2757284361
2757284371
2757284381
2757284551
2757284561
2757284571
2757284581
2757284591
2757284601
2757284621
2757284631
2757284651
2757284661
2757284671
2757284691
2757284701
2757284711
2757284721
2757284731
2757284751
2757284761
2757284791
2757284831
2757284861
2757284871
2757284901
2757285261
2758310821
2761411341
2761411351
2762915911
2762915921
2762915931
2762916021
2763902981
2763902991
2763903011
2763903021
2763903061
2763903091
2764012851
2764012861
2764012871
2764012881
2766436781
2766436791
2766436801
2766437071
2766437081
2766437091
2766437101
2766642591
2767035951
2767035961
2767035971
2767035981
2767035991
2767036001
2767036011
2767036021
2767036031
2767036041
2767036081
2767036091
2767036111
2767036121
2767036471
2767036531
2767036541
2767036551
2767036561
2767036621
2767036641
2767036701
2767036721
2767036751
2767036781
2767036811
2767037031
2767037111
2767037121
2767037171
2767037181
2767037191
2767037231
2767037241
2767037251
2767037261
2767037461
2767037631
2767037641
2767037651
2767037661
2767037671
2767037691
2767037701
2767037711
2767037721
2767037731
2767037801
2767037821
2767037831
2767037851
2767037861
2767037881
2767037891
2767683221
2767683271
2767688831
2767688841
2767689761
2767689771
2767698801
2767698811
2767698851
2767698861
2767698871
2767715781
2767715841
2767715861
2767715911
2767715931
2767715971
2767718401
2767718411
2767718441
2767724261
2767724281
2767724291
2767724301
2767732551
2767732561
2767732571
2767732581
2767732591
2767732601
2767732611
2767732621
2767732631
2767732641
2767732651
2767732661
2767758071
2767758211
2767758221
2767758231
2767758331
2767758341
2767758351
2767758361
2767758371
2767758381
2767758391
2767758411
2767758421
2767758431
2767758461
2767758471
2767758501
2767758541
2767758551
2767758561
2767768481
2767776651
2767776661
2767776671
2767795261
2767795451
2767826631
2767827281
2767827291
2767827311
2767827331
2767827341
2767827351
2767828511
2767828521
2767828531
2767828601
2767828621
2767910311
2767910351
2767910361
2767919661
2767919681
2767919701
2767919951
2767919971
2767938671
2767938691
2767938871
2767944361
2767944371
2767944381
2767954841
2767964581
2767964591
2768079071
2768079081
2768079091
2768079101
2768079111
2768079121
2768079131
2768079141
2768079151
2768079221
2768079231
2768079241
2768079251
2768079261
2768079271
2768079281
2768079291
2768089511
2768089521
2768089531
2768089541
2768089551
2768097581
2768097591
2768097631
2768097641
2768097651
2768105411
2768105511
2768105521
2768105531
2768105541
2768105721
2768114491
2768117251
2768128131
2768128151
2768128161
2768131511
2768131521
2768162261
2768162271
2768162281
2768162311
2768162321
2768172641
2768172651
2768172721
2768172901
2768172921
2768173491
2768173501
2768173561
2768173571
2768173581
2768183011
2768226661
2768226671
2768226681
2768226691
2768226701
2768226721
2768226741
2768226751
2768226761
2768226771
2768232001
2768232021
2768232041
2768249441
2768249451
2768249461
2768255891
2768255921
2768255951
2768255971
2768268481
2768276251
2768276261
2768276271
2768285861
2768285891
2768313751
2768313761
2768313801
2768313811
2768313821
2768313841
2768313911
2768313931
2768313961
2768321721
2768321751
2768321761
2768321771
2768321781
2768321791
2768321801
2768321811
2768321821
2768321871
2768321881
2768321891
2768321901
2768321911
2768321921
2768321931
2768321941
2768321951
2768321961
2768321971
2768322841
2768322861
2768322891
2768331771
2768331841
2768332031
2768332071
2768341181
2768341191
2768341201
2768341241
2768341251
2768341261
2768341271
2768348201
2768357321
2768357341
2768357351
2768357361
2768357371
2768357391
2768357401
2768361021
2768361031
2768361041
2768361481
2768365141
2768365171
2768365181
2768365191
2768365201
2768365211
2768369331
2768369341
2768369351
2768369361
2768376791
2768376821
2768385191
2768385281
2768385291
2768385301
2768385321
2768385331
2768385341
2768385361
2768390411
2768390421
2768390431
2768390441
2768390461
2768390471
2768390481
2768390531
2768390541
2768393341
2768393351
2768393361
2768393371
2768393391
2768393401
2768393421
2768396971
2768396981
2768396991
2768417071
2768417081
2768417121
2768417131
2768417141
2768422371
2768422391
2768422401
2768422411
2768422421
2768424771
2768424781
2768424791
2768424801
2768424811
2768424821
2768427871
2768427881
2768427891
2768427911
2768427921
2768427931
2768427961
2768428061
2768444161
2768444171
2768464391
2768464401
2768464411
2768464421
2768464431
2768464441
2768464451
2768464461
2768464471
2768464481
2768464491
2768464501
2768464511
2768464521
2768464531
2768464541
2768464551
2768464561
2768464571
2768464581
2768464591
2768464601
2768464611
2768464761
2768464771
2768464781
2768464791
2768464801
2768464811
2768464821
2768464831
2768464841
2768474791
2768474811
2768474821
2768474831
2768474841
2768474851
2768476871
2768476881
2768476891
2768476901
2768476911
2768476971
2768477021
2768477031
2768477041
2768477051
2768477061
2768480401
2768480411
2768480421
2768485311
2768485321
2768485331
2768494161
2768497721
2768497781
2768497821
2768497831
2768497921
2768497931
2768505901
2768511511
2768517311
2768517321
2768517331
2768517341
2768523301
2768523311
2768523321
2768523331
2768523341
2768523361
2768523371
2768523391
2768523461
2768523481
2768523491
2768523501
2768523511
2768523521
2768526441
2768526461
2768526471
2768526481
2768526491
2768526501
2768526511
2768526521
2768526531
2768528181
2768528211
2768528221
2768528231
2768563171
2768563221
2768563271
2768563281
2768565631
2768565641
2768565651
2768565661
2768565671
2768565691
2768565701
2768565711
2768565721
2768565731
2768565741
2768565751
2768565761
2768565771
2768565781
2768565791
2768565801
2768565811
2768565821
2768565831
2768565841
2768565851
2768565871
2768565881
2768565891
2768565901
2768565911
2768565921
2768565931
2768565981
2768575211
2768575231
2768575241
2768577401
2768577411
2768577421
2768577461
2768577471
2768577481
2768577521
2768577531
2768577541
2768578371
2768596331
2768609391
2768609401
2768609411
2768609421
2768615921
2768616621
2768616631
2768616641
2768616691
2768616701
2768616711
2768616721
2768616731
2768616741
2768616751
2768616781
2768616801
2768616921
2768617151
2768617171
2768621691
2768621701
2768624361
2768624441
2768624481
2768624491
2768624611
2768624641
2768624651
2768626101
2768626111
2768626121
2768626131
2768626141
2768626151
2768626161
2768626171
2768636181
2768636191
2768636201
2768638861
2768638911
2768638921
2768638981
2768639081
2768639161
2768639171
2768656031
2768656051
2768656061
2768656071
2768656081
2768656091
2768656101
2768656111
2768656121
2768656131
2768656151
2768656171
2768656181
2768666631
2768666641
2768666741
2768666751
2768666761
2768666771
2768666781
2768677491
2768677501
2768677511
2768677521
2768677531
2768677551
2768677561
2768677571
2768677581
2768677591
2768677601
2768677611
2768677621
2768677631
2768677641
2768677651
2768682941
2768682951
2768682961
2768683151
2768683161
2768683171
2768683201
2768683221
2768683231
2768683241
2768683251
2768683491
2768683501
2768683511
2768683521
2768683531
2768683541
2768683551
2768683561
2768683571
2768683581
2768683591
2768683601
2768686841
2768686861
2768686911
2768686921
2768686931
2768688091
2768688251
2768688661
2768704271
2768704311
2768704321
2768712551
2768713671
2768713751
2768718511
2768718521
2768718531
2768731091
2768731111
2768731121
2768731141
2768731151
2768731171
2768731181
2768733981
2768733991
2768734011
2768734041
2768734051
2768734081
2768734111
2768734121
2768734131
2768734141
2768734151
2768734161
2768734171
2768734181
2768734191
2768734201
2768734211
2768734241
2768734251
2768734261
2768734271
2768734281
2768734311
2768734351
2768734381
2768739381
2768739391
2768739401
2768739681
2768739691
2768745111
2768747951
2768747971
2768747991
2768748001
2768748011
2768748021
2768748031
2768748041
2768748051
2768748061
2768748071
2768748081
2768748091
2768748101
2768748121
2768748131
2768767741
2768767761
2768767791
2768767801
2768775631
2768775651
2768775701
2768775731
2768775741
2768775751
2768775761
2768775771
2768775781
2768775811
2768775841
2768775851
2768775861
2768775871
2768775881
2768785521
2768785531
2768785541
2768785551
2768785561
2768785571
2768785581
2768785591
2768785601
2768785611
2768785621
2768785631
2768785641
2768785651
2768785661
2768785671
2768785681
2768785691
2768799201
2768799211
2768806451
2768806461
2768806471
2768806481
2768808961
2768808971
2768829221
2768831631
2768831841
2768842311
2768850201
2768866681
2768866691
2768866701
2768866711
2768866721
2768866731
2768866791
2768866801
2768866811
2768866841
2768876821
2768877891
2768877901
2768877911
2768877931
2768878991
2768889101
2768891231
2768891241
2768900591
2768920621
2768920651
2768920701
2768920711
2768920721
2768920751
2768920761
2768920771
2768920781
2768920791
2768920801
2768939181
2768939191
2768939201
2768939211
2768939221
2768939231
2768939241
2768939251
2768939261
2768939271
2768939281
2768939291
2768942861
2768942871
2768942881
2768942891
2768942901
2768942911
2768942921
2768942931
2768942941
2768942951
2768942961
2768942971
2768962741
2768962881
2769029421
2769029441
2769029481
2769029501
2769060311
2769061641
2769061651
2769061661
2769061681
2769068171
2769068261
2769104141
2769104151
2769104171
2769104181
2769104191
2769104201
2769108791
2769108801
2769108811
2769115021
2769137391
2769137411
2769137431
2769137481
2769140191
2769187581
2769187591
2769187601
2769199641
2769199661
2769206131
2769206171
2769206191
2769206201
2769206491
2769206501
2769206511
2769226951
2769229491
2769229531
2769229541
2769229561
2769250051
2769282401
2769312151
2769312741
2769312751
2769312761
2769312771
2769312781
2769312821
2769312831
2769312841
2769312851
2769312861
2769312871
2769312881
2769312891
2769312901
2769312911
2769312921
2769312931
2769312961
2769312971
2769312981
2769312991
2769313001
2769313011
2769313021
2769313031
2769313041
2769313051
2769313061
2769365871
2769366171
2769366181
2769366191
2769366201
2769366211
2769366221
2769389921
2769389951
2769389971
2769390001
2769390031
2769390051
2769427071
2769427081
2769437791
2769437801
2769437811
2769437821
2769437831
2769437841
2769437851
2769437861
2769444191
2769444201
2769541481
2769542681
2769542771
2769542831
2769542841
2769577761
2769577771
2769577781
2769577791
2769577801
2769577811
2769577821
2769577831
2769577841
2769577851
2769577861
2769577871
2769577881
2769577891
2769577901
2769577911
2769577921
2769577931
2769577941
2769577951
2769577961
2769577971
2769577981
2769577991
2769578001
2769578011
2769578021
2769578031
2769578041
2769584791
2769584801
2769584811
2769584821
2769584851
2769584871
2769584881
2769584891
2769584901
2769589611
2769589651
2769589701
2769589711
2769589751
2769603681
2769603691
2769603701
2769603711
2769606901
2769606911
2769606921
2769606961
2769607141
2769625701
2769633721
2769633741
2769633751
2769633761
2769633771
2769633781
2769633791
2769633801
2769633811
2769633821
2769633831
2769633841
2769633851
2769633861
2769633871
2769633881
2769633901
2769633911
2769633931
2769633951
2769633961
2769633981
2769633991
2769634011
2769634511
2769634611
2769634621
2769634791
2769634801
2769634811
2769634821
2769637641
2769637651
2769637661
2769637671
2769637681
2769644021
2769644031
2769644111
2769651041
2769651051
2769651061
2769651081
2769651091
2769651101
2769651141
2769662151
2769662171
2769662181
2769662191
2769662201
2769662211
2769662231
2769662251
2769662261
2769662281
2769662291
2769662391
2769662401
2769662421
2769669481
2769669491
2769669501
2769669511
2769669521
2769669541
2769676251
2769676261
2769676271
2769676281
2769676291
2769676301
2769676311
2769676321
2769676331
2769676341
2769676351
2769676361
2769676371
2769676381
2769676391
2769676401
2769676411
2769692161
2769692181
2769736771
2769736791
2769736831
2769736841
2769736851
2769736881
2769743161
2769780431
2769780441
2769780451
2769788081
2769788091
2769788101
2769788111
2769788121
2769788131
2769788141
2769788151
2769804391
2769836331
2769836351
2769836361
2769836371
2769836381
2769842671
2769843541
2769843551
2769843561
2769848171
2769856051
2769856531
2769856541
2769856551
2769856561
2769856571
2769856581
2769856601
2769904341
2769904351
2769904361
2769904371
2769904381
2769904391
2769904401
2769904411
2769921911
2769921941
2769921971
2769934161
2769934171
2769934181
2769934221
2769934241
2769934251
2769934261
2769934331
2769934351
2769934381
2769934391
2769953891
2769953901
2769984501
2769984541
2769986741
2769986751
2769989351
2769989391
2769989401
2770049451
2770050321
2770050371
2770051801
2770051811
2770051821
2770051831
2770051841
2770051851
2770051861
2770051871
2770051881
2770051891
2770051901
2770051911
2770051921
2770051931
2770051941
2770051951
2770051961
2770051971
2770051981
2770051991
2770052001
2770052011
2770052021
2770052031
2770052041
2770078981
2770078991
2770081301
2770081311
2770081321
2770081341
2770081371
2770081381
2770087311
2770087321
2770087331
2770087341
2770087361
2770094161
2770094181
2770094231
2770094251
2770094261
2770094281
2770094291
2770094311
2770094371
2770094381
2770094391
2770096261
2770096271
2770096281
2770096291
2770096301
2770096311
2770096321
2770096331
2770096341
2770096351
2770096361
2770096371
2770096381
2770096391
2770096401
2770096411
2770096421
2770096431
2770096441
2770096451
2770096461
2770096471
2770096481
2770096491
2770096501
2770096511
2770096521
2770099991
2770100011
2770100021
2770100031
2770100051
2770102871
2770102881
2770130831
2770176751
2770176761
2770176771
2770176781
2770176791
2770207341
2770207401
2770232381
2770256731
2770256821
2770264901
2770264931
2770264941
2770264951
2770264961
2770265041
2770265051
2770265061
2770279681
2770282521
2770282581
2770282591
2770291221
2770313301
2770313341
2770338321
2770338431
2770338511
2770338591
2770339281
2770347331
2770347341
2770347381
2770352831
2770352841
2770352851
2770352861
2770352871
2770352881
2770352891
2770352901
2770352921
2770352931
2770352941
2770352951
2770352961
2770352971
2770352981
2770352991
2770353001
2770353011
2770363881
2770363911
2770386151
2770386161
2770398471
2770398491
2770398501
2770398521
2770398531
2770398551
2770430941
2770430951
2770430961
2770430971
2770430981
2770430991
2770431001
2770431011
2770431021
2770431031
2770452611
2770452621
2770452631
2770452641
2770452651
2770452661
2770452691
2770452701
2770452711
2770452721
2770452731
2770452741
2770452751
2770452761
2770452771
2770452781
2770452791
2770452801
2770452811
2770452821
2770452831
2770452841
2770452851
2770452861
2770452871
2770452971
2770452981
2770452991
2770453001
2770453011
2770453021
2770453031
2770453041
2770453051
2770453061
2770453071
2770453081
2770453091
2770453101
2770453111
2770453121
2770453131
2770453141
2770453151
2770453161
2770453171
2770453181
2770453191
2770466311
2770466321
2770466331
2770524801
2770524811
2770524821
2770526201
2770532441
2770532771
2770540661
2770540671
2770540681
2770540691
2770540701
2770540721
2770540731
2770540741
2770540751
2770540761
2770540781
2770540791
2770540801
2770540811
2770540821
2770541971
2770541991
2770542001
2770542011
2770542031
2770542071
2770542091
2770542111
2770542121
2770542151
2770542161
2770542171
2770542181
2770542201
2770542251
2770542271
2770542281
2770542291
2770542311
2770542321
2770542331
2770542341
2770542371
2770542391
2770542401
2770542461
2770542471
2770542511
2770542991
2770543001
2770543011
2770551411
2770551421
2770551431
2770578761
2770584541
2770604111
2770604121
2770605571
2770611061
2770619491
2770619511
2770619531
2770619561
2770619581
2770619591
2770619601
2770619621
2770619631
2770648461
2770648481
2770648491
2770648501
2770648511
2770648521
2770648531
2770648541
2770648551
2770648561
2770648571
2770648591
2770648611
2770648621
2770648631
2770648641
2770648651
2770654691
2770654701
2770654711
2770654721
2770654731
2770660261
2770660271
2770660281
2770660291
2770660301
2770660311
2770660321
2770660331
2770660341
2770660351
2770660361
2770660391
2770660401
2770660411
2770660421
2770660431
2770660441
2770660451
2770660461
2770660471
2770660481
2770660491
2770660501
2770660511
2770660521
2770660531
2770666231
2770666241
2770666251
2770666261
2770666271
2770672121
2770672131
2770672151
2770672161
2770672171
2770672181
2770672191
2770672201
2770672211
2770672221
2770672231
2770697431
2770697441
2770711391
2770711401
2770711411
2770714491
2770714501
2770714511
2770714521
2770714531
2770714541
2770716591
2770716601
2770716611
2770716641
2770716761
2770716781
2770716801
2770716811
2770716821
2770716831
2770716841
2770716851
2770741911
2770741921
2770879601
2770879611
2770879621
2770879631
2770879791
2770879801
2770879811
2770879821
2770879831
2770879841
2770879851
2770879861
2770879871
2770879881
2770879941
2770879951
2770879961
2770879971
2770879981
2770879991
2770880001
2770880011
2770880021
2770880031
2770880041
2770880051
2770880071
2770880081
2770880091
2770880101
2770880111
2770880121
2770883721
2770883731
2770883741
2770883751
2770883781
2770883801
2770883811
2770883821
2770883841
2770883851
2770883861
2770883881
2770883891
2770883911
2770883921
2770883931
2770883941
2770903191
2770915341
2770921271
2770921291
2770923751
2770933971
2770934041
2770944771
2770944781
2770944801
2770944831
2770944971
2770944991
2770945011
2770945041
2770945081
2770945101
2770945111
2770945121
2770950931
2770971601
2770971631
2770971641
2770971951
2771019991
2771036991
2771041741
2771053331
2771053341
2771053361
2771053371
2771053381
2771053391
2771053401
2771053421
2771053541
2771053551
2771053561
2771053571
2771053781
2771053791
2771053801
2771053811
2771053821
2771053841
2771053851
2771053861
2771053911
2771067771
2771067791
2771104691
2771104711
2771104741
2771104751
2771104761
2771104771
2771104781
2771110421
2771114941
2771114951
2771114961
2771114971
2771120631
2771120641
2771131441
2771149601
2771149611
2771149631
2771162801
2771175951
2771184761
2771184771
2771184781
2771184791
2771184801
2771184811
2771189331
2771189351
2771189361
2771189391
2771189401
2771189571
2771189581
2771189591
2771192401
2771259731
2771259781
2771259791
2771259801
2771259811
2771261431
2771269341
2771269351
2771269361
2771269371
2771270661
2771274471
2771274531
2771274541
2771274561
2771291341
2771291351
2771291391
2771291451
2771334571
2771334581
2771334591
2771334601
2771334611
2771334621
2771334641
2771334651
2771334661
2771334671
2771334681
2771338191
2771338201
2771342511
2771342571
2771406531
2771406941
2771406961
2771407111
2771426981
2771432381
2771442311
2771443201
2771443211
2771500901
2771500931
2771500971
2771531211
2771531221
2771531231
2771531241
2771532661
2771532671
2771532681
2771539541
2771539551
2771539751
2771539781
2771539801
2771586441
2771586451
2771586461
2771586471
2771586481
2771595381
2771595401
2771595411
2771595421
2771595431
2771595441
2771595451
2771595471
2771595481
2771595491
2771595501
2771595511
2771595521
2771595531
2771595541
2771595551
2771595561
2771624021
2771624031
2771624041
2771645741
2771656411
2771656441
2771673561
2771673571
2771673581
2771673601
2771673631
2771673641
2771676091
2771676101
2771676111
2771676121
2771681451
2771681461
2771681481
2771681491
2771686061
2771688001
2771688011
2771688021
2771690551
2771701041
2771701051
2771701061
2771705391
2771705411
2771709931
2771709941
2771709951
2771709961
2771709971
2771709981
2771709991
2771710001
2771710011
2771710021
2771710031
2771710041
2771710051
2771710061
2771710071
2771710081
2771710091
2771710101
2771710111
2771710121
2771710131
2771710141
2771710151
2771710161
2771710171
2771710181
2771710191
2771718481
2771718491
2771718581
2771723971
2771724011
2771724021
2771724031
2771767821
2771767931
2771770291
2771779231
2771779241
2771779261
2771779271
2771779281
2771779301
2771779311
2771812831
2771813241
2771813251
2771813261
2771813271
2771813301
2771835981
2771835991
2771836011
2771836021
2771836031
2771836041
2771838611
2771838701
2771838721
2771838771
2771838821
2771845241
2771845251
2771845261
2771845271
2771845281
2771859241
2771868351
2771868381
2771868401
2771868411
2771868421
2771868441
2771868451
2771868461
2771871291
2771875751
2771875761
2771875771
2771875781
2771875791
2771917321
2771917381
2771917401
2771926421
2771926431
2771926441
2771926451
2771944011
2771949851
2771949901
2771949911
2771949921
2771949931
2771949941
2771949951
2771962731
2771962771
2771966401
2771966411
2771966421
2771966451
2771966461
2771966471
2771966491
2771966511
2771966521
2771966531
2771966541
2771966551
2771989541
2771989601
2771989611
2771989621
2771989631
2771989641
2771993671
2771993681
2771993691
2771993701
2772000871
2772000881
2772000891
2772000901
2772000911
2772000921
2772000931
2772000941
2772000951
2772000961
2772000971
2772000991
2772001001
2772001011
2772001021
2772001031
2772001061
2772001071
2772001081
2772001091
2772001291
2772004011
2772004021
2772004041
2772004051
2772004061
2772004071
2772004081
2772004091
2772006571
2772006591
2772006601
2772006611
2772006621
2772006631
2772006641
2772006651
2772006661
2772006671
2772006681
2772006691
2772006701
2772006711
2772006721
2772019691
2772019701
2772019711
2772019721
2772019731
2772019741
2772019761
2772019771
2772022041
2772027171
2772027181
2772027191
2772033801
2772033811
2772033821
2772033831
2772033841
2772033851
2772033861
2772033871
2772033881
2772033891
2772033901
2772033911
2772033921
2772033931
2772033941
2772033951
2772033971
2772033991
2772034001
2772034011
2772034021
2772034041
2772041331
2772066521
2772066531
2772066541
2772066551
2772066571
2772066581
2772066591
2772066601
2772066611
2772066631
2772066641
2772066651
2772066661
2772066681
2772066691
2772066701
2772066711
2772066721
2772066731
2772066741
2772066751
2772066761
2772066771
2772066781
2772066791
2772066801
2772066811
2772066821
2772066831
2772066841
2772066851
2772066861
2772068591
2772075731
2772075741
2772075751
2772075761
2772075771
2772075781
2772075791
2772075801
2772075811
2772075821
2772075831
2772075841
2772075851
2772075861
2772075871
2772075881
2772075891
2772075901
2772075911
2772075921
2772075931
2772075941
2772075951
2772075961
2772075971
2772075981
2772075991
2772076001
2772076011
2772076021
2772076031
2772076041
2772076051
2772076061
2772076071
2772076081
2772076091
2772076101
2772076111
2772076121
2772076131
2772076141
2772076161
2772076171
2772076181
2772076191
2772096901
2772098081
2772098111
2772098121
2772099681
2772099751
2772112261
2772112291
2772112311
2772112341
2772112361
2772118871
2772118881
2772118891
2772150321
2772155151
2772168351
2772168361
2772168371
2772168381
2772168471
2772168481
2772168491
2772168501
2772168511
2772168521
2772168531
2772168541
2772168551
2772168561
2772168571
2772168581
2772168591
2772187611
2772187621
2772187631
2772187641
2772187651
2772187671
2772187681
2772196501
2772196511
2772196531
2772196541
2772238281
2772238301
2772238321
2772238381
2772247831
2772247841
2772254721
2772270411
2772272331
2772272341
2772272351
2772278721
2772278731
2772278741
2772278751
2772278761
2772278811
2772278821
2772278831
2772279781
2772279801
2772279811
2772279831
2772288951
2772304641
2772304651
2772304661
2772304671
2772304681
2772304691
2772304701
2772304711
2772304721
2772304731
2772304741
2772304751
2772313431
2772313471
2772313521
2772325131
2772325231
2772325261
2772325301
2772325311
2772336021
2772350801
2772371421
2772371441
2772371451
2772373111
2772373121
2772373131
2772373151
2772373161
2772373171
2772373181
2772373201
2772373211
2772373221
2772378461
2772398131
2772400921
2772400951
2772400961
2772400971
2772400981
2772400991
2772401001
2772404231
2772408931
2772408941
2772408951
2772408991
2772409001
2772409011
2772409021
2772416871
2772431521
2772431541
2772442941
2772442951
2772442961
2772442971
2772442981
2772442991
2772443001
2772443071
2772443091
2772443111
2772443121
2772443131
2772443141
2772443161
2772443171
2772455301
2772455331
2772455381
2772480741
2772487631
2772487641
2772487651
2772487731
2772487741
2772487751
2772487761
2772488291
2772488301
2772488311
2772488421
2772522341
2772525881
2772525891
2772525901
2772525911
2772525921
2772525931
2772525941
2772537771
2772537781
2772537791
2772537801
2772537811
2772545501
2772545771
2772545781
2772546741
2772546761
2772571661
2772571671
2772601051
2772601081
2772601111
2772610021
2772610351
2772610361
2772610371
2772610381
2772617061
2772617071
2772617081
2772617101
2772617221
2772617231
2772617241
2772623601
2772628321
2772628331
2772628341
2772652931
2772652941
2772652971
2772653051
2772653141
2772653191
2772653201
2772684631
2772684651
2772684661
2772684701
2772684711
2772684721
2772717891
2772718031
2772718051
2772718061
2772718071
2772719221
2772719231
2772719241
2772719261
2772719271
2772734211
2772734221
2772734261
2772768221
2772768231
2772786101
2772799421
2772799661
2772799771
2772808631
2772808641
2772808651
2772808661
2772808691
2772808711
2772810511
2772810521
2772810531
2772810541
2772810551
2772810561
2772810571
2772810581
2772810591
2772810601
2772810611
2772810621
2772810631
2772810641
2772810651
2772810661
2772810671
2772810681
2772810691
2772810701
2772810711
2772810721
2772810731
2772810741
2772810751
2772810771
2772810781
2772810791
2772810801
2772810851
2772813261
2773061111
2773061121
2773061131
2773061141
2773061151
2773061161
2773095081
2773095091
2773095101
2773095121
2773095171
2773095191
2773113671
2773113751
2773113771
2773113781
2773113801
2773113821
2773114901
2773114911
2774411781
2774411791
2774411801
2774411811
2774411821
2774411831
2774411851
2774411861
2774411881
2774428571
2774428591
2774431291
2774431301
2774431311
2774431321
2774437661
2774437671
2774437681
2774437721
2774437731
2774437741
2774437751
2774437771
2774437781
2774437791
2774437811
2774437821
2774437831
2774437841
2774437911
2774506551
2774506561
2774506571
2774506581
2774506591
2774506601
2774585721
2774585731
2774585781
2774585791
2774585821
2774585831
2774585901
2774585941
2774585951
2774585961
2774585971
2774585981
2774585991
2774586001
2774586021
2774586031
2774586061
2774586081
2774586091
2774586101
2774586111
2774586121
2774586161
2774586191
2774586201
2774586251
2774586301
2774587391
2774609331
2774609341
2774609351
2774609361
2774609371
2774610281
2774611501
2774611511
2774611531
2774618331
2774619181
2774619191
2774619241
2774619251
2774619271
2774619281
2774619291
2774619301
2774619321
2774619351
2774619371
2774619381
2774619431
2774619441
2774619461
2774619481
2774619491
2774619501
2774619671
2774619681
2774619691
2774621941
2774621981
2774622001
2774622031
2774622041
2774622051
2774622071
2774622091
2774622731
2774622771
2774629551
2774629571
2774629581
2774654591
2774654641
2774668171
2774668191
2774668201
2774668221
2774668231
2774668241
2774668251
2774668261
2774668271
2774668291
2774668311
2774668321
2774668351
2774676681
2774676691
2774676711
2774676721
2774676741
2774685901
2774689461
2774689471
2774689481
2774689491
2774730361
2774730371
2774731831
2774731841
2774731851
2774732051
2774756941
2774757301
2774783671
2774783681
2774783691
2774783701
2774783711
2774783721
2774788471
2774811071
2774830281
2774832271
2774832281
2774832321
2774832361
2774832401
2774836631
2774837291
2774837301
2774837411
2774837421
2774837431
2774837441
2774838541
2774838551
2774838561
2774848301
2774848311
2774848321
2774848331
2774848341
2774848351
2774848361
2774848371
2774848381
2774849231
2774851911
2774851921
2774851931
2774851941
2774851951
2774853741
2774887481
2774896791
2774896801
2774896861
2774896881
2774896901
2774896941
2774946191
2775038251
2775038261
2775038271
2775038291
2775038301
2775038341
2775038351
2775038361
2775038381
2775038391
2775038521
2775048081
2775048391
2775062171
2775062341
2775074661
2775080311
2775080331
2775080381
2775083361
2775083401
2775083411
2775083421
2775083431
2775083481
2775083501
2775083521
2775084001
2775084011
2775084021
2775084061
2775084081
2775084091
2775084101
2775084111
2775084121
2775084141
2775095441
2775095451
2775095461
2775095471
2775095481
2775095491
2775095501
2775095711
2775124211
2775124221
2775124231
2775124291
2775124331
2775124401
2775138271
2775138311
2775138321
2775138331
2775138341
2775145391
2775145401
2775145411
2775145421
2775145431
2775145441
2775145451
2775145461
2775145471
2775145481
2775145491
2775145501
2775145511
2775145531
2775145581
2775145601
2775145661
2775145681
2775145701
2775145751
2775145761
2775148431
2775154771
2775154801
2775154821
2775154831
2775154841
2775154851
2775154861
2775154871
2775154881
2775154891
2775154901
2775154911
2775154921
2775154931
2775154941
2775154951
2775154961
2775154971
2775154981
2775165551
2775165571
2775165611
2775165631
2775165641
2775165661
2775165681
2775165761
2775165771
2775165781
2775165791
2775165801
2775165821
2775165831
2775165841
2775165861
2775165871
2775177081
2775177101
2775177121
2775251621
2775251641
2775251671
2775251701
2775262551
2775262561
2775262571
2775370931
2775370941
2775370951
2775370961
2775370971
2775370981
2775370991
2775371001
2775371011
2775371021
2775371031
2775371041
2775371051
2775371061
2775371071
2775371081
2775371091
2775371101
2775371111
2775371131
2775371151
2775371171
2775371181
2775371191
2775371211
2775371221
2775371811
2775371821
2775371831
2775371841
2775371851
2775371861
2775372171
2775372181
2775372191
2775372201
2775372211
2775372221
2775372231
2775372241
2775372251
2775372261
2775372271
2775372281
2775372291
2775372301
2775372311
2775372331
2775372341
2775372351
2775372361
2775372371
2775372381
2775372391
2775372401
2775372411
2775372421
2775372431
2775382721
2775397031
2775397041
2775397051
2775397061
2775397071
2775397081
2775397091
2775397121
2775397131
2775397141
2775397151
2775397161
2775397171
2775397181
2775397191
2775397201
2775397211
2775397221
2775397231
2775397241
2775397351
2775443241
2775473451
2775473461
2775473481
2775477701
2775477801
2775477831
2775477871
2775477931
2775478021
2775478181
2775480821
2775480831
2775480841
2775480851
2775480861
2775481541
2775481561
2775483951
2775483961
2775509341
2775509351
2775509361
2775509371
2775509381
2775527871
2775532251
2775532261
2775532271
2775532281
2775532291
2775532301
2775532311
2775532321
2775532331
2775532351
2775532371
2775532381
2775532391
2775532411
2775532421
2775549211
2775591561
2775591571
2775591581
2775591631
2775591641
2775591651
2775591901
2775591911
2775591921
2775681831
2775681841
2775681851
2775681861
2775681871
2775681881
2775681891
2775681901
2775681911
2775681921
2775681931
2775681941
2775681961
2775681971
2775681981
2775681991
2775682001
2775682011
2775682021
2775682031
2775682041
2775682061
2775682071
2775682081
2775682091
2775682101
2775682111
2775682121
2775682131
2775682141
2775682151
2775682161
2775682181
2775682191
2775682201
2775682211
2775682221
2775682231
2775691561
2775693071
2775693101
2775693121
2775693131
2775693141
2775693151
2775694371
2775712941
2775712951
2775712971
2775712981
2775712991
2775713011
2775713021
2775713031
2775713041
2775713091
2775717321
2775717451
2775717471
2775745071
2775745121
2775745841
2775745851
2775745861
2775745871
2775745881
2775745891
2775745901
2775745911
2775745921
2775745931
2775745941
2775745951
2775745961
2775745971
2775745981
2775745991
2775748621
2775748671
2775748681
2775748691
2775748701
2775748711
2775748721
2775748781
2775748801
2775748851
2775748871
2775748901
2775748911
2775748991
2775749001
2775749021
2775749041
2775749131
2775749141
2775749151
2775749161
2775749241
2775749251
2775797381
2775797411
2775797431
2775797441
2775797451
2775797461
2775797471
2775797491
2775797501
2775797511
2775797521
2775797531
2775797541
2775797551
2775797561
2775797571
2775797581
2775797591
2775797601
2775797611
2775818171
2775818181
2775818211
2775855951
2775887131
2775887151
2775887161
2775887181
2775887191
2775887211
2775903451
2775904351
2775904361
2775904371
2775904381
2775904391
2775904401
2775904481
2775904491
2775904501
2775904511
2775904521
2775904531
2775932491
2775932771
2775932801
2775933341
2775933351
2775933361
2775933421
2775933431
2775933441
2775933451
2775933461
2775933471
2775933481
2775947871
2775958071
2775958081
2775958091
2775958101
2775966991
2775985601
2775985621
2775985661
2776006331
2776006381
2776006471
2776006481
2776006521
2776007661
2776007701
2776032431
2776033651
2776033661
2776033691
2776033711
2776033721
2776050481
2776050531
2776072091
2776072111
2776072141
2776101151
2776101161
2776101171
2776101181
2776106631
2776106641
2776106651
2776106671
2776106681
2776106691
2776106741
2776106751
2776106761
2776106771
2776106781
2776106801
2776106811
2776106831
2776106841
2776106851
2776106901
2776152071
2776157641
2776157651
2776157661
2776157671
2776157681
2776157691
2776168961
2776177841
2776181221
2776181231
2776181241
2776181261
2776181271
2776181291
2776181301
2776181311
2776181321
2776181331
2776181341
2776181351
2776181361
2776181371
2776181381
2776223241
2776223251
2776223261
2776223271
2776223281
2776223291
2776223301
2776223331
2776223351
2776223361
2776223371
2776223461
2776223471
2776223481
2776223491
2776223501
2776223581
2776223591
2776223601
2776223611
2776235111
2776249691
2776252221
2776252251
2776253221
2776267971
2776267981
2776282311
2776284611
2776285041
2776285051
2776285071
2776285081
2776452221
2776452351
2776859991
2776860001
2776860011
2776860021
2776932091
2776932111
2776932131
2776932141
2776932161
2776932171
2777326071
2777326091
2777326101
2777326111
2777326121
2777326131
2777357861
2777357871
2777357881
2777357931
2777357941
2777357971
2777357981
2777357991
2777358001
2777358011
2777363201
2777363211
2777363241
2777363271
2777363301
2777367271
2777367281
2777367291
2777367321
2777403401
2777403441
2777403521
2777412401
2777412411
2777412421
2777412431
2777412441
2777412451
2777412461
2777412471
2777412481
2777412491
2777412511
2777412521
2777412531
2777412541
2777412551
2777417601
2777417611
2777418541
2777418551
2777418561
2777418581
2777418591
2777418601
2777418611
2777418621
2777418641
2777418661
2777418681
2777430611
2777430621
2777430631
2777466031
2777466091
2777476351
2777476411
2777476421
2777476431
2777476441
2777476451
2777476461
2777476471
2777476491
2777476511
2777480751
2777480761
2777480771
2777480781
2777480791
2777480811
2777480821
2777480851
2777480871
2777496241
2777496261
2777496281
2777496291
2777506801
2777518161
2777518531
2777518641
2777518651
2777518661
2777518671
2777518681
2777518691
2777518741
2777518751
2777518761
2777518771
2777518781
2777526581
2777526611
2777526661
2777526691
2777526701
2777526771
2777526791
2777526831
2777526871
2777539131
2777539141
2777539161
2777539171
2777539181
2777539191
2777539201
2777539211
2777539221
2777539251
2777539261
2777539271
2777540691
2777540721
2777540741
2777540761
2777540781
2777540801
2777540821
2777540841
2777540851
2777540871
2777540891
2777540911
2777540931
2777540951
2777540971
2777540981
2777570731
2777570741
2777570751
2777570761
2777570771
2777570781
2777570791
2777575221
2777575231
2777575241
2777599271
2777599281
2777599291
2777601611
2777605891
2777605911
2777605921
2777605931
2777605941
2777608191
2777608231
2777615611
2777632441
2777652131
2777652141
2777653321
2777653331
2777653341
2777653351
2777653361
2777653371
2777653381
2777653401
2777670631
2777670641
2777670651
2777670951
2777671041
2777671061
2777671891
2777671901
2777671911
2777676541
2777679751
2777679971
2777679981
2777679991
2777680001
2777680011
2777727741
2777727751
2777727761
2777727771
2777727781
2777727791
2777727801
2777727811
2777730431
2777730441
2777730451
2777730471
2777730481
2777730491
2777730501
2777730511
2777730521
2777730531
2777730541
2777744881
2777771311
2777771321
2777771341
2777771351
2777771361
2777771371
2777771381
2777771391
2777781141
2777781161
2777781171
2777792671
2777792691
2777792711
2777794121
2777794131
2777794161
2777794221
2777794231
2777794251
2777794301
2777794331
2777803831
2777803871
2777803881
2777803921
2777803931
2777803941
2777820391
2777820431
2777820441
2777820491
2777861111
2777867881
2777875431
2777875441
2777875451
2777875461
2777875471
2777875491
2777875521
2777875531
2777878281
2777878291
2777878301
2777878311
2777878381
2777878451
2777878461
2777878471
2777896321
2777909831
2777909851
2777911021
2777911031
2777911041
2777911051
2777911061
2777911071
2777911081
2777911091
2777911101
2777911111
2777911121
2777911131
2777911141
2777911151
2777911161
2777911171
2777911181
2777911191
2777911201
2777911211
2777911221
2777911231
2777911241
2777945391
2777945401
2777945421
2777962551
2777962561
2777962571
2777962581
2777962591
2777982771
2777982781
2777982801
2777983641
2777983651
2777983661
2777983671
2777983681
2777983691
2778007641
2778007661
2778007691
2778007701
2778007711
2778007721
2778007731
2778025581
2778025611
2778025621
2778025631
2778025661
2778048491
2778048551
2778048561
2778073121
2778073851
2778074061
2778080241
2778107291
2778113631
2778114781
2778115901
2778134491
2778134501
2778134511
2778134521
2778134531
2778135741
2778135751
2778135761
2778135771
2778135781
2778135791
2778135801
2778135821
2778135831
2778135841
2778135851
2778135861
2778135871
2778135881
2778135901
2778135911
2778135921
2778135931
2778135941
2778135951
2778137721
2778137731
2778137741
2778137751
2778137761
2778137771
2778137781
2778137791
2778138291
2778138301
2778153681
2778153711
2778153721
2778153771
2778153781
2778153801
2778176401
2778176421
2778176441
2778176451
2778176481
2778176491
2778176501
2778176511
2778176681
2778176691
2778176701
2778176711
2778176721
2778176741
2778176841
2778176851
2778176861
2778176871
2778194291
2778194311
2778194321
2778194331
2778194341
2778194381
2778194411
2778194431
2778194441
2778194451
2778194461
2778194481
2778194501
2778194511
2778194541
2778194551
2778200211
2778200221
2778200231
2778200241
2778200251
2778200261
2778200271
2778200281
2778200291
2778200301
2778205441
2778205451
2778205461
2778205481
2778211931
2778211961
2778212031
2778212141
2778216441
2778216451
2778216461
2778216471
2778216481
2778216491
2778216501
2778216511
2778216521
2778216531
2778221311
2778221521
2778221561
2778235271
2778235281
2778235291
2778235341
2778235621
2778235631
2778235791
2778235821
2778235871
2778235881
2778269771
2778269781
2778269791
2778301431
2778305681
2778305691
2778305701
2778319311
2778348931
2778348941
2778348951
2778348991
2778349001
2778349061
2778349071
2778349081
2778349091
2778349101
2778349111
2778349121
2778349141
2778349151
2778349161
2778349181
2778349201
2778349211
2778349241
2778349251
2778349261
2778349341
2778349451
2778349541
2778349581
2778349591
2778349621
2778349631
2778349641
2778349651
2778349661
2778420571
2778420591
2778420611
2778420631
2778420651
2778420671
2778420691
2778420711
2778433031
2778433041
2778433051
2778433061
2778433071
2778433081
2778438761
2778452111
2778452121
2778452131
2778452141
2778452151
2778467781
2778467791
2778467801
2778483001
2778483011
2778483021
2778483031
2778483041
2778493621
2778493631
2778493641
2778493691
2778493701
2778493741
2778493751
2778493791
2778493871
2778493981
2778502991
2778503011
2778503021
2778503031
2778503041
2778503051
2778503061
2778503421
2778503431
2778503441
2778528061
2778528461
2778528471
2778528491
2778581361
2778581411
2778589121
2778620991
2778629421
2778629461
2778629511
2778629551
2778631741
2778631751
2778631761
2778631771
2778631781
2778631791
2778631801
2778631811
2778631821
2778631831
2778631841
2778631851
2778631861
2778639971
2778639981
2778731321
2778731331
2778731351
2778731371
2778731411
2778731431
2778731471
2778743381
2778751991
2778752051
2778785971
2778785981
2778811381
2778822271
2778822291
2778822301
2778822311
2778852941
2778852951
2778852961
2778895541
2778895551
2778895581
2778895631
2778934161
2778934191
2778934201
2778935251
2778935261
2778935271
2778935281
2778935291
2778935301
2778935311
2778937161
2778937181
2778937191
2778937201
2778937211
2778937221
2778937231
2778937241
2778976491
2779016481
2779016491
2779016511
2779016521
2779019031
2779073631
2779101791
2779148261
2779148271
2779148291
2779159821
2779169811
2779169821
2779169871
2779169881
2779169921
2779193321
2779210451
2779217111
2779217131
2779217151
2779217161
2779217171
2779217181
2779217221
2779217261
2779217271
2779217281
2779217291
2779217301
2779218201
2779218231
2779218241
2779218251
2779218261
2779231321
2779231401
2779233011
2779233261
2779233271
2779233301
2779233311
2779257861
2779257921
2779291361
2779291381
2779291391
2779339541
2779339551
2779339561
2779339571
2779339581
2779339591
2779339601
2779339611
2779339621
2779339631
2779339641
2779339651
2779341111
2779387611
2779399911
2779399971
2779399981
2779400001
2779400021
2779400031
2779400051
2779400071
2779400091
2779400121
2779400131
2779425681
2779425691
2779486381
2779486401
2779486411
2779529531
2779529551
2779529671
2779529681
2779529691
2779530011
2779530041
2779577381
2779577391
2779577401
2779577411
2779577421
2779577431
2779577441
2779577451
2779577461
2779577471
2779624341
2779648791
2779649741
2779649781
2779649791
2779649801
2779652561
2779652571
2779652621
2779652631
2779652641
2779652711
2779652721
2779652731
2779667031
2779667041
2779667101
2779689211
2779689221
2779689231
2779689241
2779689251
2779689261
2779689271
2779689281
2779689831
2779689841
2779689851
2779689861
2779689871
2779689881
2779689891
2779689901
2779798351
2779798361
2779798371
2779798481
2779852201
2779852211
2779852221
2779852231
2779852241
2779852251
2779870461
2779870471
2779870481
2779870491
2779882741
2779897891
2779897901
2779897911
2779897921
2779897941
2779897951
2779897961
2779897971
2779897981
2779897991
2779898001
2779898011
2779898021
2779898031
2779898041
2779907621
2779907631
2779907641
2779907651
2779907661
2779907671
2779922441
2779922461
2779939281
2779939381
2779954831
2779966911
2779966921
2779966931
2779966941
2779966951
2779966961
2779966971
2779966991
2779967001
2779967011
2779967031
2779967041
2779967051
2779967121
2779967131
2779967141
2779967151
2779967161
2779967171
2779967181
2779967191
2779967201
2779967211
2779967221
2779967231
2779967241
2779967251
2779967261
2779967281
2779967291
2779967301
2779967311
2779967321
2780017101
2780036841
2780036871
2780036881
2780036901
2780036911
2780036931
2780036941
2780036951
2780060501
2780066051
2780074861
2780074871
2780074881
2780074891
2780074911
2780074941
2780074951
2780074961
2780088851
2780088871
2780137251
2780183851
2780191771
2780191781
2780191791
2780191801
2780191841
2780191961
2780191971
2780191981
2780191991
2780196391
2780196441
2780203671
2780203681
2780203691
2780203701
2780210431
2780224751
2780224761
2780224771
2780224781
2780224791
2780236661
2780246591
2780246601
2780248171
2780248181
2780255481
2780255981
2780255991
2780256001
2780257951
2780257961
2780257971
2780257981
2780257991
2780270521
2780270541
2780270551
2780270571
2780271211
2780284641
2780284651
2780284661
2780284671
2780310901
2780330111
2780353141
2780353151
2780373571
2780375091
2780375621
2780375631
2780375641
2780375651
2780375661
2780375671
2780375681
2780375691
2780375701
2780412401
2780412481
2780412491
2780458801
2780458811
2780458821
2780458831
2780458871
2780458881
2780458891
2780458901
2780458911
2780458921
2780458931
2780458941
2780458951
2780458961
2780458971
2780458981
2780458991
2780459001
2780459501
2780459511
2780459521
2780459531
2780459541
2780461161
2780466641
2780466751
2780479311
2780479321
2780479341
2780480471
2780480481
2780480491
2780480501
2780480521
2780480571
2780497831
2780504601
2780504611
2780504621
2780504631
2780524621
2780524641
2780524651
2780538431
2780552041
2780552071
2780610511
2780630971
2780632721
2780632811
2780632821
2780661331
2780661701
2780666311
2780678911
2780678931
2780678941
2780678951
2780678961
2780678971
2780695461
2780695471
2780695481
2780746341
2780746351
2780746361
2780770621
2780777521
2780777531
2780777541
2780777571
2780777581
2780777881
2780778001
2780778011
2780778021
2780778031
2780778041
2780778051
2780778061
2780778071
2780778081
2780778091
2780778101
2780778111
2780778131
2780778141
2780778151
2780778161
2780778171
2780778181
2780778191
2780780441
2780780451
2780780481
2780780501
2780780521
2780783601
2780783731
2780783751
2780791791
2780820501
2780820561
2780820581
2780820641
2780820651
2780820681
2780820691
2780820701
2780820721
2780820731
2780824261
2780844961
2780844971
2780844981
2780849741
2780849751
2780849771
2780849791
2780849801
2780849821
2780849831
2780849851
2780849871
2780849891
2780883611
2780891411
2780891421
2780891431
2780923691
2780923741
2780923841
2780923871
2780923891
2780923901
2780923911
2780942351
2780942511
2780942521
2780942531
2780943311
2780943321
2780943331
2780943341
2780943351
2780943361
2780943371
2780943381
2780945971
2780957521
2780967931
2780967971
2780975301
2781313201
2781313231
2781313251
2781313261
2781313271
2781313281
2781313291
2781313301
2781313311
2781313321
2781313331
2781313341
2781313351
2781313361
2781313371
2781313381
2781313391
2781830602
2781830612
2781830622
2781830632
2781830652
2781830662
2781830672
2781830682
2781850372
2781850392
2781850422
2781851422
2781851452
2781851572
2781851582
2781851592
2781851642
2781851652
2781851662
2781851682
2781854012
2781899982
2781900002
2781923852
2781929192
2781934972
2781934982
2781934992
2781935002
2781935012
2781935032
2781935042
2781935052
2781935062
2781935072
2781935082
2781935092
2781935102
2781935112
2781935122
2781935132
2781935182
2781935212
2781935252
2781935322
2781935332
2781935342
2781935352
2781935382
2781935392
2781969292
2781985872
2781985882
2781994712
2781994742
2781994752
2781994772
2782012362
2782012372
2782012392
2782016832
2782016882
2782016892
2782016902
2782016912
2782038832
2782038842
2782038852
2782038882
2782038902
2782038912
2782038942
2782038952
2782038962
2782039042
2782039052
2782039072
2782039102
2782039112
2782039152
2782039162
2782039172
2782039182
2782068552
2782068562
2782128932
2782128992
2782129002
2782129012
2782129022
2782129052
2782150682
2782156012
2782156042
2782163942
2782232892
2782232912
2782232932
2782280192
2782280202
2782280212
2782280222
2782280232
2782309182
2782309192
2782309202
2782309212
2782309222
2782309232
2782309252
2782309262
2782309272
2782309292
2782309302
2782309312
2782309322
2782309332
2782320582
2782320602
2782320622
2782320782
2782320822
2782334132
2782387002
2782387012
2782387032
2782387052
2782387072
2782387082
2782387092
2782387102
2782404352
2782404422
2782427522
2782427532
2782427542
2782427552
2782427562
2782427572
2782427582
2782427592
2782427602
2782427612
2782427622
2782427642
2782427652
2782427682
2782427722
2782427732
2782427742
2782444682
2782444692
2782445002
2782445012
2782445022
2782445032
2782445042
2782445052
2782445122
2782481832
2782481842
2782481852
2782481862
2782488342
2782488352
2782488362
2782488372
2782488392
2782488412
2782488422
2782507112
2782507122
2782507132
2782556292
2782556302
2782556322
2782556332
2782556342
2782556352
2782556362
2782556372
2782556382
2782556392
2782556402
2782556412
2782556442
2782556452
2782556472
2782556782
2782556792
2782556802
2782556812
2782556822
2782556832
2782556842
2782556852
2782556862
2782556872
2782556882
2782556892
2782556902
2782556912
2782556922
2782556932
2782556942
2782556952
2782557132
2782557142
2782557152
2782557162
2782557172
2782557182
2782557192
2782557202
2782557232
2782557252
2782557262
2782557272
2782557282
2782557292
2782557302
2782557322
2782557332
2782557342
2782557352
2782557362
2782557372
2782557382
2782557392
2782557402
2782557412
2782557432
2782557442
2782557452
2782557462
2782557482
2782557492
2782557502
2782557512
2782560112
2782560122
2782560132
2782560152
2782560162
2782560172
2782560182
2782560192
2782561052
2782561072
2782561082
2782564242
2782564252
2782564272
2782564282
2782564292
2782564302
2782564322
2782564332
2782564342
2782564352
2782564362
2782577832
2782578802
2782578812
2782578982
2782578992
2782579002
2782589122
2782589132
2782589142
2782589152
2782589172
2782589182
2782589192
2782589202
2782589212
2782589222
2782589232
2782589252
2782589262
2782589272
2782589282
2782589352
2782590372
2782590382
2782590392
2782590432
2782590442
2782590452
2782609552
2782613272
2782613282
2782613352
2782613412
2782614792
2782614802
2782614842
2782614892
2782614932
2782614942
2782615002
2782620702
2782620712
2782620722
2782620732
2782620742
2782620752
2782620762
2782620772
2782620782
2782620792
2782620802
2782620812
2782620822
2782620832
2782620842
2782620852
2782620862
2782620872
2782620882
2782620902
2782620912
2782621162
2782621172
2782621182
2782621192
2782621202
2782621212
2782621222
2782621232
2782621242
2782621252
2782621262
2782621272
2782621282
2782621292
2782621302
2782621312
2782621322
2782621332
2782621342
2782621352
2782621362
2782621372
2782621382
2782621392
2782621402
2782621412
2782621422
2782621432
2782621442
2782621452
2782621462
2782621472
2782621482
2782621492
2782621502
2782621512
2782621522
2782621532
2782621542
2782621552
2782621562
2782621572
2782621582
2782621592
2782621602
2782621612
2782621622
2782621632
2782621642
2782621652
2782621662
2782621672
2782621682
2782682032
2782682062
2782682072
2782687392
2782687482
2782687502
2782687522
2782688292
2782701582
2782701592
2782701602
2782701612
2782701632
2782701642
2782701652
2782701662
2782701672
2782701682
2782701732
2782701742
2782701792
2782701842
2782701852
2782704342
2782718562
2782718572
2782718602
2782718622
2782718682
2782723442
2782723452
2782723462
2782723472
2782723482
2782723492
2782723502
2782723512
2782723522
2786042292
2786042312
2786042342
2786042352
2786042362
2786042372
2786042382
2786042392
2786042422
2786042432
2786042442
2786042452
2786042462
2786089032
2786089082
2786089092
2786089102
2786089112
2786089122
2786089132
2786089142
2786089152
2786089162
2786089172
2786089182
2786089222
2786091812
2786091822
2786091892
2786091912
2786091922
2786099552
2786124072
2786124122
2786125652
2786125662
2786125672
2786125682
2786125692
2786131592
2786131602
2786131612
2786131632
2786131642
2786131652
2786174482
2786178852
2786178882
2786178892
2786178902
2786178922
2786178932
2786178942
2786178952
2786184122
2786184132
2786184142
2786184162
2786207402
2786207412
2786207422
2786207432
2786208532
2786208562
2786208632
2786234572
2786235922
2786235962
2786235972
2786235992
2786236002
2786236012
2786236032
2786255642
2786255712
2786255742
2786255782
2786255792
2786307752
2786307762
2786307772
2786307782
2786307792
2786307802
2786307842
2786321592
2786321742
2786321752
2786321802
2786321882
2786324772
2786324882
2786329262
2786329542
2786329552
2786329562
2786329572
2786329582
2786329592
2786335682
2786335692
2786335702
2786340042
2786340052
2786340552
2786350822
2786350832
2786350842
2786350862
2786350872
2786350882
2786350892
2786350902
2786350912
2786350922
2786350932
2786350942
2786350952
2786355332
2786355342
2786355352
2786366062
2786366292
2786384072
2786384082
2786384092
2786384102
2786422612
2786422762
2786422872
2786422882
2786422962
2786422972
2786422982
2786423062
2786443702
2786454722
2786454732
2786454772
2787113282
2787113292
2787113302
2787113412
2787144422
2787144462
2787318802
2787318812
2787318822
2787318832
2787318842
2787318852
2787318862
2787318872
2787345112
2787345152
2787345162
2787345182
2787345192
2787345202
2787345212
2787345222
2787353912
2787353932
2787355882
2787355892
2787355902
2787355912
2787355942
2787554352
2787554482
2787554502
2787554512
2787635662
2787674822
2787674832
2787725502
2787725512
2787725522
2787725532
2787725542
2787725552
2787725562
2787725572
2787725582
2787725592
2787725602
2787725612
2787725622
2787725632
2787725652
2787725662
2787725672
2787725682
2787725692
2787725702
2787725712
2787725722
2787725732
2787827992
2787842692
2787842702
2787868572
2787868582
2787868592
2787868672
2787869162
2787869192
2787869202
2787871562
2787871712
2787871722
2787871762
2787871772
2787871782
2787871792
2787871812
2787871822
2787871832
2787871842
2787871852
2787871862
2787904292
2787904322
2787904352
2787905092
2787910652
2787910672
2787910692
2787910732
2787992372
2788016332
2788016342
2788016352
2788016362
2788016372
2788027722
2788027752
2788027762
2788027772
2788027782
2788027792
2788027812
2788027822
2788027832
2788027842
2788027852
2788027862
2788027872
2788027882
2788027922
2788073182
2788080102
2788080132
2788080142
2788080152
2788080162
2788080972
2788080982
2788080992
2788081012
2788081022
2788081032
2788081042
2788081062
2788082932
2788103492
2788103502
2788103562
2788121302
2788121322
2788121342
2788131802
2788131812
2788131822
2788131852
2788131872
2788131882
2788141012
2788141022
2788141032
2788141042
2788141052
2788141062
2788141102
2788141112
2788141122
2788166922
2788166932
2788166942
2788167012
2788167052
2788185592
2788195522
2788195542
2788195562
2788195582
2788195602
2788195622
2788195642
2788195652
2788195672
2788195692
2788195722
2788195732
2788195742
2788197802
2788197842
2788197852
2788202622
2788202642
2788202692
2788202772
2788209952
2788218222
2788218232
2788218242
2788218252
2788218272
2788218282
2788218322
2788218332
2788218412
2788218422
2788218432
2788218442
2788218452
2788218462
2788218472
2788218492
2788218502
2788218512
2788218532
2788221202
2788231282
2788231302
2788231332
2788231352
2788231382
2788295332
2788309412
2788309432
2788309442
2788351772
2788351782
2788351792
2788351802
2788351812
2788351852
2788354872
2788354902
2788354932
2788354942
2788355482
2788376982
2788391472
2788391482
2788391502
2788391512
2788391552
2788391562
2788391582
2788391592
2788391602
2788391622
2788391632
2788391642
2788391652
2788391662
2788391682
2788391692
2788391702
2788391712
2788391762
2788391782
2788391792
2788391802
2788391812
2788391832
2788391842
2788391852
2788391862
2788391882
2788391892
2788391902
2788391912
2788391922
2788391932
2788392032
2788392052
2788392082
2788392102
2788392112
2788392122
2788392132
2788392172
2788392182
2788392192
2788392212
2788417942
2788417962
2788418072
2788418172
2788444982
2788444992
2788445302
2788449302
2788449312
2788449332
2788453322
2788456502
2788457752
2788457762
2788457772
2788457792
2788457852
2788478392
2788478402
2788478412
2788478422
2788478432
2788478442
2788478452
2788478462
2788478482
2788478502
2788478542
2788487492
2788487502
2788487512
2788487522
2788487532
2788487542
2788487552
2788487562
2788487582
2788487592
2788487622
2788487632
2788487642
2788487652
2788487662
2788487672
2788487682
2788487692
2788487702
2788487712
2788487722
2788487732
2788487742
2788487752
2788487762
2788487772
2788487782
2788487792
2788487802
2788487812
2788487822
2788487852
2788487862
2788487872
2788487882
2788487892
2788487902
2788487912
2788487922
2788487932
2788487942
2788487952
2788487962
2788504642
2788504652
2788504662
2788504672
2788504682
2788504692
2788514792
2788514812
2788514832
2788514852
2788517932
2788517942
2788517952
2788517962
2788517972
2788517982
2788534762
2788534772
2788534782
2788534792
2788537442
2788537452
2788537472
2788537492
2788537532
2788537632
2788537642
2788537652
2788537662
2788537672
2788537682
2788537692
2788537702
2788537712
2788537732
2788537742
2788563922
2788568002
2788568032
2788568042
2788580052
2788586782
2788586842
2788589862
2788589872
2788589882
2788589892
2788661012
2788661022
2788661032
2788661052
2788661072
2788668982
2788668992
2788669022
2788669032
2788669042
2788669082
2788669092
2788669102
2788669112
2788669122
2788669132
2788671542
2788683072
2788683092
2788683102
2788683112
2788683122
2788685562
2788685572
2788685582
2788685592
2788685602
2788685612
2788685622
2788690412
2788690832
2788690842
2788690852
2788690862
2788690872
2788690882
2788690892
2788691162
2788702762
2788702782
2788702792
2788702802
2788702842
2788707962
2788707972
2788707992
2788708002
2788708012
2788708022
2788708152
2788723292
2788724722
2788724732
2788724742
2788724752
2788743542
2788743552
2788743562
2788743582
2788743592
2788820182
2788820192
2788820202
2788820212
2788865222
2788865282
2788875302
2788875322
2788900402
2788900472
2788903452
2788903462
2788903472
2788903492
2788903512
2788903552
2788903562
2788903572
2788907342
2788907352
2788907362
2788907382
2788908242
2788908252
2788908262
2788908272
2788908282
2788908292
2788908302
2788908312
2788908322
2788908332
2788908342
2788908362
2788908382
2788908432
2788908462
2788908472
2788908482
2788908492
2788916932
2788916942
2788916952
2788916962
2788917872
2788917882
2788917892
2788917902
2788917912
2788917922
2788917932
2788917942
2788917952
2788917962
2788917972
2788917982
2788917992
2788918002
2788990582
2788990642
2789016102
2789016112
2789016122
2789016132
2789016142
2789020082
2789020092
2789020152
2789020162
2789020172
2789071592
2789071612
2789071622
2789071632
2789071642
2789071662
2789071672
2789071682
2789096472
2789789002
2789789052
2789789082
2789789092
2789789102
2789789122
2789789132
2789789142
2789789152
2789789162
2789789172
2789789182
2789789192
2789796732
2789799002
2789826902
2789829102
2789829112
2789829122
2789829132
2789829142
2789829162
2789829172
2789829182
2789829192
2789829202
2789829212
2789829222
2789829232
2789829252
2789829262
2789829272
2789829282
2789829292
2789829302
2789829312
2789829322
2789829332
2789829342
2789829352
2789829382
2789829392
2789832582
2789832592
2789832662
2789850002
2789850012
2789850022
2789850062
2789850072
2789850082
2789850092
2789850102
2789850112
2789850122
2789850132
2789850142
2789850152
2789850162
2789850172
2789850182
2789850192
2789850202
2789850212
2789860662
2789860672
2789860682
2789860702
2789860752
2789916292
2789916302
2789916312
2789916452
2789941362
2789941482
2789942102
2789942112
2789942162
2789942212
2789942232
2789942412
2789942422
2789942432
2789942442
2789942452
2789942482
2789942492
2789942502
2789942512
2789942522
2789942532
2789942542
2789942562
2789949722
2789949732
2789949742
2789949752
2789949762
2789949772
2789949782
2789949792
2789949802
2789949822
2789949832
2789949842
2789949852
2789949862
2789949872
2789949882
2789949892
2789949912
2789949942
2789983062
2789983162
2789983172
2789983182
2789983192
2789983202
2789989212
2789989252
2789989262
2789989342
2789989352
2789989382
2789989392
2789989402
2789989412
2789989422
2789989432
2789989442
2789989452
2789989472
2790024582
2790040332
2790041392
2790041402
2790041412
2790041422
2790064142
2790079692
2790079782
2790079792
2790095532
2790095602
2790098592
2790098622
2790098652
2790098662
2790098722
2790098812
2790108972
2790108982
2790108992
2790110002
2790110012
2790110042
2790110112
2790114322
2790129192
2790133312
2790133322
2790173592
2790173602
2790173612
2790184512
2790184522
2790235932
2790235962
2790236172
2790236182
2790236192
2790236202
2790236212
2790236222
2790236232
2790236242
2790236252
2790236262
2790236272
2790236282
2790236292
2790236302
2790236312
2790236322
2790236332
2790236342
2790245462
2790245482
2790271332
2790271342
2790271352
2790271372
2790271382
2790271392
2790282432
2790310132
2790310142
2790310192
2790311322
2790321872
2790321892
2790324572
2790324642
2790329382
2790329442
2790329472
2790329482
2790329512
2790348982
2790349002
2790349042
2790349092
2790349132
2790349142
2790349152
2790367892
2790367902
2790367922
2790367932
2790367952
2790368002
2790368012
2790368032
2790368042
2790368052
2790368062
2790368072
2790368082
2790368092
2790368122
2790368192
2790368222
2790368252
2790368262
2790368272
2790368292
2790368312
2790378542
2790428472
2790428482
2790428492
2790428502
2790428512
2790428522
2790428532
2790428542
2790438832
2790438842
2790438862
2790438872
2790438892
2790441112
2790441142
2790441192
2790441252
2790486712
2790509842
2790509852
2790509872
2790509902
2790510072
2790519112
2790519122
2790519132
2790519142
2790523542
2790534262
2790535592
2790535602
2790535612
2790535622
2790535632
2790535642
2790535652
2790535662
2790535672
2790535682
2790535692
2790535702
2790539542
2790539562
2790539572
2790541812
2790541822
2790541832
2790574182
2790574192
2790574202
2790574232
2790626332
2790626402
2790626422
2790626482
2790641222
2790647812
2790647842
2790647852
2790650442
2790650452
2790650462
2790650472
2790650482
2790650492
2790650502
2790650512
2790650522
2790650532
2790650542
2790660002
2790660012
2790660022
2790660042
2790703472
2790703482
2790703492
2790703502
2790703512
2790703522
2790703532
2790703542
2790703562
2790703572
2790703582
2790703602
2790703612
2790703622
2790704072
2790704082
2790704102
2790704132
2790704162
2790704222
2790704252
2790790232
2790792102
2790792112
2790792132
2790792142
2790792152
2790893662
2790893672
2790895572
2790900292
2790902372
2790902462
2790902472
2790932772
2790932782
2790932792
2790932802
2790932812
2790932822
2790932832
2790932842
2790932852
2790932862
2790964392
2790975902
2790975912
2790975922
2790975932
2790975942
2790975952
2790975962
2790975972
2790975982
2790975992
2790976002
2790976012
2790976072
2790976082
2791073542
2791073552
2791073562
2791073572
2791073872
2791073882
2791073892
2791091282
2791091302
2791091322
2791091332
2791091362
2791091372
2791091382
2791091392
2791091402
2791131732
2791131792
2791131812
2791131872
2791131892
2791131902
2791131912
2791134482
2791160782
2791160792
2791160802
2791160812
2791160912
2791160922
2791160932
2791160952
2791161002
2791161012
2791161022
2791260372
2791260382
2791260402
2791260412
2791260422
2791260432
2791260442
2791260452
2791260462
2791260472
2791260482
2791260492
2791260502
2791260512
2791260522
2791260532
2791260542
2791260552
2791260562
2791309432
2791309442
2791311922
2791311972
2791311982
2791358172
2791358242
2791358252
2791358302
2791402492
2791402502
2791402512
2791406332
2791406362
2791406422
2791414642
2791414652
2791421522
2791421532
2791421542
2791421552
2791421562
2791421582
2791421652
2791421662
2791421672
2791421682
2791422982
2791423032
2791423072
2791423112
2791423132
2791423152
2791463202
2791482552
2791489472
2791807032
2791807042
2791807052
2792035862
2792035892
2792038722
2792066542
2792066692
2792066702
2792066712
2792066762
2792066772
2792066782
2792097902
2792097932
2792097942
2792097952
2792097962
2792097972
2792097982
2792097992
2792098002
2792098012
2792098022
2792098032
2792098042
2792098052
2792127882
2792127892
2792127902
2792127912
2792157512
2792157522
2792157532
2792157542
2792157552
2792157572
2792157582
2792157592
2792157602
2792201392
2792201452
2792201472
2792207752
2792207772
2792214402
2792214412
2792214422
2792214432
2792214442
2792214452
2792214492
2792214502
2792214522
2792214532
2792214542
2792216132
2792216142
2792216152
2792216162
2792219012
2792219022
2792219032
2792219042
2792219052
2792219422
2792219512
2792219522
2792219622
2792219632
2792219642
2792219652
2792219662
2792219672
2792219682
2792219692
2792219722
2792219832
2792222102
2792222112
2792222122
2792222132
2792222152
2792222162
2792222172
2792222182
2792234472
2792234482
2792234492
2792234502
2792234512
2792242022
2792242082
2792251352
2792251362
2792251372
2792304672
2792304682
2792308972
2792311572
2792324412
2792326712
2792332942
2792332952
2792332962
2792378962
2792378972
2792378982
2792378992
2792379002
2792379012
2792379082
2792379092
2792379102
2792379112
2792379122
2792395122
2792395132
2792395152
2792395162
2792395172
2792395182
2792395192
2792395202
2792395212
2792395222
2792395232
2792395252
2792395262
2792395272
2792395282
2792395302
2792395312
2792395322
2792395332
2792395342
2792395352
2792395362
2792395372
2792395382
2792395392
2792418672
2792438982
2792438992
2792439002
2792439012
2792439022
2792439042
2792439062
2792439092
2792439112
2792439132
2792439152
2792439172
2792439202
2792439222
2792439242
2792439262
2792439282
2792439302
2792439322
2792439342
2792446472
2792475182
2792475192
2792481852
2792481862
2792481872
2792481882
2792489452
2792489462
2792489472
2792489512
2792489522
2792489532
2792495462
2792495472
2792495482
2792497262
2792497272
2792497282
2792497292
2792497302
2792497312
2792500762
2792500962
2792508592
2792509862
2792515222
2792515232
2792554402
2792557002
2792557012
2792558892
2792559272
2792559282
2792569852
2792569862
2792569872
2792569882
2792569892
2792569902
2792569912
2792569922
2792570002
2792570032
2792570042
2792570052
2792570062
2792570082
2792570092
2792570102
2792570112
2792570132
2792570142
2792570152
2792570172
2792570182
2792570192
2792570202
2792570222
2792570232
2792570242
2792570252
2792570262
2792570272
2792570992
2792571002
2792571462
2792578702
2792578712
2792578722
2792578742
2792578752
2792578842
2792578852
2792578862
2792578872
2792578902
2792578922
2792578952
2792578962
2792578972
2792578982
2792579002
2792579012
2792579022
2792579082
2792594142
2792594152
2792594162
2792594172
2792594182
2792598762
2792598782
2792598812
2792598842
2792619382
2792619392
2792619402
2792619412
2792619422
2792619452
2792619462
2792619482
2792619502
2792619522
2792619552
2792619592
2792619632
2792619642
2792619652
2792648052
2792648062
2792650422
2792650512
2792662082
2792662092
2792662112
2792662132
2792662142
2792662162
2792662172
2792662182
2792662192
2792662202
2792662212
2792662222
2792662232
2792662242
2792690012
2792690062
2792690072
2792690082
2792690092
2792690102
2792690112
2792690122
2792690132
2792690152
2792690162
2792690172
2792690182
2792690192
2792713972
2792713982
2792713992
2792714002
2792714122
2792714142
2792714152
2792714322
2792714362
2792714452
2792714482
2792714492
2792714522
2792714542
2792714562
2792723512
2792740822
2792740832
2792740842
2792740852
2792740892
2792740902
2792740912
2792740922
2792740932
2792740942
2792740952
2792740992
2792741002
2792741012
2792741022
2792741032
2792755042
2792755052
2792755062
2792755072
2792755082
2792755092
2792755102
2792755112
2792755122
2792755132
2792755142
2792755152
2792755162
2792755172
2792755182
2792755202
2792755212
2792755222
2792755232
2792755242
2792775042
2792775052
2792783012
2792811902
2792811922
2792811932
2792812042
2792812052
2792812062
2792812082
2792873422
2792873432
2792873442
2792873452
2792873612
2792873662
2792881802
2792881812
2792881822
2792881832
2792881842
2792882082
2792882172
2792882272
2792882282
2792882312
2792882332
2792882372
2792903772
2792940752
2792940862
2792940872
2792975702
2792975712
2792975722
2792975732
2792983742
2793008082
2793008202
2793008262
2793008412
2793014462
2793014532
2793014542
2793014552
2793014562
2793014572
2793014582
2793014592
2793014602
2793014672
2793014722
2793018732
2793018812
2793041242
2793119452
2793119492
2793119502
2793119512
2793119522
2793121182
2793121462
2793121472
2793152582
2793152592
2793152822
2793152852
2793152872
2793152932
2793152982
2793152992
2793153002
2793153012
2793153022
2793153032
2793153042
2793153052
2793153092
2793153102
2793153112
2793153182
2793153242
2793433592
2793433602
2793433612
2793433622
2793433632
2793433642
2793433812
2793433822
2793433832
2793492002
2793492012
2793492022
2793492032
2793535032
2793535132
2793556942
2793556972
2793557032
2793562362
2793562382
2793618122
2793618132
2793712832
2793712842
2793804682
2793804692
2793804702
2793804712
2793804722
2793804732
2793804742
2793804752
2793804762
2793804822
2793804832
2793804852
2793804862
2793804872
2793804882
2793804892
2793804902
2793804912
2793804922
2793804932
2793804942
2793804952
2793804962
2793804982
2793804992
2793805002
2793805012
2793805022
2793805042
2793893592
2793893602
2793893612
2793893622
2793893652
2793893662
2793899522
2793899532
2793925372
2793925392
2793925402
2793925442
2793925452
2793925462
2793943722
2793963222
2793963282
2793963292
2793963302
2793963312
2793963322
2793963342
2793963352
2793963362
2793963372
2793963382
2793963392
2793963402
2793963412
2793963432
2793963452
2793963462
2793963472
2793963482
2793963492
2793963502
2793963512
2793963522
2793963542
2793963582
2793995552
2794041162
2794041172
2794041182
2794041192
2794041202
2794041212
2794041222
2794041232
2794041242
2794041252
2794041262
2794041272
2794041282
2794041292
2794041302
2794041312
2794041322
2794041332
2794041342
2794041352
2794041362
2794041372
2794041382
2794041392
2794088472
2794088832
2794088892
2794088902
2794088912
2794126682
2794126732
2794148332
2794148342
2794148352
2794159192
2794174172
2794174182
2794174192
2794174202
2794174212
2794175492
2794175502
2794175512
2794175522
2794175532
2794175542
2794175552
2794175562
2794175572
2794175582
2794175592
2794175602
2794175612
2794175632
2794175642
2794182192
2794182232
2794182242
2794182252
2794182272
2794182282
2794183812
2794270252
2794278942
2794278952
2794278962
2794345672
2794345842
2794362082
2794371362
2794372362
2794372382
2794372392
2794372402
2794372412
2794372422
2794372432
2794372492
2794372502
2794372512
2794372522
2794372552
2794372562
2794372592
2794372602
2794372612
2794372622
2794372632
2794372642
2794372662
2794372712
2794372722
2794372752
2794372772
2794372842
2794373542
2794373552
2794373562
2794373572
2794373582
2794373592
2794373602
2794373612
2794386022
2794386032
2794386042
2794392442
2794392502
2794416382
2794430852
2794430922
2794451472
2794451522
2794451542
2794451562
2794477612
2794477622
2794477642
2794477662
2794477672
2794477682
2794483442
2794483452
2794483462
2794483472
2794483482
2794483492
2794483502
2794506002
2794506022
2794506042
2794506062
2794506102
2794506132
2794517602
2794517652
2794521792
2794521802
2794521832
2794549172
2794549192
2794549342
2794549372
2794549392
2794549432
2794549632
2794549642
2794549652
2794549732
2794549782
2794549882
2794569972
2794569982
2794569992
2794570002
2794570012
2794570152
2794570162
2794570182
2794570202
2794570222
2794626002
2794632432
2794635792
2794635802
2794635842
2794635892
2794635922
2794635942
2794635952
2794636022
2794668082
2794668112
2794668122
2794692672
2794692692
2794692742
2794692752
2794692802
2794692812
2794692842
2794692862
2794692942
2794692952
2794692972
2794692992
2794693002
2794693022
2794693042
2794693052
2794693072
2794693082
2794693092
2794693112
2794696032
2794696042
2794696072
2794696122
2794696162
2794696172
2794696182
2794699502
2794699512
2794699522
2794699532
2794699542
2794699552
2794699562
2794699582
2794699592
2794699622
2794699632
2794699642
2794699652
2794699662
2794699682
2794699692
2794699722
2794699732
2794699742
2794699752
2794699762
2794699782
2794723092
2794725172
2794725192
2794725242
2794725252
2794725262
2794725292
2794743572
2794743582
2794743592
2794743602
2794743712
2794743772
2794743782
2794743792
2794743812
2794743822
2794751872
2794751912
2794751952
2794775372
2794775382
2794775392
2794775412
2794775432
2794775442
2794775612
2794820612
2794820632
2794820772
2794820962
2794845592
2794849652
2794849662
2794849672
2794849682
2794849692
2794849702
2794849712
2794849722
2794854942
2794854952
2794856702
2794856722
2794856802
2794856822
2794856832
2794856842
2794891582
2794891592
2794891602
2794891612
2794897232
2794899642
2794954172
2794954182
2794954192
2794954202
2794954212
2794954222
2794954232
2794954242
2794954252
2794954262
2794954272
2794954282
2794954292
2794954312
2794954322
2794960682
2794960692
2794960702
2794960792
2794975032
2794975052
2795014652
2795014662
2795014672
2795014682
2795014692
2795014702
2795014712
2795014722
2795014732
2795035072
2795035082
2795035092
2795047662
2795048122
2795048162
2795048172
2795054812
2795079192
2795079202
2795079322
2795079332
2795079342
2795079682
2795079692
2795079702
2795079732
2795103272
2795103282
2795103292
2795103302
2795103312
2795129862
2795129872
2795129882
2795129892
2795129902
2795129912
2795129922
2795129932
2795129942
2795129952
2795129962
2795129972
2795129982
2795129992
2795130002
2795130012
2795130022
2795144132
2795162342
2795162362
2795222382
2795222402
2795222422
2795222432
2795230112
2795230162
2795230182
2795230232
2795230372
2795230382
2795230542
2795242572
2795242582
2795242602
2795242612
2795242622
2795242632
2795242642
2795242652
2795242662
2795242672
2795242682
2795242692
2795249702
2795249962
2795249972
2795249982
2795249992
2795252912
2795252922
2795252932
2795252942
2795252952
2795252962
2795272152
2795272162
2795284972
2795284982
2795284992
2795285002
2795285012
2795285022
2795285042
2795285052
2795285062
2795285072
2795285082
2795285092
2795285102
2795285112
2795285122
2795285132
2795285142
2795285152
2795285162
2795285172
2795285182
2795285192
2795285202
2795285212
2795285222
2795301362
2795304082
2795304132
2795310802
2795310812
2795310822
2795310842
2795310852
2795310872
2795310882
2795320922
2795320932
2795320942
2795320952
2795320962
2795320972
2795320982
2795320992
2795321002
2795321012
2795321022
2795321032
2795321042
2795321052
2795321062
2795321072
2795321082
2795321092
2795321102
2795321112
2795321122
2795321132
2795321142
2795321152
2795324112
2795329882
2795329892
2795329912
2795329982
2795332262
2795332272
2795372512
2795377372
2795377382
2795377392
2795377402
2795377412
2795377422
2795377432
2795377442
2795377452
2795384232
2795384242
2795384252
2795388482
2795388602
2795393322
2795393332
2795393342
2795393352
2795393362
2795393372
2795393382
2795393412
2795432382
2795444232
2795444252
2795444262
2795463742
2795463762
2795463782
2795465092
2795469922
2795469932
2795469942
2795469982
2795469992
2795470002
2795470842
2795485722
2795485752
2795485772
2795485782
2795485852
2795489002
2795490122
2795490132
2795490152
2795501062
2795504152
2795504182
2797784762
2797786172
2797786182
2797786192
2797786202
2797786212
2797786222
2797786232
2797786242
2797786252
2797786262
2797786272
2797786282
2797786362
2797875342
2797875352
2797875362
2797875372
2798005222
2798005602
2798005612
2798005642
2798038202
2798038252
2798071622
2798071632
2798071642
2798071652
2798071662
2798071672
2798120892
2798121022
2798152422
2798330672
2798330692
2798338782
2798363702
2798363712
2798363732
2798391562
2798391582
2798391682
2798406702
2798406712
2798406722
2798406732
2798406792
2798406822
2798406832
2798406852
2798406872
2798453332
2798453382
2798471652
2798471662
2798471672
2798471682
2798471692
2798471702
2798471712
2798471722
2798471732
2798471742
2798471752
2798471762
2798471772
2798471782
2798471792
2798471802
2798471832
2798471842
2798471852
2798471862
2798471882
2798471892
2798471902
2798471912
2798471922
2798471932
2798471942
2798471952
2798471962
2798471972
2798471982
2798472012
2798472022
2798472032
2798472042
2798472052
2798472062
2798472072
2798472082
2798472092
2798472102
2798474112
2798474132
2798474142
2798474152
2798506102
2798506112
2798506122
2798506132
2798506142
2798506152
2798506162
2798535162
2798535172
2798545022
2798545122
2798545172
2798551722
2798568162
2798568172
2798568182
2798568192
2798568202
2798568212
2798568222
2798568252
2798568262
2798579722
2798579732
2798579742
2798579752
2798579762
2798579772
2798579782
2798579792
2798579812
2798579822
2798579832
2798579842
2798579852
2798579862
2798579872
2798579882
2798579892
2798580172
2798580182
2798580192
2798580202
2798580212
2798580222
2798580232
2798580242
2798580252
2798582442
2798582452
2798582462
2798582482
2798582492
2798582502
2798582512
2798612582
2798612592
2798612602
2798612612
2798630892
2798660222
2798674382
2798674392
2798674402
2798674422
2798674432
2798674442
2798679642
2798679652
2798679662
2798679672
2798679682
2798679692
2798679702
2798679712
2798679722
2798679732
2798679742
2798679752
2798679762
2798679772
2798679782
2798679792
2798679802
2798689212
2798689332
2798711422
2798711582
2798723672
2798723682
2798723692
2798723702
2798740352
2798740362
2798740372
2798740382
2798740432
2798740442
2798740452
2798753672
2798758822
2798758832
2798758842
2798758932
2798758952
2798808062
2798808072
2798808082
2798808092
2798808102
2798808112
2798822532
2798822542
2798822602
2798832252
2798836472
2798836482
2798836492
2798836502
2798836522
2798842522
2798842532
2798842542
2798842552
2798842572
2798842592
2798842602
2798842662
2798843782
2798848472
2798858322
2798858332
2798858342
2798858362
2798858382
2798858402
2798858412
2798858422
2798858472
2798858492
2798858502
2798858512
2798870792
2798870802
2798870812
2798870822
2798870832
2798870842
2798870852
2798870862
2798870872
2798870882
2798870892
2798870902
2798870912
2798870922
2798870932
2798870942
2798870952
2798870962
2798870972
2798870982
2798870992
2798871002
2798871012
2798871022
2798871032
2798871042
2798871052
2798871062
2798871072
2798871082
2798871092
2798871102
2798871112
2798871122
2798871132
2798871142
2798871152
2798871162
2798871172
2798871192
2798871202
2798871212
2798900982
2798903222
2798903232
2798903242
2798903252
2798903262
2798903272
2798903282
2798903292
2798903302
2798903312
2798903322
2798903332
2798903342
2798903352
2798903362
2798903392
2798903402
2798903412
2798903422
2798904722
2798904732
2798904742
2798904752
2798904762
2798904772
2798904782
2798904792
2798904802
2798904812
2798904822
2798904832
2798904842
2798904852
2798904862
2798904872
2798904882
2798904892
2798904902
2798904912
2798904922
2798904932
2798904942
2798904952
2798904962
2798904972
2798904982
2798909802
2798909822
2798909852
2798909862
2798909872
2798909882
2798909892
2798909902
2798909912
2798909932
2798909942
2798909962
2798912952
2798913082
2798922792
2798922802
2798922872
2798922942
2798929372
2798981892
2798981902
2798981922
2798981932
2798997652
2798997662
2798997672
2798997682
2798997692
2798997702
2798997712
2798997722
2798997732
2798997742
2798997752
2798997762
2798997772
2798997782
2798997792
2798997802
2798997812
2798997822
2798997832
2798997862
2798997932
2798997942
2798997952
2798997962
2798997972
2798997982
2798997992
2798998002
2798998012
2798998062
2799018102
2799018122
2799018132
2799018152
2799018162
2799020712
2799020762
2799020792
2799020802
2799020812
2799048212
2799048222
2799048302
2799089342
2799089352
2799089362
2799116292
2799157942
2799157992
2799158002
2799158012
2799158022
2799158032
2799158042
2799158172
2799158182
2799158272
2799180742
2799180752
2799180762
2799180772
2799180782
2799180802
2799180812
2799180822
2799180832
2799180842
2799180852
2799180862
2799180872
2799180882
2799180892
2799180902
2799180912
2799180922
2799192962
2799192972
2799192982
2799192992
2799194372
2799194382
2799194392
2799198232
2799350742
2799405352
2799427232
2799427242
2799427252
2799427262
2799427272
2799427292
2799458002
2799458012
2799458032
2799458052
2799486242
2799514502
2799535612
2799535622
2799535632
2799559702
2799559712
2799559722
2799559732
2799601872
2799601882
2799601892
2799634792
2799634802
2799634812
2799634822
2799634852
2799634862
2799634872
2799634882
2799635262
2799635292
2799639172
2799639182
2799639192
2799640732
2799640962
2799640982
2799640992
2799641002
2799641012
2799641022
2799641042
2799641062
2799641072
2799643092
2799643152
2799664272
2799680352
2799680362
2799680372
2799689782
2799689812
2799689822
2799689832
2799689852
2799729632
2799729652
2799729682
2799729692
2799729722
2799741682
2799741692
2799741702
2799741712
2799741722
2799741732
2799741742
2799741752
2799741762
2799741772
2799741782
2799762152
2799767152
2799767162
2799767172
2799767212
2799767222
2799767242
2799775752
2799775762
2799775772
2799775782
2799775792
2799775802
2799775812
2799775822
2799775832
2799775872
2799775882
2799775892
2799775902
2799775912
2799775922
2799775932
2799775942
2799775952
2799775962
2799775972
2799775982
2799800612
2799800622
2799827612
2799827622
2799827632
2799831732
2799831742
2799831752
2799831762
2799831782
2799831792
2799831862
2799848342
2799848352
2799848362
2799848382
2799848452
2799848462
2799848482
2799848592
2799848612
2799848632
2799848662
2799897392
2799911642
2799911652
2799911662
2799911672
2799911682
2799911692
2799911702
2799911712
2799911722
2799911732
2799911742
2799948562
2799948572
2799962002
2799962022
2800004412
2800004422
2800004432
2800004442
2800004452
2800123762
2800130272
2800130282
2800132602
2800132612
2800132622
2800132662
2800132692
2800132702
2800132712
2800132722
2800132732
2800132742
2800160852
2800160862
2800163762
2800163802
2800163812
2800163822
2800163832
2800163842
2800163852
2800163872
2800187002
2800242182
2800242192
2800242202
2800242212
2800505682
2800519042
2800519212
2800519222
2800519232
2800519242
2800519252
2800519262
2800519272
2800519312
2800519322
2800530472
2800530482
2800530492
2800530512
2800530532
2800530542
2800530622
2800530632
2800530642
2800530682
2800530712
2800530722
2800530752
2800530912
2800531172
2800531182
2800531192
2800531202
2800531212
2800531222
2800531232
2800531242
2800531262
2800531272
2800531282
2800531292
2800531302
2800531312
2800531322
2800531332
2800531342
2800531352
2800531362
2800531372
2800531382
2800531392
2800531402
2800531412
2800531422
2800531612
2800531622
2800531662
2800531722
2800531752
2800531812
2800531852
2800594342
2800605282
2800605292
2800605302
2800605312
2800624142
2800626092
2800626102
2800626112
2800626122
2800626132
2800626142
2800626152
2800626162
2800626172
2800626182
2800626192
2800626202
2800626212
2800626222
2800626232
2800626242
2800626252
2800626262
2800626272
2800660102
2800666992
2800667072
2800667082
2800667112
2800667132
2800667142
2800667152
2800667212
2800667232
2800667242
2800667252
2800667262
2800667272
2800667282
2800667292
2800667302
2800667312
2800667322
2800667332
2800667472
2800667482
2800667492
2800667662
2800667672
2800667682
2800667702
2800667712
2800667722
2800667732
2800668942
2800668952
2800668962
2800675592
2800686752
2800686782
2800702892
2800702902
2800702912
2800702922
2800702982
2800702992
2800713222
2800713252
2800713272
2800713282
2800716422
2800716432
2800716442
2800716452
2800716462
2800716472
2800716492
2800716512
2800716522
2800716532
2800774332
2800774342
2800774352
2800774362
2800774372
2800774392
2800774402
2800774412
2800774422
2800774432
2800774442
2800774462
2800774472
2800774492
2800774502
2800774512
2800774522
2800774532
2800774542
2800774562
2800774572
2800774582
2800774592
2800774602
2800774612
2800774622
2800774632
2800774642
2800774652
2800774672
2800774682
2800774692
2800786802
2800786862
2800786922
2800834322
2800834482
2800834492
2800834502
2800838162
2800838172
2800838252
2800838262
2800927542
2800933452
2800933462
2800933472
2800933482
2800933532
2800933572
2800937842
2800937852
2800941482
2800941492
2800941502
2800941522
2800941552
2800941572
2800941592
2800941612
2800941642
2800941662
2800941692
2800941712
2800941732
2800941752
2801000452
2801000462
2801000492
2801000502
2801000512
2801000522
2801000682
2801000692
2801000722
2801000732
2801000752
2801000762
2801015122
2801015192
2801015202
2801017232
2801017242
2801017252
2801017602
2801017612
2801017632
2801017672
2801017752
2801050712
2801050722
2801050732
2801050742
2801050752
2801050762
2801050772
2801050782
2801124422
2801124432
2801124442
2801124452
2801124462
2801124472
2801124482
2801124492
2801124502
2801124512
2801124522
2801124532
2801124542
2801124552
2801124562
2801124572
2801124582
2801124592
2801124602
2801124612
2801124622
2801124632
2801124642
2801124652
2801140082
2801140122
2801140142
2801140172
2801140182
2801140192
2801140202
2801140212
2801140222
2801140232
2801140242
2801140252
2801140262
2801140272
2801140282
2801140292
2801140302
2801140312
2801155732
2801155742
2801155752
2801155762
2801155782
2801155802
2801155822
2801155832
2801155842
2801155852
2801155862
2801155872
2801155882
2801155892
2801155902
2801155912
2801155922
2801162912
2801162932
2801162952
2801162962
2801164172
2801193502
2801193522
2802246922
2802246932
2802246942
2802246952
2802246962
2802247052
2802247062
2802247072
2802247092
2802247132
2802247142
2802625592
2802625602
2802625622
2802625662
2802625702
2802625732
2802625752
2802625782
2802625842
2802625872
2802625892
2802625922
2802625932
2802625942
2802625982
2802625992
2802626002
2802630572
2802630582
2802634632
2802675322
2802675402
2802706412
2802706462
2802706482
2802706512
2802706522
2802706532
2802706542
2802706552
2802706572
2802706592
2802706602
2802706642
2802706652
2802706662
2802706682
2802706722
2802706752
2802706772
2802706802
2802706812
2802737532
2802737572
2802737582
2802737592
2802808672
2802810112
2802810122
2802810162
2802810172
2802810192
2802810202
2802810212
2802842942
2802842952
2802842962
2802842972
2802842982
2802842992
2802843002
2802843012
2802843022
2802843032
2802843042
2802843052
2802843062
2802851042
2802851052
2802851062
2802851072
2802851082
2802851092
2802851102
2802851112
2802851122
2802851132
2802851252
2802851322
2802851352
2802851372
2802851432
2802851452
2802896232
2802896242
2802896252
2802896262
2802896272
2802896282
2802896302
2802896312
2802904662
2802918412
2802918422
2802918442
2802918452
2802918462
2802918472
2802918482
2802918492
2802918622
2802938382
2802961072
2802997472
2802997482
2802997522
2802997532
2802997542
2803047172
2803047182
2803047192
2803047202
2803047212
2803047222
2803047232
2803047242
2803047252
2803047262
2803047272
2803047282
2803071512
2803071552
2803071562
2803078712
2803078722
2803078732
2803078742
2803078752
2803078762
2803097542
2803098022
2803120152
2803120182
2803120212
2803146222
2803150422
2803150432
2803151772
2803151782
2803151792
2803166102
2803166112
2803189042
2803189052
2803189062
2803189072
2803189082
2803189092
2803189102
2803189112
2803189132
2803189162
2803189172
2803189192
2803189202
2803189212
2803189222
2803236832
2803236842
2803236852
2803236862
2803246872
2803246962
2803247582
2803247592
2803247602
2803247652
2803247662
2803258722
2803288202
2803288222
2803288242
2803288262
2803288282
2803288302
2803288322
2803288342
2803288352
2803288372
2803290672
2803290792
2803292412
2803292422
2803292432
2803292442
2803292452
2803292462
2803292472
2803292482
2803292492
2803297252
2803558632
2803566072
2803566092
2803572962
2803573022
2803583092
2803583102
2803583112
2803583122
2803583132
2803597992
2803598052
2803598062
2803598072
2803598082
2803598092
2803598102
2803598112
2803598122
2803598132
2803598142
2803598152
2803598162
2803601632
2803601642
2803601652
2803601662
2803601672
2803613522
2803626312
2803632142
2803632362
2803632372
2803651902
2803651912
2803651932
2803651942
2803651962
2803651972
2803652002
2803652012
2803652032
2803652042
2803652062
2803652072
2803652102
2803652112
2803652142
2803652152
2803652162
2803652182
2803652192
2803652202
2803652212
2803652222
2803652242
2803652252
2803652282
2803652322
2803652332
2803652382
2803652422
2803654972
2803654992
2803655002
2803655012
2803662362
2803705182
2803705652
2803729982
2803730002
2803730012
2803741622
2803741632
2803741642
2803741652
2803741662
2803741672
2803741682
2803741692
2803741702
2803771222
2803771232
2803771242
2803771252
2803771262
2803771272
2803771282
2803771292
2803771302
2803771312
2803771352
2803771362
2803771402
2803771412
2803771422
2803771432
2803771442
2803771452
2803776572
2803776582
2803776592
2803776602
2803776612
2803776652
2803779092
2803779112
2803779132
2803779142
2803779152
2803779162
2803779172
2803779212
2803779252
2803779272
2803779282
2803792262
2803792272
2803792282
2803792292
2803792302
2803792312
2803792322
2803792332
2803830542
2803852262
2803852292
2803852302
2803852322
2803852342
2803852352
2803852392
2803899142
2803899152
2803899162
2803899172
2803899182
2803899272
2803899282
2803899292
2803899302
2803923272
2803923292
2803923332
2803942692
2803947822
2803947832
2803958462
2803958482
2803958502
2803964542
2803982832
2804004482
2804004502
2804004922
2804016852
2804016882
2804016902
2804016912
2804016922
2804016982
2804016992
2804017002
2804017012
2804017512
2804017612
2804017622
2804021322
2804021352
2804021402
2804021412
2804021442
2804021452
2804021462
2804021472
2804023012
2804023022
2804023032
2804023042
2804068952
2804069012
2804069042
2804069052
2804069062
2804069072
2804069082
2804069102
2804069122
2804069152
2804069232
2804069262
2804069312
2804089972
2804089982
2804089992
2804090002
2804090262
2804090292
2804090302
2804090322
2804090332
2804090342
2804090352
2804090372
2804090382
2804112702
2804112722
2804128522
2804128542
2804128562
2804128572
2804156272
2804156302
2804156322
2804257912
2804274562
2804274582
2804277942
2804277952
2804277962
2804277972
2804277992
2804289022
2804289032
2804289042
2804289052
2804289062
2804293012
2804293052
2804293062
2804306592
2804306602
2804306612
2804306622
2804306632
2804306652
2804306662
2804306672
2804306682
2804306692
2804306702
2804306712
2804306722
2804306742
2804306752
2804306762
2804306772
2804306782
2804306792
2804306802
2804306812
2804306822
2804306832
2804306842
2804306852
2804306862
2804346312
2804508552
2804514422
2804514462
2804514472
2804514502
2804514512
2804514522
2804514532
2804514542
2804514562
2804514572
2804514582
2804514632
2804514642
2804514652
2804525692
2804525762
2804602722
2804602742
2804602752
2804633602
2804649052
2804649062
2804649072
2804649082
2804649122
2804676652
2804676662
2804676672
2804676682
2804676692
2804676702
2804676712
2804676722
2804676732
2804676742
2804676752
2804676762
2804676772
2804676782
2804676792
2804676802
2804702892
2804702902
2804702952
2804702962
2804703002
2804707022
2804707032
2804707052
2804707092
2804707102
2804707172
2804707662
2804707672
2804707682
2804707722
2804707732
2804707742
2804707752
2804722802
2804722812
2804722822
2804722832
2804722842
2804722852
2804722862
2804722872
2804722952
2804722992
2804723002
2804723012
2804723042
2804723052
2804723062
2804723072
2804769832
2804769842
2804769852
2804780102
2804780282
2804780302
2804786952
2804787032
2804788822
2804788872
2804788882
2804797412
2804797422
2804834642
2804834662
2804856272
2804856282
2804856292
2804869542
2804869552
2804937642
2804944462
2804949782
2804949792
2804949802
2804949822
2804949832
2804949842
2804955062
2804955072
2804955082
2804955092
2804955102
2804994972
2804998162
2804998202
2804998222
2804998512
2804998522
2804998542
2805017212
2805017222
2805030792
2805040372
2805040382
2805040392
2805040402
2805040412
2805040442
2805040452
2805071112
2805071122
2805071132
2805071162
2805071172
2805071182
2805071192
2805118282
2805118292
2805118302
2805118312
2805118322
2805118332
2805118342
2805118352
2805118372
2805118382
2805118392
2805134742
2805134752
2805134762
2805134772
2805134782
2805134812
2805134822
2805134842
2805134882
2805134892
2805134902
2805134912
2805136102
2805136122
2805136132
2805136142
2805136152
2805136192
2805136202
2805136212
2805136222
2805136232
2805137622
2805146562
2805146592
2805146612
2805146632
2805146642
2805146652
2805146662
2805146672
2805146682
2805146692
2805146702
2805146712
2805146722
2805146732
2805146742
2805146752
2805151572
2805151612
2805152652
2805152672
2805152692
2805157722
2805169102
2805182542
2805182552
2805182562
2805182572
2805182582
2805182592
2805182602
2805182612
2805182622
2805182632
2805182652
2805182662
2805182672
2805182682
2805182692
2805182722
2805182732
2805182832
2805182842
2805182872
2805182882
2805182962
2805182972
2805182982
2805183002
2805183022
2805236852
2805237582
2805237702
2805238262
2805239882
2805320922
2805320952
2805321032
2805321042
2805325132
2805328002
2805328012
2805328492
2805328502
2805328512
2805328522
2805328532
2805343722
2805343732
2805343742
2805343752
2805343762
2805343772
2805346132
2805346142
2805346152
2805346892
2805346902
2805346912
2805346922
2805346932
2805346942
2805346952
2805346992
2805353862
2805353912
2805353942
2805354352
2805355002
2805355012
2805355462
2805355472
2805355512
2805359192
2805359202
2805359212
2805359372
2805360322
2805360332
2805360352
2805369222
2805392662
2805392672
2805392682
2805392692
2805392702
2805392712
2805392722
2805392732
2805392742
2805392752
2805392762
2805392772
2805392782
2805392792
2805438732
2805438772
2805438802
2805438812
2805438852
2805439012
2805439022
2805439042
2805439082
2805439092
2805439102
2805458762
2805458772
2805473492
2805473542
2805473562
2805473572
2805490782
2805490812
2805490822
2805490832
2805490842
2805490852
2805514862
2805514952
2805514972
2805514982
2805514992
2805515002
2805515032
2805515052
2805515192
2805517972
2805517982
2805517992
2805518002
2805518012
2805526742
2805546452
2805546462
2805546472
2805546482
2805546492
2805546502
2805546512
2805546522
2805546532
2805574042
2805574052
2805574062
2805574072
2805574082
2805574092
2805574102
2805594322
2805594352
2805597672
2805597682
2805597692
2805597702
2805597712
2805597722
2805597732
2805597742
2805597752
2805597762
2805597772
2805597782
2805597792
2805597802
2805597812
2805597822
2805597832
2805597842
2805597852
2805597862
2805597872
2805597882
2805598372
2805598382
2805598392
2805598402
2805628592
2805628602
2805628612
2805628622
2805662382
2805662392
2805662402
2805662422
2805692502
2805692512
2805692522
2805692532
2805692542
2805692552
2805692562
2805692572
2805692582
2805692592
2805692602
2805692612
2805692622
2805692632
2805692642
2805692652
2805692672
2805692682
2805692692
2805692702
2805692712
2805692722
2805692732
2805692742
2805692752
2805692842
2805692852
2805692872
2805705172
2805739782
2805739792
2805771612
2805771622
2805771632
2805782522
2805782562
2805787102
2805787112
2805787122
2805787232
2805797172
2805797182
2805797192
2805797202
2805797262
2805797282
2805801932
2805801942
2805801952
2805801962
2805801982
2805817322
2805817372
2805817432
2805817502
2805821072
2805823222
2805823252
2805834822
2805844142
2805858812
2805858822
2805858832
2805858842
2805858852
2805858872
2805858882
2805858892
2805858902
2805858912
2805858922
2805858932
2805858952
2805858962
2805858972
2805859002
2805859012
2805859022
2805859032
2805859042
2805859052
2805859062
2805859072
2805859092
2805859102
2805859112
2805859122
2805859132
2805859142
2805859152
2805859162
2805859172
2805859182
2805859192
2805859202
2805859212
2806266312
2807170262
2807170282
2807177612
2807177622
2807177632
2807177642
2807177652
2807177662
2807177672
2807177682
2807177782
2807177792
2807177802
2807177812
2810812682
2810812692
2810812702
2810812712
2810812722
2810812872
2810812882
2810812892
2810812932
2810812942
2810887302
2812289302
2812289322
2812289332
2812289342
2813695692
2813695722
2813695772
2813695852
2813695922
2813695952
2813695972
2813696062
2813696072
2815385892
2815715332
2815715342
2815715362
2815715372
2815715382
2815715392
2815715402
2816350382
2816350392
2816350412
2816350592
2816350602
2816350612
2816352082
2816462462
2816462472
2816462482
2816462512
2816462532
2816462562
2817195302
2817195312
2817195322
2817195332
2817195342
2817195352
2817195362
2817195372
2817195382
2817195392
2817243512
2817243772
2817454212
2817454372
2817626922
2817626932
2817626942
2817626952
2817627002
2817627012
2817627022
2822314452
2822315112
2824375422
2824375432
2824375442
2824375542
2824375552
2824375562
2825295792
2825295812
2825621242
2825867982
2825867992
2825921162
2825921232
2825921252
2825921262
2825921272
2825921282
2825921292
2825921302
2825921352
2825921362
2825921382
2825921392
2825921422
2825943842
2826341842
2826341862
2826341872
2826341892
2826341922
2826341932
2826341942
2826341952
2826341962
2826341972
2826341982
2826341992
2826342012
2826342022
2826342032
2826342042
2826479722
2826479732
2826479742
2826479752
2826479762
2826479772
2830835602
2830835612
2830835692
2830835702
2830835722
2830835782
2830860962
2830860972
2830860982
2830861002
2830861022
2830861032
2830861042
2830924012
2830924162
2830959662
2830959672
2830959682
2830959692
2830960022
2830960042
2830960052
2830960062
2831772902
2831772912
2831772922
2831772932
2831772942
2831772952
2832302852
2832302982
2832302992
2832303002
2832303012
2832303022
2832303042
2832303052
2832303062
2832303072
2832303082
2832303092
2832303102
2832303112
2832303122
2832303132
2832303162
2832303182
2832303342
2832303352
2832303362
2832303372
2832303382
2832303392
2833311502
2833311512
2833311532
2833311542
2833311582
2833354242
2833354252
2833354262
2833354292
2835383452
2835383492
2835383502
2835383512
2835383522
2835700572
2836087732
2836087762
2836087782
2836087802
2836087812
2836087822
2836087832
2836087842
2836087862
2836087882
2836087892
2836087902
2836087912
2836087922
2836087932
2836087942
2836087952
2836087962
2836087972
2836088002
2836088032
2836088042
2836088052
2836088062
2836088072
2836088082
2836088092
2836088102
2836088112
2836993232
2836993362
2836993382
2836993412
2838242662
2838242672
2838242682
2838242692
2838242702
2838242712
2838242722
2838242732
2838242742
2838242752
2838242762
2838242772
2838242782
2838242792
2838242802
2838242812
2838242842
2838242862
2838242872
2838242882
2838242892
2838243732
2838243742
2838243752
2838243762
2838243922
2838243932
2838243962
2838243982
2838244022
2838244062
2838244112
2838244122
2838244132
2838244142
2838244162
2838244172
2838244182
2838244192
2838244202
2840260452
2840260462
2840260472
2840260482
2840260492
2840260502
2840260512
2840260522
2840260532
2840260542
2840260552
2840260562
2840330642
2840330652
2840330662
2840330672
2840330682
2840330692
2840330702
2840330712
2840330722
2840330732
2840330742
2840330752
2840330762
2840330772
2840330782
2840330792
2840330802
2840330812
2840523082
2840523092
2840523242
2840523322
2840523342
2840523362
2840523382
2840523432
2841008882
2841008892
2841008902
2841008912
2841008922
2841008932
2841008952
2841008962
2841008972
2841008982
2841008992
2841009002
2841009012
2841009062
2841009072
2842296042
2842296062
2842296072
2842296082
2842296092
2842414592
2842414602
2842414732
2843525112
2843525132
2843525212
2843525222
2843525232
2843525242
2843525252
2843525262
2843525272
2843525282
2843525292
2843525302
2843525312
2843525322
2843525332
2843525572
2843525582
2843525602
2843525612
2843525622
2843525632
2843525642
2843525652
2843525662
2843525672
2843525692
2843525702
2843525712
2843525722
2843583642
2843583662
2843612072
2843612112
2843612122
2843612132
2843612142
2843612152
2844014922
2844015122
2844015232
2846423792
2846423802
2846423812
2847385852
2849613732
2850991232
2850991372
2850991432
2850991442
2850991532
2850991592
2850991652
2850991712
2850991732
2850991742
2850991792
2850991812
2850991872
2851019822
2851019832
2851019842
2851019852
2851019862
2851019882
2851019902
2851019932
2851019942
2851019962
2851060472
2851060512
2851060532
2851060552
2851100092
2851100212
2851100242
2851100642
2851100662
2851100672
2851526772
2852123372
2852246732
2852251232
2852535742
2855050752
2855050762
2855050772
2855050782
2855217522
2855217532
2855217542
2855434982
2855434992
2855435002
2855435012
2855435062
2855435102
2857008752
2857052762
2857052782
2857436422
2857436522
2857436532
2857436542
2857436552
2857515952
2861123362
2862225502
2863630832
2863630852
2863761912
2863761922
2863761932
2863761942
2863761952
2863761962
2863761972
2863761982
2863761992
2863762002
2863762012
2863762022
2863762032
2863762042
2863762052
2863762062
2863762072
2863762082
2863762092
2863762102
2863762112
2863762122
2863762132
2863762142
2863762152
2863762162
2863762172
2863762182
2863762192
2863762202
2863762212
2863762222
2863762232
2863762242
2863762252
2863762262
2864079742
2864079752
2864079762
2864079772
2865248632
2865248652
2865248662
2865248682
2865248712
2865248742
2865275932
2865275952
2865276002
2865276022
2865276242
2865276272
2866761972
2866761982
2866761992
2866762002
2866762022
2866762032
2866762042
2866762062
2866762072
2866762082
2866762092
2866762112
2866762132
2866762152
2867493122
2867493132
2867493142
2867493152
2867493162
2867493172
2867493182
2867493192
2867493202
2867493212
2867493222
2867493232
2867493242
2867493252
2867493262
2867910302
2867910312
2867910322
2868003532
2868003542
2868003552
2868003562
2868003572
2868003582
2868003592
2868003602
2868003622
2868003632
2868003642
2868003652
2868003662
2868003682
2868003692
2868429042
2868429592
2868748142
2868748172
2868748202
2868748252
2868748392
2868748402
2868748422
2871581672
2871581682
2872837912
2872837922
2872837932
2872837942
2872837962
2872838002
2872838012
2872838022
2872838032
2875979342
2875979352
2875979362
2876750182
2876750232
2876781332
2877059972
2877059982
2877059992
2877060072
2877060742
2877060752
2877060782
2877060792
2877060852
2877060912
2877060922
2877060932
2877060942
2877060952
2877060962
2877060972
2877060982
2877060992
2877061062
2877061072
2877061082
2877061092
2877061102
2877061112
2877061122
2877061132
2877061142
2877061152
2877061222
2877061242
2877061252
2877061272
2877061842
2877061882
2877061892
2877061952
2877061962
2877061972
2877061992
2877062002
2877062012
2877062032
2877062062
2877062102
2877062132
2877062192
2877062212
2877062242
2877062282
2877062322
2877062372
2877062382
2877062412
2877062422
2877062432
2877062442
2877062452
2877062462
2877062472
2877062482
2877062492
2877062502
2877062512
2877062522
2877062552
2877063342
2877063372
2877063722
2877063732
2877063742
2877063752
2877063762
2877063772
2877063782
2877063802
2877063812
2877063822
2877063832
2877063842
2877063852
2877064402
2877064422
2877064452
2879132192
2879132202
2879132212
2879132222
2879132232
2879132512
2879132552
2879132572
2879132582
2879133452
2879133492
2881106452
2881397442
2881397672
2881398062
2881398092
2881398122
2881398172
2882805142
2882805502
2882805592
2882898242
2882898252
2882898262
2882898272
2882898302
2882898312
2882956312
2882956322
2882956332
2882956342
2882956352
2882956482
2882956512
2883228812
2883228822
2883228862
2883228912
2883228922
2883228932
2883372992
2883373002
2883373012
2883373022
2883373032
2883373042
2883373072
2883373142
2883373152
2883466422
2883466432
2883466482
2883466532
2883466542
2883466552
2883466562
2883466592
2883466682
2883466772
2883466782
2883466792
2883466802
2883466832
2883466922
2883466932
2883466942
2883466952
2883466982
2883466992
2883467002
2883467012
2883467022
2883467052
2885199682
2885199702
2885199742
2885199762
2885199792
2886351232
2886351242
2886351252
2886351262
2886351272
2886351282
2886351292
2886351302
2886351312
2886351322
2886351332
2886351342
2886548392
2886548402
2886548412
2887261932
2887261952
2887262062
2887262072
2887262102
2887262112
2887262132
2887262142
2887262152
2887262182
2887262192
2887262212
2887262232
2887262252
2887262352
2887262362
2887262372
2887262382
2887262392
2887262402
2887262412
2888029622
2888029632
2888029702
2888029732
2888073732
2888073742
2888073752
2888073762
2888140652
2888185542
2888373332
2888373342
2888373352
2888373382
2888373402
2888373412
2888373422
2888373432
2888373472
2888973182
2890301552
2890301602
2890301622
2890301642
2891217772
2891217782
2891217792
2891217802
2891217812
2891217822
2891217832
2891217842
2891217852
2891217862
2891217872
2891217882
2891217892
2891217902
2891217912
2891217922
2891217932
2891217942
2891217952
2891217962
2891217972
2891217982
2891217992
2891218002
2891218012
2891218022
2891218032
2891388922
2891388932
2891388942
2891389032
2891389092
2891674752
2891675382
2891675392
2891675522
2891925472
2891925482
2891925492
2891925502
2891925512
2891925522
2891925542
2891925562
2891925572
2891925592
2892606192
2893179831
2893179851
2893179871
2893179881
2893179891
2893179901
2893179911
2893179921
2893179951
2893179961
2893179971
2894042041
2894228731
2894229011
2894324431
2894324451
2894691031
2894691041
2894691061
2894691071
2894691081
2894691121
2895048971
2895048981
2895048991
2895049021
2895986991
2895987041
2895987061
2895987071
2896017571
2896017591
2896017621
2896017631
2896017651
2896284621
2896284991
2896285011
2896285051
2896285071
2896285081
2896285101
2896893291
2896911141
2896911151
2896911161
2896911171
2896911181
2896911201
2897089061
2897089071
2897089211
2898194811
2898239341
2898239361
2898616971
2898616981
2898617001
2898630231
2898630391
2898630401
2898630501
2898630511
2898630521
2898630531
2898630541
2898630551
2898630561
2898630571
2898630581
2898630591
2898630841
2898641361
2898641391
2898641441
2898643461
2898643481
2898643511
2898643531
2898643591
2898643601
2898643611
2898643621
2898643631
2898643641
2898643671
2898645511
2898675621
2898675751
2898675871
2898675901
2898675921
2898675941
2898675961
2898679441
2898679461
2898679471
2898679481
2898686771
2898686791
2898687551
2898694791
2898694801
2898694811
2898703991
2898704411
2898704431
2898704441
2898704451
2898704531
2898704541
2898704551
2898704561
2898704571
2898704581
2898705011
2898705031
2898705081
2898705131
2898705171
2898705191
2898705351
2898705361
2898705371
2898705411
2898713381
2898713391
2898713401
2898713411
2898713421
2898719041
2898719051
2898719061
2898720551
2898720611
2898728911
2898730651
2898730671
2898730681
2898730691
2898730701
2898730711
2898733701
2898733711
2898733721
2898733731
2898733741
2898733751
2898733761
2898733771
2898733781
2898733791
2898733801
2898733811
2898733861
2898733871
2898733881
2898733891
2898733921
2898742601
2898743441
2898754241
2898754331
2898754341
2898754351
2898754361
2898759901
2898759921
2898759941
2898759951
2898759971
2898759991
2898760011
2898760031
2898771221
2898771261
2898771281
2898771301
2898771321
2898771441
2898815801
2898815811
2898815821
2898825111
2898825551
2898834271
2898834281
2898834291
2898834301
2898840271
2898840281
2898840291
2898840301
2898840311
2898840371
2898840381
2898840391
2898840401
2898840411
2898847921
2898847931
2898847941
2898848001
2898848011
2898848021
2898848031
2898848041
2898848051
2898848061
2898848121
2898848261
2898852091
2898852101
2898852111
2898860021
2898860031
2898860041
2898860051
2898860061
2898860071
2898860601
2898860611
2898860651
2898860661
2898860671
2898879371
2898879381
2898879391
2898879401
2898879411
2898879421
2898879431
2898879441
2898882031
2898882141
2898884031
2898884051
2898884071
2898884091
2898884151
2898885541
2898885551
2898885561
2898885741
2898885751
2898893901
2898893951
2898893991
2898894011
2898894021
2898894031
2898894051
2898894061
2898894071
2898894081
2898894091
2898894101
2898894111
2898894121
2898903521
2898903541
2898903681
2898903691
2898903701
2898903711
2898903721
2898907351
2898907401
2898907491
2898907501
2898907511
2898914111
2898914551
2898914561
2898914571
2898914581
2898914591
2898914601
2898914611
2898914621
2898914631
2898918101
2898918121
2898918131
2898918171
2898918181
2898920561
2898920621
2898920631
2898920681
2898920741
2898920801
2898922911
2898923541
2898923591
2898923601
2898923611
2898923621
2898923641
2898923651
2898923661
2898923671
2898923681
2898923691
2898930751
2898959491
2898961691
2898963441
2898963461
2898963481
2898963501
2898963541
2898963551
2898963561
2898963571
2898963581
2898963611
2898984651
2898984661
2898985841
2898985851
2898985861
2898991071
2898991081
2898991101
2898991111
2898991121
2898991131
2898991141
2898991151
2898991161
2898991171
2898991181
2898992051
2898992061
2898992071
2898994901
2898994911
2898994921
2898999041
2898999061
2898999961
2898999971
2898999981
2899000061
2899000071
2899000081
2899000091
2899000101
2899000111
2899000221
2899002491
2899002521
2899002531
2899002541
2899002551
2899002561
2899002571
2899002581
2899004901
2899004911
2899004921
2899004931
2899004941
2899004951
2899008601
2899016691
2899016721
2899016731
2899017921
2899017971
2899017981
2899018081
2899018161
2899018171
2899018211
2899018231
2899018241
2899018261
2899036871
2899036881
2899036891
2899036901
2899036911
2899040101
2899040121
2899040131
2899040141
2899048581
2899048591
2899048601
2899048611
2899048621
2899048631
2899048651
2899048671
2899048681
2899048691
2899062061
2899062071
2899062081
2899062151
2899062161
2899062171
2899062181
2899062191
2899064671
2899064721
2899064811
2899065101
2899065111
2899065121
2899065131
2899065141
2899065151
2899065161
2899065181
2899071541
2899071551
2899071581
2899071651
2899071691
2899071701
2899071731
2899079701
2899080641
2899080651
2899080691
2899080701
2899080711
2899080721
2899080731
2899080741
2899080761
2899098571
2899106181
2899106191
2899106201
2899106241
2899114031
2899114041
2899114061
2899114081
2899114131
2899114141
2899114181
2899118101
2899118111
2899118121
2899118131
2899118141
2899118151
2899118161
2899118181
2899118191
2899118201
2899118211
2899118221
2899118231
2899118241
2899118251
2899118261
2899118271
2899118281
2899118291
2899118301
2899118311
2899118321
2899118331
2899118341
2899130281
2899130291
2899130301
2899130341
2899130351
2899130361
2899130371
2899130381
2899130391
2899134991
2899135001
2899135011
2899135021
2899135031
2899135041
2899135051
2899135061
2899135071
2899135081
2899135091
2899135101
2899135111
2899135121
2899135131
2899135141
2899135151
2899135161
2899135171
2899135181
2899135191
2899135201
2899135211
2899135221
2899135391
2899135531
2899135541
2899135551
2899135561
2899135571
2899135581
2899135591
2899135601
2899135611
2899135621
2899137301
2899137321
2899137341
2899137361
2899137411
2899141351
2899141511
2899142481
2899142491
2899142501
2899156621
2899156631
2899156641
2899156651
2899156661
2899156671
2899157181
2899166271
2899166391
2899166411
2899170821
2899170841
2899171981
2899172191
2899172201
2899172411
2899172421
2899172431
2899172521
2899172531
2899172541
2899172551
2899172591
2899172611
2899176771
2899176781
2899176791
2899176801
2899176821
2899176831
2899176841
2899176851
2899176861
2899177341
2899177381
2899177391
2899177411
2899177621
2899177631
2899177661
2899177681
2899177691
2899177701
2899177721
2899177731
2899177761
2899177771
2899177781
2899177791
2899177801
2899180711
2899180811
2899180821
2899180831
2899181201
2899181341
2899181371
2899181381
2899186211
2899186231
2899187551
2899189581
2899189591
2899189601
2899189611
2899191411
2899191421
2899191461
2899191471
2899191481
2899191491
2899191501
2899191541
2899194271
2899194281
2899194291
2899194301
2899197381
2899197391
2899197401
2899197411
2899197431
2899197441
2899197471
2899197991
2899198001
2899199311
2899205041
2899205051
2899205081
2899205091
2899205101
2899205111
2899205121
2899205131
2899205141
2899205151
2899205161
2899205171
2899205181
2899205191
2899205201
2899206031
2899206041
2899206091
2899206121
2899207161
2899208311
2899208321
2899208331
2899208841
2899208851
2899208861
2899208961
2899208971
2899216681
2899216691
2899216701
2899216711
2899216721
2899216731
2899216751
2899231411
2899231431
2899231461
2899231481
2899231491
2899231501
2899231511
2899231521
2899231531
2899231541
2899231561
2899236321
2899236391
2899236401
2899236421
2899236431
2899236441
2899236481
2899239321
2899239371
2899243991
2899244001
2899244011
2899244021
2899244031
2899244041
2899244051
2899244061
2899244071
2899244081
2899244091
2899244101
2899244111
2899244121
2899244131
2899244141
2899244571
2899244581
2899244591
2899244601
2899244611
2899245531
2899247761
2899247771
2899247781
2899248091
2899248131
2899248151
2899252231
2899252241
2899252251
2899252261
2899256071
2899256101
2899256141
2899256151
2899256221
2899256341
2899273091
2899273101
2899278491
2899279691
2899279701
2899279711
2899279721
2899279731
2899279811
2899284911
2899285001
2899285011
2899285021
2899285031
2899285041
2899285051
2899286891
2899286901
2899286911
2899286921
2899286931
2899286941
2899298241
2899298261
2899298271
2899298281
2899298291
2899298301
2899298331
2899298361
2899298371
2899298381
2899298391
2899299271
2899299281
2899299291
2899299301
2899299311
2899299341
2899308311
2899308321
2899308331
2899308341
2899308351
2899313151
2899313251
2899313281
2899315401
2899315411
2899315531
2899315541
2899315551
2899315561
2899315571
2899315581
2899315591
2899315601
2899315611
2899315621
2899315631
2899322571
2899322611
2899322621
2899323061
2899323071
2899323081
2899323091
2899323131
2899323141
2899323151
2899323161
2899323171
2899325201
2899325211
2899325221
2899325231
2899325241
2899325251
2899325261
2899325271
2899325281
2899325291
2899325301
2899325321
2899325331
2899325341
2899325351
2899325361
2899325371
2899326381
2899326461
2899326471
2899326481
2899326491
2899326531
2899326541
2899326551
2899326561
2899326571
2899326581
2899326611
2899326621
2899328321
2899328331
2899328341
2899328351
2899328361
2899328371
2899328381
2899328391
2899328401
2899328411
2899328421
2899332991
2899333131
2899333681
2899333701
2899336291
2899336301
2899336311
2899336321
2899336331
2899337051
2899337071
2899345191
2899345201
2899370201
2899370211
2899370221
2899370231
2899370241
2899370251
2899370401
2899374841
2899374851
2899374881
2899374911
2899374921
2899374931
2899377001
2899377091
2899377121
2899388151
2899402291
2899407061
2899415021
2899418821
2899418831
2899418841
2899418851
2899418861
2899418871
2899418881
2899418901
2899418911
2899418921
2899418931
2899418941
2899418951
2899418961
2899418971
2899418981
2899422251
2899438921
2899438931
2899438951
2899447431
2899447481
2899447641
2899463071
2899463191
2899463291
2899463331
2899464001
2899464021
2899468091
2899468141
2899468161
2899470691
2899470701
2899470771
2899470791
2899470801
2899470811
2899501921
2899501931
2899501941
2899501951
2899501961
2899501971
2899501981
2899501991
2899502001
2899502011
2899520881
2899520891
2899520901
2899520931
2899520941
2899520951
2899520961
2899520971
2899520981
2899527121
2899527211
2899527251
2899528581
2899528601
2899528611
2899528651
2899528661
2899528701
2899528741
2899536791
2899536831
2899536851
2899537221
2899537231
2899537241
2899537251
2899538651
2899538671
2899538771
2899539351
2899539411
2899539421
2899539431
2899539491
2899539511
2899539551
2899539601
2899558691
2899558701
2899558711
2899558721
2899558731
2899558751
2899558771
2899558841
2899561171
2899571481
2899571491
2899571501
2899571511
2899571521
2899571531
2899571541
2899571551
2899571561
2899571571
2899571581
2899571591
2899571601
2899571611
2899571621
2899571631
2899571641
2899601371
2899601381
2899601391
2899620921
2899620931
2899620941
2899620951
2899620961
2899620971
2899634341
2899634351
2899634361
2899634371
2899634401
2899634411
2899634441
2899634481
2899634491
2899634501
2899634511
2899634521
2899634531
2899634541
2899634551
2899634561
2899634571
2899634581
2899634591
2899634601
2899635061
2899663321
2899663331
2899663341
2899663351
2899663361
2899663371
2899663381
2899663391
2899663401
2899663411
2899668081
2899668091
2899668101
2899668121
2899668131
2899671821
2899671841
2899692981
2899693001
2899693011
2899693021
2899693031
2899693041
2899693051
2899693101
2899700311
2899700321
2899700361
2899700371
2899700381
2899700391
2899729791
2899729801
2899729811
2899729821
2899729831
2899729841
2899729851
2899729861
2899737651
2899737661
2899737671
2899737691
2899737771
2899737781
2899737791
2899737801
2899737811
2899741361
2899741371
2899757351
2899757381
2899757391
2899757431
2899757441
2899757451
2899763401
2899763411
2899763421
2899763451
2899763461
2899763471
2899763481
2899763491
2899763501
2899774151
2899774161
2899774171
2899774181
2899783461
2899783511
2899801301
2899803071
2899811771
2899811781
2899811791
2899811801
2899811811
2899815301
2899822521
2899822691
2899836641
2899836651
2899836661
2899836711
2899836721
2899860401
2899860411
2899882651
2899882661
2899882671
2899882681
2899882741
2899882751
2899882761
2899882771
2899882781
2899882791
2899882811
2899882831
2899883761
2899883771
2899883781
2899883791
2899883801
2899883811
2899883821
2899883831
2899883841
2899886591
2899886601
2899886611
2899886621
2899886661
2899886671
2899886681
2899900311
2899900321
2899900331
2899900341
2899900351
2899900361
2899900371
2899900391
2899900411
2899900421
2899900431
2899901561
2899901581
2899901601
2899901631
2899901681
2899901741
2899901761
2899901781
2899903291
2899903301
2899903311
2899903331
2899921411
2899921421
2899921431
2899921771
2899921781
2899921791
2899921801
2899921811
2899921821
2899921831
2899921841
2899921861
2899921881
2899921901
2899921921
2899921941
2899921951
2899921961
2899921971
2899931151
2899931181
2903859231
2903859241
2903859251
2904218401
2904218411
2904218421
2904218431
2904218471
2904307361
2904307391
2904307411
2904307451
2904307471
2904307491
2904307501
2904307521
2904307531
2904307541
2904307561
2904307581
2904307591
2904307601
2904307611
2904307621
2904307631
2904307641
2904307651
2904307661
2904307671
2904307681
2904307691
2904307701
2904307711
2904307721
2904307731
2904307741
2904307751
2904307761
2904307771
2904307781
2904307791
2904307801
2904307811
2904307821
2904307831
2904307841
2904307851
2904307861
2904307871
2904308281
2904308291
2904308301
2904308311
2904308321
2904308351
2904308361
2904308431
2904308511
2904309151
2904583491
2904905961
2905969071
2905969081
2905969091
2905969101
2906705841
2906705851
2906706311
2908735861
2908735871
2908735891
2908735901
2908735911
2908735931
2908735941
2908735951
2908735961
2908735971
2908735981
2908735991
2908736001
2908736011
2908736021
2908736031
2908736041
2908736051
2908736061
2908736081
2908736091
2908736101
2908736111
2908736121
2908736131
2908736141
2908736151
2908736161
2908736171
2908736181
2908736191
2908736201
2908736211
2908736231
2908736241
2908736251
2908736261
2908736271
2908736281
2908736291
2908736301
2908736311
2908736321
2908736331
2908736341
2908736371
2908736381
2908736391
2908736401
2908736411
2908736421
2908736431
2908736441
2909131801
2909131921
2909132141
2909132161
2909132171
2909132231
2909132271
2909132371
2909132401
2909132411
2909132421
2909132431
2909132441
2909132451
2909132461
2909132491
2909132541
2909132571
2909132721
2909132761
2909334881
2909334891
2909334901
2909427251
2909427261
2909427271
2909427301
2909427341
2909930191
2909930201
2909930211
2909930221
2909930231
2909930241
2912882241
2913232811
2913232821
2913232831
2913232841
2913232861
2913232881
2913233881
2913233921
2913233941
2913233971
2913234021
2914860451
2915620821
2915620831
2915620841
2915620851
2915620931
2915620941
2915620951
2915622421
2915622451
2915622461
2915623321
2915631631
2915631641
2915631651
2915631661
2915631671
2915631681
2915631691
2915631701
2915634391
2915634401
2915634411
2915634421
2915634441
2915636201
2915636211
2915636221
2915636231
2915636241
2915636251
2915636261
2915636271
2915636281
2915636291
2915636301
2915644901
2915644911
2915644921
2915644931
2915644941
2915644951
2915644961
2915644971
2915644991
2915645001
2915645011
2915645021
2915645041
2915645051
2915645061
2915645071
2915645081
2915645091
2915645101
2915647511
2915647521
2915647531
2915647541
2915647581
2915647591
2915647601
2915647631
2915647651
2915665791
2915665821
2915665831
2915665841
2915665851
2915665861
2915665891
2915665911
2915688181
2915701821
2915701841
2915701891
2915711811
2915711861
2915711891
2915711911
2915712461
2915742421
2915742431
2915742441
2915742461
2915742471
2915882851
2915882861
2915882871
2915889271
2915889321
2915889331
2922741651
2922741661
2922741671
2922741691
2922741701
2922741711
2922741751
2922741761
2922741771
2922741781
2922741791
2922741801
2922741851
2922872101
2922872111
2922872141
2922872161
2922872171
2922872191
2922872201
2922872211
2922872261
2923168711
2923420201
2923420491
2924107201
2924107211
2924107221
2924107331
2924107451
2924107461
2924107471
2924107481
2924107491
2924107501
2924107511
2924107521
2924107531
2924107631
2924107641
2924107651
2924107661
2924107671
2924107681
2924107691
2924107701
2924107711
2924107721
2924844521
2924844561
2925112261
2926674511
2927067141
2927306201
2927306211
2927306221
2927734681
2927734691
2927734701
2927734711
2927734721
2927734731
2927734741
2927734751
2927734761
2927734771
2927734781
2927734791
2927734801
2927734811
2927734821
2927734831
2927734841
2927734851
2927734861
2927734871
2927734881
2927734891
2927734901
2927734911
2927734921
2927734941
2927734951
2927734961
2927734971
2927734981
2927735001
2927735011
2927735021
2927735031
2927735051
2927735061
2927735071
2927735081
2927735091
2927735101
2927735121
2927735141
2927735151
2927735161
2927735171
2927735181
2927735191
2927735201
2927735211
2927735221
2927735231
2927735241
2927735251
2927735261
2927735271
2927735281
2927735291
2927735301
2927735311
2927735321
2927735341
2927735351
2927735361
2927735371
2927735381
2927735391
2927735401
2927735411
2927735421
2927735431
2927735441
2927735451
2927735461
2927735471
2927735481
2927735491
2927735501
2927735511
2927735521
2927735531
2927735541
2927735551
2927735561
2927735571
2927735581
2927772561
2927772581
2927772591
2927772601
2927772611
2927772621
2927772631
2927772641
2927772691
2927772741
2927772751
2927907621
2927907821
2927907831
2927907841
2928857151
2928857161
2928857181
2928857271
2928857541
2928857551
2928857561
2928857571
2928857681
2929629911
2929629921
2929629931
2929629941
2929629951
2929629961
2929629971
2929629981
2929629991
2929630001
2929630011
2929630021
2929630031
2929630041
2929630051
2929630071
2929630081
2929630091
2929630101
2929630111
2929630121
2929630131
2929630141
2929630151
2929630211
2929630231
2929630421
2929630441
2929630451
2929630461
2929630471
2929630571
2929630581
2929631031
2929631051
2929631091
2929631111
2929631161
2929631211
2929631241
2929631261
2929631281
2930611291
2930611311
2930611321
2930611331
2930611341
2930611351
2930611361
2930611371
2930611381
2930611421
2930611431
2930611441
2930611451
2930611461
2930611471
2930611481
2930611491
2930611501
2930611511
2930611521
2930611531
2930611541
2930611551
2930611561
2930611571
2930611581
2930611591
2930611601
2930611611
2930611621
2930611631
2930611641
2930611651
2930611661
2930611671
2930611681
2930611691
2930611701
2930611711
2930611721
2930611731
2930611741
2933521711
2934079391
2934079411
2934079431
2934079451
2934079461
2934079511
2934079561
2934079571
2934079731
2934079741
2934079751
2934079841
2934079881
2934079921
2934079931
2934079941
2934079961
2934079971
2934080011
2934080041
2934080051
2934080101
2934080121
2934080141
2934080191
2934080201
2934080211
2934080231
2934080261
2934080291
2934080351
2934080361
2936858621
2936858651
2936858671
2936858681
2936858691
2936858701
2937642131
2937770921
2937854251
2938007631
2939091951
2939091961
2939091971
2939091981
2939091991
2939092001
2939092011
2939458901
2939458931
2939458941
2939458951
2939458961
2939458971
2939458981
2939651171
2939651181
2939651191
2939651201
2939651211
2939651221
2939651241
2939651251
2939651261
2939651281
2939651291
2939651301
2939651321
2939651341
2939651361
2939651371
2939651381
2939838931
2939838941
2939838951
2939838961
2939838971
2939839051
2939839061
2939839071
2939839081
2939839091
2939839101
2939839111
2939839191
2939839381
2940841511
2940841521
2940841531
2940841541
2940841551
2940841561
2940841571
2941080711
2941080721
2941080731
2941080741
2941080751
2941080761
2941080771
2942050641
2942050651
2942050661
2942050671
2942050681
2942273081
2942273091
2942274471
2942274491
2942274501
2944239751
2944239901
2946849501
2946849511
2946849521
2946849531
2946849551
2946849591
2946849601
2946849611
2946849621
2946849631
2947961421
2948625291
2948625301
2948625311
2948625321
2948625331
2948625341
2948625351
2948625361
2948625371
2948625401
2949641991
2949642061
2949642081
2949642141
2949642621
2949643561
2949643621
2949643631
2949643641
2949643691
2949643751
2949643761
2949643771
2949644071
2949644101
2949644111
2949644121
2949644131
2949644141
2949644181
2950775681
2950775711
2950775731
2950775741
2950775761
2950775811
2950775831
2950791441
2950791721
2953898341
2953898431
2953898441
2953898581
2955119001
2955119041
2955475731
2955475831
2955475871
2955475891
2955475921
2955475931
2955475941
2955475951
2955475961
2955475971
2955475981
2955475991
2955476001
2955476011
2955476021
2955476031
2955476051
2955476061
2955476071
2955476081
2955476091
2955476101
2955476111
2955476121
2955476131
2955476141
2955476151
2955476161
2955476171
2955476181
2955476191
2955476201
2955476211
2955476221
2955476231
2955476241
2955476251
2955476261
2955476271
2955476281
2955476291
2955476301
2955476311
2955476321
2955476331
2956674711
2957030051
2957234751
2957234761
2957234771
2957234781
2957234791
2957234801
2957234811
2957234821
2957234831
2957234841
2957234851
2957234861
2957234871
2957234881
2957234891
2957234901
2957234911
2958505961
2958505971
2958505981
2958505991
2958846201
2958846211
2958846221
2958846231
2958846241
2958846251
2958846261
2958846271
2958846281
2958846291
2958846301
2958846311
2958846321
2958846331
2958846341
2958846351
2958846361
2958846421
2958846431
2958846441
2958846451
2958846461
2958846471
2958846481
2958846491
2958846501
2958846511
2958846521
2959700061
2959700081
2959700091
2959700101
2959700111
2959700121
2959700151
2959700161
2959700171
2959700181
2959700191
2959700201
2959700211
2959700231
2959700241
2959700261
2959700291
2959700301
2959700311
2959700331
2959700341
2959700361
2959700381
2959700391
2959700411
2959700421
2959700431
2959700441
2959700461
2959700481
2959700501
2959700511
2959700521
2959700531
2959700541
2959700551
2959700561
2959700571
2959700581
2959700591
2959700601
2959700621
2960762661
2966948831
2966948841
2966948851
2966948861
2966948871
2966948881
2966948891
2966948901
2966989801
2966989811
2966989821
2968205621
2968445241
2968445251
2968445341
2968445541
2969725411
2969725431
2969791911
2970129821
2970129831
2970129841
2970129851
2970129861
2970129871
2970393581
2970845721
2970845931
2970845941
2970845951
2970845961
2970845971
2970846001
2970846021
2970846041
2970846071
2970846101
2970846131
2970846141
2970846151
2970846161
2970846171
2970846181
2970846191
2970846201
2970846211
2970846221
2970846261
2970846291
2970846341
2970846351
2970846361
2970846501
2970846591
2970846621
2973706621
2973706631
2973706741
2973706761
2973706821
2973706831
2973706841
2973706851
2973706921
2973706941
2973706991
2973707011
2973707021
2974759121
2974759131
2974759151
2974759161
2974759171
2974759181
2976474641
2976474651
2976474661
2976474671
2976474681
2976474691
2976474701
2976562661
2976562671
2976562681
2981133031
2981133051
2981133331
2981133381
2981217571
2981217581
2981217651
2981217661
2981217671
2981369071
2981540791
2981702571
2981702601
2981702611
2981702621
2981702631
2981702641
2981702651
2981702661
2981702671
2981702681
2981702691
2981702701
2981702711
2981702721
2981702731
2981702741
2981702761
2981702781
2981702801
2981703941
2981703951
2981703971
2981704031
2981704041
2982795841
2982795861
2982795871
2982795881
2982795921
2982795941
2982795951
2982823771
2982823781
2982823791
2982823801
2982823811
2982823821
2982823831
2982823841
2982823851
2982823861
2982823871
2982823881
2982823891
2982823901
2982823911
2982823921
2983226471
2983226491
2983226501
2983226511
2983226561
2983226581
2983226591
2983226601
2983226611
2983226621
2983226681
2983226691
2983226701
2983226711
2983226721
2983226731
2983226741
2986217441
2986723641
2988273411
2988273421
2988273461
2990193241
2990193251
2990193261
2990193271
2990193281
2990193291
2990193311
2990193321
2990193331
2990193351
2990193361
2990193381
2990608451
2990608491
2990608501
2990608511
2990608531
2990608561
2990608591
2990608601
2990608611
2990608621
2990608631
2990608641
2990608671
2990608681
2990608691
2990608721
2990608731
2990608761
2990608771
2990608781
2990608801
2990608821
2990608851
2990608861
2990608871
2990608881
2990608941
2990608951
2990608961
2990687021
2990745341
2990745351
2990745361
2990745371
2990745381
2990745391
2991570121
2991570131
2991570141
2991570151
2991570161
2991570171
2991570191
2991570201
2991570211
2991570221
2991570271
2991570281
2991570291
2991570311
2991570391
2991570431
2991570441
2991570451
2991570461
2991570471
2991570481
2991570531
2991570571
2991570601
2991570611
2991570621
2991570631
2991570641
2991570761
2991570781
2991570801
2991570821
2991570831
2991581861
2991581871
2991581881
2991581891
2991582001
2991582011
2991582111
2991582121
2991582131
2991582141
2991582251
2991582271
2991582281
2991582291
2992146791
2992146841
2992147111
2992147141
2992520991
2992521001
2992521011
2992521021
2992522601
2992522631
2992522661
2992522701
2992522841
2992524041
2992524051
2992524061
2992524071
2992524101
2992524111
2992524151
2992524161
2992524181
2992524191
2993553861
2995907471
2995907481
2995907491
2995907501
2995907511
2995907521
2995907531
2995907541
2995907551
2995907561
2995907571
2995907581
2995907591
2995907631
2995907641
2995907651
2996507101
2996507111
2996507121
2996507131
2997338541
2997432641
2997633961
2997634011
2997634031
2997634061
2997634071
2997634081
2997634091
2997634171
2997634181
2997634191
2997634201
2997634211
2997634221
2999659601
2999659721
2999659781
2999659841
2999659871
2999659901
2999731351
2999743211
2999743221
2999743231
2999749011
2999749031
2999749061
2999780971
3000498631
3000498641
3000498651
3000498661
3001582281
3001582401
3001582501
3002142921
3002659641
3002659651
3002659661
3002659671
3002659681
3002659691
3002659701
3002659711
3002659721
3002659731
3002659741
3002659751
3002659761
3002659811
3002659821
3002659841
3002659851
3002659861
3002659871
3002659881
3002659891
3002659901
3002659911
3002659921
3002659931
3002659941
3002659951
3002659961
3002659971
3002659981
3002659991
3002660001
3002660011
3002660021
3002660031
3002660041
3003320601
3003320611
3003320631
3003320661
3003320671
3003872871
3003873061
3003873091
3003873121
3003873131
3003873171
3003873311
3003873631
3003873641
3003873701
3003873711
3003873781
3003873791
3003873801
3003873811
3003873831
3003873851
3003873941
3003873961
3003874001
3003874021
3003874041
3003874051
3003874071
3003874091
3003874161
3003874221
3003874251
3003874261
3003874271
3003874301
3003874321
3003874341
3003874351
3003874381
3003874391
3003874401
3003874431
3003874461
3003874471
3003874481
3003874511
3003874801
3003874921
3003874971
3003935441
3003935451
3003935461
3003935501
3003935511
3003935521
3003935531
3003935541
3003935551
3003935561
3003935571
3003935581
3003935591
3009457151
3009457281
3009457341
3009457351
3011547801
3011547811
3011547821
3011547831
3011547841
3011547851
3011547861
3011547871
3011547881
3011547891
3011547901
3011547921
3011547931
3011547941
3012471041
3012471061
3012471071
3012471091
3012471101
3012471111
3012471221
3012471231
3012471241
3012471251
3012471261
3012471291
3012471301
3012471311
3012471321
3012873201
3012873211
3012873221
3013361391
3013361401
3013361411
3013361421
3013361431
3013361451
3013361461
3014264441
3014264451
3015598031
3015598041
3015598051
3015598061
3015598071
3015598081
3015598091
3015598101
3015909021
3015909071
3016060931
3016060941
3016060951
3016060961
3016060971
3016060981
3016264201
3016347561
3016347571
3016347581
3017576521
3017836281
3017836291
3017836301
3017836311
3017836321
3017836331
3017842091
3017842101
3017842111
3017842151
3017842171
3017842201
3017842231
3017842241
3017842251
3018311441
3018311491
3018311501
3018311511
3018311621
3018311631
3018311641
3018311651
3018311891
3018311901
3018311911
3018312061
3018312071
3018312081
3018312091
3018312181
3018312201
3018312431
3018312441
3018312501
3018312511
3018312521
3018312911
3019034471
3019581801
3019581811
3019581831
3019581841
3019581861
3019581911
3019581921
3019677821
3019677851
3019677861
3019750471
3020100111
3023795181
3023795241
3024446081
3024446161
3024446191
3024952911
3025396441
3025961141
3025961501
3025961511
3025961521
3025961531
3025961841
3025961851
3025961861
3025961871
3025961881
3025961891
3025961901
3025961911
3025961921
3025961931
3025961941
3025961971
3027070881
3028830641
3028831241
3030244251
3030244261
3030244271
3030244371
3030759881
3030759891
3030759901
3030759911
3030759921
3030759941
3030759951
3030759961
3030759971
3030759981
3030759991
3030760001
3030760031
3030760041
3030760051
3030760071
3030774971
3030775021
3030775031
3030775061
3030775071
3030775081
3030775091
3030775101
3030780051
3030780071
3030780101
3030780111
3030780121
3030780141
3030780151
3030780161
3030780171
3030780181
3030780191
3030780201
3030811101
3030811231
3030811241
3030811251
3030811261
3030811301
3030811391
3030821491
3030821511
3030821561
3030821581
3030821591
3030821601
3030821611
3030821621
3030821631
3030821651
3030821661
3030828071
3030828091
3030828101
3030828131
3030828161
3030828171
3030828191
3031352881
3031352941
3031352961
3031353011
3031353091
3031353161
3031353201
3031353271
3031353321
3032206581
3032206601
3032206611
3032206621
3032206631
3032206641
3032206651
3032206681
3032206691
3032206711
3034105291
3034105301
3034105311
3034105321
3034105331
3034105341
3034105351
3034105391
3034105401
3034171661
3034171671
3034171681
3034171721
3034171731
3034171751
3034171771
3034171781
3034171791
3034209361
3034209371
3034209381
3034209391
3034209401
3034209411
3034209421
3034209431
3034209441
3034209451
3034209461
3034209471
3034209481
3034209491
3034209501
3034209511
3034209521
3034209531
3034337141
3034337161
3034855401
3034908131
3034908261
3034908271
3034908521
3035716711
3035716721
3035716731
3035716741
3035716751
3035716761
3035716771
3035716781
3035716791
3035716801
3035716811
3035716831
3035716841
3035716851
3035716861
3035716871
3035716881
3035716891
3035716901
3035716921
3035716941
3035716951
3035716961
3036404971
3036405001
3036405071
3036405101
3036405241
3036405261
3036433491
3036601211
3036601231
3036601241
3037343801
3039404261
3039404271
3039404281
3039404291
3039404301
3039404311
3039404321
3039404331
3039404341
3039404351
3039467511
3039467521
3039467531
3039467541
3039932851
3040430381
3040430391
3040430401
3040430471
3040430481
3040430491
3040721791
3040722481
3046768891
3046768961
3048476051
3048476221
3048476491
3048771011
3049750821
3049750861
3049832131
3049832151
3049832161
3050250221
3050250231
3050250271
3050250321
3050250331
3050250341
3050250351
3050250361
3050250371
3050250381
3050250391
3050250401
3050250411
3050250431
3050250461
3050250471
3050250481
3050250491
3050250501
3050250511
3050250521
3050250571
3050250581
3050250591
3050716301
3050716311
3050716391
3050716401
3050716411
3050716421
3050716431
3050716441
3050716521
3050716531
3050850191
3050875381
3051743061
3051743091
3051743101
3051743111
3051743121
3051743131
3051743141
3051743151
3051743161
3052065141
3055371101
3055371161
3055371181
3055371191
3055371201
3055371261
3055948991
3055949001
3055949011
3055949311
3055949321
3055949331
3056227171
3056227191
3056227221
3056227231
3056227251
3056227261
3056227271
3056227291
3056227301
3056265961
3056265971
3056265981
3056266001
3056266011
3056266021
3056693551
3056999821
3056999841
3058340571
3058340581
3058340591
3058340601
3058340611
3058340621
3058340631
3058340641
3058340651
3058340661
3058486731
3058486801
3058486871
3058486921
3058487081
3059821021
3060708391
3061423071
3061423081
3061423101
3061423111
3061423121
3061423131
3061423141
3061423151
3061423171
3061423181
3061423191
3061423201
3061423221
3061423231
3061423241
3061423251
3061423261
3061423281
3061423311
3061423321
3061423341
3061456361
3061456371
3061456381
3061456391
3061456401
3061456411
3061456421
3061456431
3061456441
3061456451
3061456461
3061456471
3061456481
3061456491
3061456501
3061456511
3061456521
3061456531
3061456541
3061456551
3061456561
3061456571
3061456581
3061456591
3061456601
3061456661
3061456681
3061456691
3061456701
3064421071
3064421081
3064421101
3064421131
3064421151
3064421161
3064421181
3064421261
3064421301
3064421311
3066277111
3066277171
3066277321
3066277431
3066277681
3068045511
3068045531
3068045541
3068045551
3068045561
3068045571
3068045581
3068045591
3068045601
3068045611
3068045621
3068045631
3068045641
3069112751
3069112761
3069112771
3069112821
3069112831
3069112841
3069112851
3069546741
3069931891
3069932031
3071137241
3071137251
3071137281
3071137291
3071137301
3071137311
3071137321
3071137331
3071137341
3071137351
3071137361
3071137401
3071137411
3071137431
3071137441
3071137461
3071137471
3071137541
3071137551
3071137561
3071137571
3071137581
3071137591
3071290191
3071290211
3071290221
3071290231
3074330821
3074336321
3074654201
3074654211
3074654221
3075735611
3075735621
3075735631
3076280831
3076280841
3076280851
3076563931
3076564011
3077906351
3077906361
3077906371
3077906381
3077906391
3077906401
3077906491
3077906591
3077906601
3077906611
3077906621
3077906691
3077906701
3077906711
3077906731
3077906761
3077971211
3077971221
3077971241
3078002311
3078002321
3078002331
3078002341
3078002351
3078002361
3078002381
3078002391
3078002401
3078002411
3078002421
3078002431
3078002441
3078002451
3078002461
3078002471
3078002481
3079618031
3079618041
3079618061
3079618081
3079618091
3079618101
3079618111
3079618121
3079618131
3079618141
3079618211
3079618221
3079618231
3079618241
3079618251
3079618261
3079618271
3079618281
3079915841
3079964671
3080609651
3080609661
3080609671
3081371621
3081371731
3081371761
3081371781
3081371851
3081371891
3081372111
3082415031
3082415041
3082415051
3082415061
3082415071
3082415081
3082415091
3082415101
3082415111
3082415161
3082415171
3082415181
3082415201
3082415211
3082415221
3082415231
3082415241
3082423511
3082423561
3082758601
3082947311
3083014491
3083014501
3083014531
3083014541
3086054301
3086372441
3086834961
3086835031
3086902921
3088264391
3088264401
3088264411
3088264421
3088264431
3088264441
3088264451
3088264461
3088264471
3088264481
3088739891
3088739901
3088739911
3088739921
3088739931
3088739941
3088739951
3088739961
3088739971
3088739981
3088739991
3088740001
3088740011
3088740021
3088740031
3088740041
3088740051
3088740061
3088740081
3088740091
3088740101
3088740111
3088740121
3088740131
3088740151
3088740161
3088740171
3088740181
3088740191
3088740201
3090360301
3090360321
3090360331
3090360341
3090360351
3090360361
3090360371
3090360391
3090360401
3090360411
3092128811
3092128821
3092128831
3092128841
3092128921
3092128931
3092128941
3092128951
3092128961
3092128971
3092128981
3092372511
3092372551
3092372571
3092372641
3092385301
3092385311
3092385321
3092385331
3092385351
3092385361
3092385371
3092385381
3092385391
3092385401
3092627231
3093690391
3093690401
3093690411
3093690421
3093690431
3093843331
3093843341
3094349641
3094349651
3094349691
3094349701
3094349711
3094349721
3094349731
3094349751
3097541781
3097541861
3098022191
3098022321
3098276371
3098276381
3098362051
3098362071
3098362141
3098367251
3098367381
3098367391
3098367401
3098794151
3098794161
3098794171
3098794181
3098801501
3098801511
3098801521
3098801531
3098801541
3098801551
3099288711
3099288721
3099288731
3099288741
3099513411
3099513421
3099513431
3099513501
3099513541
3099513551
3099513561
3100983921
3101148391
3102589451
3102589461
3102748591
3102759761
3102759841
3104386501
3104386511
3104386521
3104386531
3104386541
3104386551
3104386561
3104386571
3104386581
3104386591
3104386601
3104386611
3106446421
3106446431
3106446441
3106446451
3106446461
3106446471
3106446481
3106446491
3106446501
3106446511
3106446521
3106446531
3106446541
3106446551
3106446561
3106446571
3106446581
3106446591
3106446701
3106446711
3106446721
3106446731
3106446741
3106446751
3106446761
3106446771
3106446781
3106446791
3106446801
3106446811
3106446821
3106446831
3106446841
3106446851
3106446861
3106446871
3106446881
3106446891
3106446901
3106446911
3106446921
3106446931
3106446941
3106446951
3106446961
3106554741
3106554751
3106554761
3106554771
3106554781
3106554791
3106554801
3106554811
3106554821
3106554831
3106554841
3106554851
3106554871
3106554881
3106554891
3106554901
3106554911
3106554921
3106554931
3106554941
3106554951
3106554961
3106554971
3106554981
3106554991
3106555001
3111035041
3111035091
3111035111
3111035121
3111035131
3111233301
3111233311
3111233321
3111233331
3111233341
3111233351
3111233361
3111289601
3111289611
3111289621
3111289631
3111289641
3111289661
3111289671
3111289681
3111289691
3111289701
3111289711
3111289721
3111289731
3111289741
3111289751
3111289761
3111289771
3111289781
3111289891
3111289901
3111290031
3111290261
3111290271
3111290281
3111290291
3111337041
3111749761
3111749791
3111749821
3111749841
3111749851
3111749861
3111749871
3111754421
3112495641
3112495681
3112495691
3112495701
3112495731
3112495741
3112495751
3112495761
3112784711
3112784721
3112784731
3112784871
3112784881
3112784891
3112784901
3112784911
3112784931
3113306371
3113576041
3113576081
3113576201
3113576371
3113599151
3113694511
3114457031
3114457051
3114457061
3114457141
3114457151
3114457251
3114457331
3114457341
3114457361
3114457381
3114457401
3114457451
3114457481
3114457531
3116547911
3116547921
3116547931
3116547941
3118283101
3118415031
3118415041
3118415051
3118415061
3118415071
3118415081
3118415091
3118415101
3118415111
3118415121
3118415131
3118415141
3118415151
3118415161
3118415171
3118415181
3118415191
3118415201
3122316461
3122316471
3122449711
3122449781
3122449801
3122449811
3122449821
3122847811
3122847821
3122847831
3122847841
3123183011
3123183041
3123263441
3123263451
3124419481
3124419491
3124419501
3124419511
3124419521
3124419531
3124419541
3124419551
3124419561
3124419571
3124419581
3124741791
3126406181
3129499101
3129499241
3132583161
3132583171
3132583181
3132583191
3132583201
3132583211
3132583221
3132583241
3132583261
3132616621
3132616631
3132616641
3132616651
3132616751
3132616791
3132616801
3132616811
3132616821
3132629961
3132637991
3132638001
3132638011
3132638021
3132638031
3132638041
3132638051
3132638061
3132638071
3132638081
3132638091
3132638101
3132638111
3132638121
3132638131
3132638141
3132638151
3132638161
3132642931
3132643011
3132643121
3132643131
3132643981
3132646951
3132646961
3132646971
3132646981
3132658711
3132658721
3132658731
3132658741
3132658761
3132663091
3132663101
3132663141
3132663161
3132663171
3132663241
3132663261
3132663271
3132663281
3132663291
3132663301
3132663311
3132663331
3132663341
3132663361
3132663381
3132663391
3132663401
3132663411
3132663421
3132663431
3132663441
3132663451
3132663461
3132663471
3132663481
3132663591
3132663601
3132663611
3132663621
3132663631
3132663661
3132663671
3132663701
3132663721
3132663731
3132663741
3132663751
3132663761
3132663771
3132663781
3132663791
3132663801
3132663811
3132663821
3132663831
3132663851
3132663861
3132663871
3132663881
3132663891
3132664001
3132664011
3132664021
3132664031
3132664041
3132664051
3132665051
3132665061
3132665081
3132665091
3132665101
3132665111
3132665121
3132665131
3132665151
3132665161
3132665171
3132665211
3132665251
3132665261
3132665271
3132665281
3132665291
3132665301
3132665311
3132665321
3132665331
3132665341
3132665351
3132665361
3132665371
3132665381
3132665391
3132665401
3132665411
3132666761
3132666771
3132666781
3132668031
3132669691
3132671021
3132679341
3132679351
3132679361
3132679371
3132679391
3132679421
3132706741
3133002841
3133008161
3133008171
3133008181
3133008281
3133008291
3133008301
3133008311
3133008321
3133008331
3133008381
3133008391
3133018581
3133018591
3133022161
3133056711
3133056761
3133081421
3133081431
3133090701
3133090731
3133090761
3133090771
3133090781
3133090801
3133090811
3133090831
3133090841
3133090861
3133091711
3133091721
3133091741
3133091761
3133091781
3133091811
3133091831
3133091841
3133091881
3133091911
3133096481
3133096501
3133103051
3133103061
3133103071
3133103081
3133103091
3133103101
3133103111
3133103121
3133103131
3133103141
3133103151
3133103161
3133103181
3133103191
3133103201
3133103211
3133103221
3133103231
3133112821
3133121731
3133122371
3133122831
3133122841
3133129211
3133129291
3133129351
3133129391
3133129411
3133129421
3133137461
3133137551
3133137561
3133137571
3133137581
3133137821
3133137891
3133137901
3133138451
3133138771
3133139971
3133139981
3133140001
3133140011
3133140021
3133140031
3133140801
3133140851
3133140861
3133140871
3133140881
3133140891
3133140901
3133141391
3133141601
3133141641
3133141651
3133141671
3133142691
3133143191
3133148611
3133163231
3133163241
3133167311
3133167321
3133167331
3133167341
3133167351
3133167361
3133167371
3133167381
3133168951
3133174331
3133174341
3133174351
3133174451
3133175211
3133175221
3133175231
3133175241
3133175251
3133175281
3133178961
3133178981
3133178991
3133179001
3133179011
3133179021
3133179031
3133179041
3133179061
3133179091
3133179101
3133179131
3133181131
3133185671
3133185741
3133185751
3133191131
3133193161
3133193191
3133204431
3133211571
3133211581
3133211591
3133211601
3133211611
3133211761
3133211781
3133211791
3133216511
3133216541
3133216591
3133216601
3133217161
3133217271
3133217521
3133217531
3133217541
3133217551
3133217561
3133217571
3133217581
3133217591
3133217601
3133217611
3133217621
3133217631
3133217641
3133219091
3133219371
3133219381
3133219391
3133219401
3133219411
3133219421
3133219461
3133219471
3133219561
3133219571
3133219581
3133219591
3133219601
3133219611
3133219621
3133219631
3133219641
3133219651
3133219661
3133219671
3133219681
3133220061
3133220071
3133220081
3133222311
3133222321
3133222331
3133222341
3133222351
3133222361
3133222371
3133222391
3133222411
3133224671
3133224741
3133224761
3133224771
3133224791
3133224821
3133224831
3133224871
3133224891
3133225201
3133225211
3133225221
3133225231
3133225251
3133225261
3133225271
3133225281
3133225291
3133225301
3133225311
3133225321
3133225331
3133225341
3133225351
3133225361
3133225371
3133225401
3133225411
3133225421
3135453821
3135453831
3135453841
3135453851
3135453861
3135453871
3135453881
3135453901
3135453911
3135453921
3135453931
3135453981
3135453991
3135454001
3135454011
3135454021
3135454031
3135454041
3135454051
3135454061
3135454071
3135531151
3135531161
3135531171
3135531181
3135531191
3135531201
3135531221
3135531231
3135531251
3135531271
3135531281
3135531291
3135531301
3136006081
3136006091
3136006111
3137484271
3137484281
3137484291
3137773531
3137775401
3137780191
3139505031
3139938031
3139938041
3140888071
3140888081
3140888091
3140888101
3140888111
3140888121
3140888131
3140888141
3140888151
3140888181
3140888191
3141499711
3144139361
3144139391
3144139401
3144139411
3144139421
3144139431
3144142211
3144142221
3144142231
3144142241
3144142251
3144142261
3144142271
3144142281
3144142291
3144142311
3144142321
3144142331
3144142341
3144142351
3144142361
3144142371
3144142381
3145176701
3145425931
3145425941
3145425951
3145425961
3145425971
3145706111
3146968211
3146968221
3146968241
3146968251
3146968261
3146968271
3146968281
3146968301
3147279231
3147279241
3147279271
3147279281
3147279291
3147279301
3147279311
3147279321
3147279331
3147279341
3147279351
3147279361
3147279371
3147279381
3147279391
3147279411
3147279431
3147279451
3147279461
3147279471
3147279491
3147279501
3147279511
3147279521
3147279531
3147279541
3147279561
3147279571
3147279581
3147279591
3147279611
3147318931
3147318941
3147318951
3147318961
3147318971
3147318981
3147318991
3147319001
3147319051
3147382991
3147383001
3147383011
3147383021
3147383031
3147383041
3147383051
3147383061
3147383071
3147383081
3148539921
3149711321
3149711371
3149712711
3149712721
3149712731
3149712741
3149712751
3149712761
3149712771
3149712781
3149713081
3149713091
3149713101
3149713111
3149713121
3149713131
3149713141
3149713151
3149713161
3149713171
3149713181
3149713191
3149713201
3150655971
3150655981
3150655991
3150656001
3150656011
3152023141
3152433111
3152433131
3152433151
3152433161
3152433171
3152433181
3152433191
3152433201
3152433501
3152433511
3152433521
3152433531
3152433551
3152433561
3152433571
3152433581
3152433591
3152433601
3152433611
3152433621
3152433631
3152433641
3152433651
3152433661
3152433671
3152433681
3152433691
3152433701
3152433711
3152433721
3152433731
3152433741
3152433751
3152433761
3152433981
3152433991
3152434001
3152434011
3152434021
3152434031
3152434111
3152434121
3152434131
3152434141
3152434151
3152434161
3152434171
3152771631
3152771691
3152771701
3152771741
3152771751
3152953161
3152953171
3152953181
3152953191
3152953211
3154463391
3154463541
3155389751
3155389911
3155389991
3155390051
3155390081
3155390111
3155678921
3155679041
3156232151
3156232161
3156232181
3156232191
3156432681
3156432781
3156438081
3156438141
3156438241
3156438331
3156438351
3161593061
3161593181
3161593191
3161593241
3161593301
3161593331
3161593341
3167441761
3167441781
3167441821
3167441831
3167441851
3167441891
3167441911
3167441931
3167441941
3167441961
3167441971
3167442031
3167442051
3167442061
3167442071
3167442111
3167442131
3167442151
3167442171
3167450901
3167450911
3167450921
3167450931
3167450941
3167450951
3167450961
3167450971
3167450991
3167451001
3167451011
3167451021
3167451031
3167451041
3167451051
3167451061
3167451071
3167451081
3167451091
3167451101
3167451111
3167451121
3167451131
3167451271
3167451291
3167451321
3167451351
3167451371
3167451381
3167451391
3167451401
3167451411
3167451421
3167451461
3167451481
3167451501
3167451521
3167451571
3168945811
3168945821
3168945831
3168945871
3168945911
3168945951
3170318031
3170318041
3170320941
3170320981
3170927471
3170927481
3172236531
3172236581
3172236591
3172236601
3172236611
3172236621
3172236631
3172236641
3172236651
3172236661
3172236671
3172236681
3172236691
3172236701
3172236711
3172236721
3172236731
3172236741
3172236751
3172236761
3172236771
3172236781
3172236791
3172236801
3172236811
3172236821
3172236831
3172236851
3172236861
3173397091
3175577611
3175577621
3175577631
3175577641
3175577651
3175577671
3175577681
3175577691
3175577701
3175577721
3175577731
3175577741
3175577751
3175577761
3175577771
3175577781
3175577791
3175577801
3175577811
3175577821
3175577831
3175577841
3175577851
3175577861
3175577871
3175577881
3175577891
3175577901
3175577911
3175577921
3175577931
3175577951
3175577961
3175577971
3175577981
3175577991
3175578001
3175578011
3175578021
3175578031
3175578041
3175578051
3175578061
3175578071
3175578081
3175746601
3175746641
3175746671
3175746691
3175746701
3175746711
3175746721
3175746731
3175746741
3175841341
3175841381
3175841461
3176020631
3176020651
3176021321
3176043721
3176043731
3176043741
3176043841
3176044171
3176044501
3176056751
3176056941
3176056951
3176056961
3176056971
3176056981
3176056991
3176057001
3176057011
3176057221
3176057231
3177057711
3177057821
3177057951
3177057961
3177057971
3177057991
3177058011
3177058021
3177058111
3177058201
3177300571
3177488441
3177488451
3177488461
3177488471
3177488491
3178052491
3178052711
3178052731
3179561331
3179561371
3179561501
3179611031
3179611301
3180782291
3180782301
3180786471
3180786611
3180786621
3180786631
3180786651
3180786671
3180786681
3180786691
3180786701
3180786711
3180786731
3180786751
3180786761
3180786781
3180786791
3180786801
3180786811
3180786821
3180786831
3180786841
3180786851
3180786861
3180786871
3180786881
3180786891
3180786901
3180786911
3180786931
3180786941
3180786951
3180786961
3180786971
3180786981
3180786991
3183232931
3183232941
3183232951
3183232961
3183232991
3183233001
3183233011
3183233031
3183233061
3183233071
3183233081
3183233091
3184473841
3184473851
3184848791
3184848821
3184869661
3184869831
3184870031
3185833921
3185834331
3185834341
3185834351
3185834361
3185834371
3185834381
3185834391
3185834401
3185834411
3185834421
3185834431
3185834441
3185834451
3185834461
3185834471
3186582831
3186582841
3186582851
3186582861
3186600461
3186600471
3186600481
3186600491
3186600501
3186600511
3186600521
3186600531
3186600541
3186600551
3186600561
3186600571
3186600581
3187181881
3187181891
3187181901
3187181911
3187181931
3187182361
3187182381
3187182411
3187182801
3187182811
3187182851
3187182921
3187183071
3187183081
3188479541
3188937201
3188937551
3188937821
3188937921
3188937951
3188938031
3189154911
3189154941
3189154951
3191065771
3191065781
3191065791
3191065801
3191065811
3191065821
3191065841
3191065851
3191065871
3191065881
3191065891
3191065901
3191065911
3191065921
3191066071
3191066121
3191066151
3191066181
3191066221
3191066251
3191066281
3191066311
3191066331
3191066341
3191066351
3191066361
3191066381
3191066391
3191066401
3191066411
3191066421
3191066431
3191066441
3191066451
3191066461
3191066471
3191066481
3191066491
3191196511
3191196691
3191197251
3191197261
3191197281
3191634451
3192616971
3192616981
3192616991
3192617001
3192617011
3192617021
3192617031
3192617041
3192617051
3192617061
3192617071
3192617081
3192617091
3192617101
3192617111
3192617121
3192617131
3192617141
3192617151
3192617161
3192617171
3192617181
3192617191
3192617461
3192810871
3192810881
3192810891
3192810901
3192815901
3193347341
3193347351
3193347361
3193347371
3193347381
3193347391
3193347401
3193347411
3193347421
3193347431
3193347441
3193347451
3193347461
3193347471
3193347481
3193347491
3193347501
3193347581
3193347631
3193347641
3193347651
3193347671
3193347681
3193347701
3195540891
3195540911
3195540921
3195540951
3195540961
3195541011
3195541051
3195541081
3195541101
3195541161
3195541221
3195541231
3195541241
3195541271
3195541291
3195541321
3195541331
3196084591
3196146031
3196146101
3196146111
3196146121
3196146131
3196146141
3196146151
3196146161
3196146171
3196146181
3196146191
3196146201
3196146211
3196146221
3196146241
3196261031
3196261041
3196261051
3196527481
3196767331
3196767341
3196767351
3196767361
3196767371
3196767381
3196767391
3196767441
3196767581
3198426141
3198426231
3200199581
3200199591
3200199601
3200199611
3200875501
3200875531
3200965621
3200965651
3200965701
3201858321
3201858331
3202165061
3202486691
3202486701
3202486711
3202486721
3202486731
3202486741
3202486751
3202486761
3202486771
3202486781
3202486791
3202486801
3202486811
3202486821
3202486831
3202486931
3202486941
3202486951
3202486961
3202486981
3202486991
3202691241
3202691251
3202691261
3202691271
3202691281
3202691301
3202691391
3202691401
3202691411
3202691721
3202691741
3202691771
3202691851
3202691871
3202691881
3202691891
3202691901
3202691911
3202691921
3202691931
3202691941
3202691951
3202691961
3202691971
3202691981
3204149161
3204149181
3204959961
3204990381
3205011831
3205024381
3205024431
3205024451
3205024541
3205024561
3205024721
3205024731
3205024741
3205024751
3205024761
3205024771
3205024781
3205024791
3205024801
3205024811
3205024821
3205024831
3205024841
3205024851
3205024861
3205024871
3205024881
3205024891
3205024901
3205024911
3205024921
3205024931
3205024941
3205024951
3205024961
3205024971
3205024981
3205024991
3205025001
3205025011
3205025021
3205025031
3205025041
3205025051
3205025061
3205025071
3205025081
3205025091
3205025101
3205025121
3205025131
3205025151
3205032841
3205033071
3205033151
3205033161
3205199981
3205199991
3205200021
3205200031
3205200061
3205200161
3205200231
3205200261
3205595221
3205595251
3205788071
3205788091
3205788281
3206544901
3206544951
3206575521
3206575591
3206575611
3206575621
3206575651
3206575671
3206575681
3206575691
3206575711
3206575741
3206639201
3206833041
3208296351
3208296361
3208296371
3208577591
3208579411
3209474641
3209952321
3209952331
3209952341
3209952351
3209952371
3211988761
3211988801
3212123611
3212123621
3212123631
3212123641
3214625391
3214625411
3214625441
3215711731
3215711741
3215711761
3215711771
3215711781
3215711791
3215711801
3215711811
3215711821
3215711831
3215711841
3215711851
3215711861
3215711871
3215945731
3215945741
3215946111
3216403111
3216592061
3216592121
3216592131
3216592151
3216592171
3216592181
3216592291
3216592301
3216592311
3216592571
3216592581
3216592651
3216592671
3216592681
3216592691
3216592711
3216592721
3216592731
3216592781
3216592811
3216707211
3217179541
3217179551
3217179561
3217179571
3217179581
3217179591
3217179611
3217179621
3217447661
3217447701
3217447741
3217447851
3217457671
3217457791
3217457841
3218267521
3218267541
3218267581
3218267611
3218267621
3218267681
3219763821
3219763851
3219763871
3219763901
3219763921
3219763931
3219763941
3219763951
3219763961
3219763981
3219763991
3219764001
3219764361
3219764371
3219764381
3219764391
3219764401
3219764411
3219764431
3219764511
3219764521
3219764531
3219764711
3219770991
3219771001
3219771011
3219771021
3219771041
3219771051
3219771061
3219771081
3219772271
3219772311
3220455731
3220840671
3220841591
3220841701
3220842141
3221835491
3221835501
3221835511
3221835521
3221835531
3221835541
3221835551
3221835561
3221835571
3221835581
3221835591
3221835601
3221835611
3221835621
3221835631
3221835641
3221835651
3221835661
3221835671
3221835681
3221835691
3221835701
3221835711
3221835721
3221835731
3221835751
3221952611
3223397931
3223397941
3223397951
3223397961
3223397971
3223397981
3223397991
3223398001
3223398011
3223398021
3223398031
3223398041
3223398051
3223398061
3223398071
3223398081
3223398091
3223398101
3223398111
3223398121
3223398131
3223398141
3223398151
3223398161
3223398171
3223398181
3223398191
3223398201
3223398211
3223398221
3223398231
3223398241
3223398251
3223398271
3223398281
3223398301
3223398311
3223398321
3223398331
3223398341
3223398351
3223398361
3223398371
3223398381
3223398401
3223398411
3223398421
3223398431
3223398441
3223398451
3223398491
3223398501
3223398521
3223398551
3223398571
3223398591
3223398601
3223398611
3223398631
3223398641
3223398651
3223398661
3223398671
3223398681
3223398691
3223398701
3223718871
3225699901
3225699911
3225699921
3225699941
3225699951
3225699961
3225699971
3225700811
3225700831
3225700841
3225700861
3225700871
3225700891
3225700901
3225701411
3225701421
3225701431
3225701441
3225701451
3225701461
3225701471
3225701481
3225701491
3225701541
3225701551
3225726571
3225726581
3225726601
3225726611
3225727791
3225727811
3225729151
3225729161
3225729171
3225729181
3225729191
3225731761
3225731831
3225731841
3225739701
3225739711
3225739721
3225739821
3225739831
3225739841
3225739891
3225739901
3225739911
3225749171
3225749181
3225749201
3225749211
3225749221
3225749231
3225749241
3225749261
3225749271
3225749281
3225749291
3225749301
3225816271
3225816281
3225816361
3227006361
3227006371
3227006381
3227006391
3227006401
3227006411
3227006421
3227006431
3227006441
3227006451
3227006461
3227006471
3227006481
3227006491
3227006501
3227006511
3227006521
3227006531
3227006541
3227006551
3227006561
3227006571
3227006581
3227006591
3227006601
3227006611
3227006621
3227006631
3227006641
3227006651
3227006661
3227006671
3227006681
3227006691
3227006701
3227006711
3227006721
3227006731
3227006741
3227006751
3227006761
3227006771
3227006781
3227006791
3227006801
3227006811
3227006821
3227006831
3227208291
3227208301
3227208321
3227208361
3227208371
3227208381
3227208391
3227500621
3227500981
3227501031
3227501041
3227501051
3228095241
3229045691
3229045731
3229384181
3230285391
3230578221
3230578241
3230578251
3230578261
3230578291
3230578551
3230695171
3230695181
3230695191
3230695201
3230695211
3230695221
3230695231
3230869191
3231091971
3231092011
3231092171
3231092211
3231092221
3231092401
3231092441
3231092671
3231092681
3231092791
3231092881
3231092891
3231092921
3231092961
3231093001
3231093011
3231093021
3231093261
3231093281
3231093381
3231093451
3231093571
3231093631
3231425701
3231425711
3231425721
3231425731
3231425741
3231426981
3231426991
3231427211
3231427451
3231427461
3231427471
3231427481
3232010461
3232010471
3232010481
3232010491
3232010501
3232010511
3232010521
3232010531
3232010541
3232010551
3232010561
3232010571
3232010581
3232010591
3232010601
3232010611
3232288261
3232288301
3232288391
3232288401
3232288411
3232640191
3232826071
3232826081
3233178681
3233178691
3233178701
3233178711
3233178721
3233178731
3233178741
3233178751
3233178761
3233178771
3233178781
3233178791
3233178811
3233178821
3233178831
3233178841
3233178851
3233178861
3233178871
3233178881
3233178891
3233178901
3233178911
3233178921
3233178941
3233178951
3233178961
3233178971
3233178981
3233178991
3233179001
3233179011
3233180201
3233180221
3233180231
3233180641
3233180891
3233180991
3233181001
3233181011
3233181021
3233181031
3233181041
3233181051
3233181061
3233181071
3233183261
3233183271
3233183281
3233183291
3233183911
3233183921
3233184251
3233184261
3233184271
3233184281
3233184291
3233184301
3233184311
3233184321
3233184791
3233184801
3233184811
3233184821
3233186181
3233186191
3233186211
3233186231
3233186241
3233186261
3233186281
3233186291
3233186311
3234760601
3234760611
3234760621
3234760631
3234760651
3234760661
3234760671
3234760681
3235651131
3235651141
3235651401
3236965411
3236965461
3236965551
3236966541
3236966551
3236966591
3236966621
3236966631
3236966651
3236966671
3236966701
3236967861
3237394911
3237394921
3237394941
3237394951
3237394961
3237394971
3237395031
3237395051
3237395071
3237395081
3237395091
3237395141
3237395151
3237395161
3237395171
3237395181
3237916811
3237916841
3237916851
3237916861
3237916891
3237916951
3238216421
3238243811
3238243821
3239524881
3239524951
3239524961
3239524971
3239734441
3239734451
3239734461
3239734471
3239734481
3239734511
3239734521
3239734531
3239734591
3239812361
3239812371
3239812401
3239812411
3239812671
3239812681
3239812691
3239812701
3239812711
3239812721
3239812741
3239812751
3239812761
3239812771
3239812781
3239812791
3239812801
3239812811
3239812821
3239812831
3239812841
3239812851
3239812861
3239812871
3239812881
3239812891
3239812901
3239812911
3240147541
3240147551
3240147721
3240147811
3241119341
3241119521
3241119531
3241119541
3241119861
3241120071
3241120081
3241120091
3241120141
3241120161
3241120171
3241120181
3241120441
3241120451
3241120461
3241120471
3241300051
3241530571
3241627291
3241783611
3241784161
3242809011
3242809021
3242809041
3244415941
3244415961
3244416081
3244416091
3244416101
3244416111
3244416121
3244416131
3244416141
3244416301
3244416311
3244416321
3244416481
3244416501
3244416531
3244416551
3244416571
3244416591
3244416681
3244416691
3244416701
3245620791
3245620831
3245620841
3245620851
3245620901
3245620911
3245620921
3245620931
3245620951
3245620961
3245621061
3245621071
3245621411
3245621481
3245621491
3245621501
3245621771
3245621861
3245621871
3245621881
3245621951
3247416481
3247416491
3247416501
3247416521
3247416531
3247416601
3247416611
3247416621
3247416631
3247416641
3247416681
3247416691
3247416701
3247416721
3247416741
3247416751
3247416761
3247416771
3247416781
3247416791
3247416801
3247416811
3247828331
3247828341
3247828351
3247828361
3247828371
3247828381
3247828391
3247828401
3247828411
3247828421
3247828431
3247828441
3247828451
3247828461
3247828471
3247828481
3247828491
3247828501
3247845801
3247845831
3247845841
3247845901
3247845921
3247845931
3247845941
3247845951
3247845961
3247845971
3247845981
3247845991
3247846001
3247846011
3247846091
3247846111
3247846131
3247846211
3247846221
3247846231
3247848871
3247848881
3247848901
3247849031
3247849051
3247849061
3247849151
3247849161
3247849181
3247849191
3247849201
3247849211
3247849231
3247849241
3247849281
3247849291
3247849301
3247849351
3247964141
3247964151
3247964161
3247964171
3247964181
3247964191
3247964201
3247964211
3247964221
3247964231
3247964241
3247964251
3247964261
3247964271
3247964281
3247964291
3247964301
3247964311
3247964331
3247964351
3247964361
3247964371
3247964381
3247964391
3247964401
3247964411
3248293391
3248293401
3248293421
3248293431
3248293441
3248293451
3248293461
3248293471
3248293481
3248293491
3248293501
3248293511
3248293521
3248293531
3248293541
3248293551
3248293561
3248293571
3248293581
3248293591
3248293601
3248293611
3248293621
3248293631
3248293641
3248293651
3248293661
3248293671
3248293681
3248293691
3248293701
3248293711
3248423011
3248423021
3248423031
3248423041
3248423051
3248423091
3248423101
3248423121
3248423131
3248423141
3248423161
3248423171
3248423181
3248423201
3248423211
3248423221
3248612861
3248612881
3248612911
3248613781
3251090161
3251090171
3251090181
3251090191
3251090201
3251090211
3251090221
3251090231
3251090241
3251090251
3251090261
3251090271
3251090281
3251090291
3251090301
3251090311
3251090321
3251090331
3251090341
3251090351
3251090361
3251090371
3251090381
3251090391
3252008941
3252008951
3252072541
3252072551
3252072561
3252072571
3252072581
3252072591
3252072601
3252072611
3252072621
3252072631
3252072641
3252072651
3252072691
3252072701
3252072731
3252072751
3252072781
3252072791
3252072801
3252072821
3252147691
3253906601
3253906611
3253906621
3253906641
3253906851
3253906861
3253906961
3253906981
3253906991
3253907001
3253907021
3253907031
3253907041
3253907111
3253907131
3253907141
3253907151
3253907171
3253907181
3253907201
3254251551
3254251561
3254251571
3254251581
3254251591
3254251601
3254251611
3254251621
3254251671
3254251681
3254251691
3254251701
3254251711
3254251721
3254251731
3254251741
3254268571
3255060711
3255060861
3255060941
3255061041
3255881961
3255882191
3255882251
3255882271
3255882281
3255882291
3255882301
3256142451
3256142461
3256142471
3256142571
3256142591
3256142631
3256142641
3256142651
3256142661
3256142671
3256142681
3256142691
3256142701
3256142711
3256144931
3256144941
3256144961
3256145021
3256145031
3256145041
3256145101
3256145161
3256145211
3256145221
3256145241
3259150431
3259150441
3259150451
3261992341
3261992401
3261992451
3261992631
3261992651
3262269001
3262274661
3262274741
3264126841
3264126851
3264126861
3264126881
3264126891
3264279621
3264279641
3264279671
3264279731
3264279811
3264472711
3264472721
3264472731
3264472741
3264472751
3264472761
3264472771
3264472841
3264472851
3264725561
3264725571
3264725581
3264725591
3264725601
3264725611
3264725731
3265778531
3265778541
3265778551
3265778561
3265778571
3265778581
3265778591
3265778601
3265778611
3265778621
3265778631
3265778641
3265778651
3265778661
3265778671
3265778681
3265778691
3265778701
3265778711
3265778721
3265778731
3265778741
3265779521
3266258581
3266258611
3266258631
3266320721
3266320771
3266320801
3266321521
3266321531
3266321541
3266321551
3266321561
3266321571
3266321581
3266321591
3266321721
3266321731
3266321741
3266322031
3266379971
3266853611
3266853621
3266853631
3266853651
3266853731
3266853751
3266853761
3266862141
3268143451
3268143611
3268143701
3268143711
3268156691
3268156711
3268156721
3268156731
3268156741
3268156891
3268156901
3268156911
3268156921
3268156931
3268156941
3268156991
3270531911
3270531931
3270531961
3270532011
3270535761
3270535971
3270536031
3270536131
3270536151
3270536181
3270536191
3270536351
3270536361
3270536391
3270536541
3270536641
3270536651
3270536801
3270536811
3270536841
3270768141
3270768231
3270927601
3270927611
3270927631
3271416771
3271416781
3271416791
3271416801
3271416811
3271416821
3271416831
3271416841
3271416851
3271416861
3271416871
3271416881
3271416891
3271416901
3271416911
3271416921
3271416931
3271416941
3271416951
3271416971
3271416981
3271416991
3271417001
3271417011
3271417021
3271417031
3271417041
3271417051
3271417061
3271417071
3271417081
3271417091
3271417101
3271417111
3271417121
3271417131
3271417141
3271417151
3271417161
3271417171
3271417181
3271417191
3271417201
3271417211
3271417221
3271417231
3271417241
3271417251
3271548311
3271548321
3271548331
3271548341
3271548351
3271548361
3271548371
3271548381
3271548391
3271548411
3271548421
3271548431
3271548441
3271548451
3271548461
3271548471
3271548491
3271548511
3271548521
3271548531
3271548541
3271548551
3271784441
3271784471
3271784481
3271784491
3271784501
3271784511
3271784521
3271784531
3271784541
3271784551
3271784561
3271784641
3271784651
3271784661
3271785131
3271785141
3271926821
3271927361
3271927411
3271927451
3272188431
3272219231
3272219241
3272219251
3272219261
3272219271
3272219281
3272219291
3272219301
3272219311
3272219321
3272219341
3272219351
3273860021
3273865851
3273865881
3273865911
3273865941
3273868851
3273884031
3273887951
3273887961
3274257241
3274444951
3275292271
3275292421
3275292441
3275292691
3275292811
3275293011
3275345361
3275345371
3275345381
3275345401
3275345411
3275345421
3275345431
3275461751
3275461761
3275476161
3275732321
3275732331
3275732691
3275732701
3275833361
3275833371
3275833381
3275833401
3275833411
3275833511
3275833521
3275833531
3275833541
3275833551
3275833561
3275833571
3275833581
3275833591
3275833711
3275833731
3275833741
3275833751
3275833761
3275833771
3275833781
3275833891
3275833931
3275833971
3275838881
3275838891
3276155151
3277556481
3277556491
3277556501
3277556511
3277559311
3277559341
3277559451
3277559461
3277559531
3277559541
3277559551
3277559561
3277559571
3277559641
3277559731
3277559761
3277559771
3277559781
3277559791
3277559801
3277560081
3277560091
3277560101
3277560301
3277568211
3277568231
3277571261
3277571271
3277572201
3277573471
3277573481
3277573491
3277573501
3277573511
3277573521
3277573531
3277573541
3277573551
3277573561
3277573571
3277573591
3277573611
3277573621
3277573631
3277573671
3277573711
3277684501
3277684541
3277684561
3277684621
3278034461
3278036281
3278037001
3278037021
3278039691
3278043161
3278043171
3278043181
3278043191
3278087611
3279289461
3279289471
3279289481
3279289491
3279289511
3279289521
3279289531
3279289551
3279289561
3282013311
3282013321
3282013331
3282013341
3282013351
3282013361
3282013371
3282013381
3282013391
3282013401
3282301511
3283039611
3283177891
3283178341
3283178381
3283178401
3283668721
3283668731
3283668751
3283668761
3283668771
3283668781
3283668791
3283668801
3283668811
3283668821
3283668831
3283668841
3283668891
3283668901
3283668911
3283668921
3283706211
3284065661
3284065731
3284065801
3284065811
3284520251
3284520271
3285114591
3285114601
3285290601
3285291001
3285291071
3285406621
3285406631
3285406661
3285407021
3285407151
3285407181
3285407211
3285407221
3285407241
3285407301
3285407321
3285415621
3285497891
3285497951
3286900571
3286900611
3286900631
3286900641
3286900651
3286901111
3286901131
3286901141
3286901151
3286901161
3287245311
3287245321
3287245331
3287245341
3287245351
3287245361
3287409671
3287589231
3287589251
3287589261
3287589291
3287589301
3287589311
3287589321
3287589331
3287589341
3287589351
3287589361
3287589371
3287589381
3287589391
3287589401
3287589411
3287589431
3287589451
3287589471
3287589491
3287633391
3287633461
3287633471
3287633481
3287633491
3287633631
3287633641
3287634081
3287634091
3287634101
3287661091
3287661211
3287661281
3288136801
3288136831
3288136851
3288448731
3288448741
3288448751
3288448791
3288448811
3288448821
3288448841
3288448851
3288448971
3288900091
3288900101
3288900111
3288900131
3288900141
3288900161
3288900171
3289245071
3289245081
3289245091
3289245321
3289245331
3289245351
3289245381
3289245521
3289245531
3289245541
3289245651
3289306621
3291729031
3292644461
3292644471
3292644481
3292753831
3292753851
3292753861
3292795041
3292795051
3292795061
3292795071
3293054381
3293157491
3294547401
3294547421
3294578001
3294578351
3294578361
3294578371
3294578381
3294578391
3294578401
3294578411
3294578421
3294578431
3294578441
3294578451
3294578461
3294578471
3294578481
3294578491
3294578501
3294578511
3294578521
3294578531
3294578551
3294578561
3294578611
3294578671
3294578681
3294578691
3294578701
3294578711
3294578721
3294578731
3294579951
3294581441
3294607341
3294607351
3294607361
3294607371
3294607381
3294607391
3294607401
3294607411
3294607421
3294607431
3294607441
3294607451
3294607461
3294607471
3294607481
3294607491
3294607501
3294607511
3294607521
3294607531
3294607541
3294607551
3294607561
3294607571
3294607581
3294607591
3294607601
3294607611
3294607621
3294607631
3294607641
3294607651
3294607661
3294607671
3294607681
3294607691
3294607701
3294607711
3294607721
3294607731
3294607741
3294607751
3294607761
3294607771
3294607781
3294607791
3294607801
3294607811
3294607821
3294607831
3294607841
3294607851
3294607861
3294764741
3294764751
3294764761
3294764771
3295506171
3296053641
3296270041
3296270051
3296270061
3296270071
3296270081
3296270091
3296270101
3297320081
3297532721
3297532731
3297532741
3297532761
3297532781
3297532791
3298018321
3298018331
3298018341
3298018351
3298018361
3298018371
3298018381
3298018391
3298018411
3298018441
3298018461
3298018491
3298018511
3298018521
3298018551
3298020121
3298020151
3298020301
3298020361
3298020371
3299180861
3299513511
3299513521
3299513551
3299513561
3299513571
3299513581
3299513591
3299513601
3299513631
3299613011
3299613021
3299613031
3299613041
3299613051
3299613061
3299613071
3299613081
3299613091
3299613101
3299613111
3299613121
3299613131
3299613141
3299613151
3299613161
3299613171
3299613181
3299613191
3299613201
3299613211
3299613221
3299613231
3299613241
3299613251
3299613281
3299613291
3299613471
3299613481
3299613491
3299613541
3299613561
3299613571
3299613581
3300210211
3301076351
3301076401
3301975121
3302853081
3302853101
3302853111
3302853121
3302853151
3302853161
3302853181
3303800631
3303800981
3303895181
3303895191
3303895221
3303895231
3303895241
3303981101
3303981301
3303981321
3303981331
3303981421
3303981441
3303981451
3303981471
3303981481
3303981491
3303981501
3303981511
3303981521
3303981531
3304112361
3304112561
3304353451
3304353481
3304353491
3304353501
3304353521
3304353531
3304353541
3304353551
3304353561
3304353571
3304353581
3304353591
3304353601
3304353851
3304353871
3305783881
3305886331
3305886341
3305886351
3305968051
3306365271
3306365361
3306365381
3306365501
3306365511
3306365521
3306365541
3307316561
3307316571
3307316581
3307316591
3307316601
3307316611
3307316621
3307374271
3308513681
3308513761
3308640341
3308640351
3308640371
3308640411
3308842561
3308842571
3308842581
3308842591
3308842601
3308842611
3308842631
3308842641
3308842671
3308882621
3308882641
3308882661
3308882751
3308882761
3308882781
3308882801
3308882811
3308882831
3308882841
3308882851
3308882861
3308882881
3308882891
3308882901
3308882911
3308882931
3308883221
3308883231
3308883241
3308883251
3308883261
3308883271
3308883281
3308883291
3308883301
3308883321
3308883331
3308953551
3308953601
3308953611
3308953621
3308953631
3308953641
3308953651
3308953661
3308953671
3308953681
3308953861
3308953881
3308953891
3308953901
3308953931
3308953941
3308953951
3308953981
3308953991
3308954011
3308954031
3308954041
3308954051
3308954061
3308954191
3308954201
3309002151
3309002371
3309002411
3309002451
3309002461
3309430851
3309762351
3309762371
3310833761
3310833771
3310833791
3310833811
3310851341
3310851471
3310851481
3310851491
3310851501
3310851511
3310851521
3310851531
3310851541
3310851561
3310851571
3310851591
3310851601
3310851611
3310851621
3310851631
3310851641
3310851651
3310851661
3310851671
3310851681
3310851691
3310851701
3310851711
3310851721
3310851731
3310851741
3310851751
3312101351
3312101361
3312101391
3313882661
3313882841
3313883211
3314137471
3314137571
3314137621
3314137811
3314432491
3314432501
3314432521
3314432531
3314432581
3314432591
3314432611
3314432621
3314494291
3314494331
3314494341
3314494431
3314494441
3314494451
3314494461
3314494471
3315278021
3315278221
3315278301
3315328601
3315328711
3315328831
3315443811
3315443821
3315443831
3315443841
3315443851
3315443861
3315443871
3315443881
3315678461
3315678591
3315678621
3315678651
3315858421
3315859391
3315859401
3315859431
3315866051
3315899071
3315899181
3315899501
3316661881
3316661891
3316661911
3316661921
3316661931
3316662001
3316662021
3316662061
3316662071
3316662081
3316662091
3316662101
3316662111
3316662121
3316662141
3316747191
3316995951
3317695981
3317827611
3318904761
3318904781
3318904801
3318904861
3318904941
3318904951
3318904961
3319005691
3319005741
3320182391
3321337461
3321337471
3321337481
3321337491
3321337501
3321337531
3321338161
3321338171
3321338181
3321338201
3321340921
3321341081
3321341151
3321341371
3321341711
3322591041
3322591051
3322591061
3322591071
3322591081
3322591101
3322591111
3322591121
3322591131
3322591151
3322591171
3322591191
3322591201
3322591221
3322591241
3322591261
3322591271
3322591281
3322591291
3322591301
3322591311
3322591321
3322591331
3322591341
3322591371
3322591381
3322591391
3322591401
3322591411
3322591421
3322591431
3323571581
3324729561
3324729571
3324729581
3324729591
3325276671
3325604491
3325605581
3325605591
3325605611
3325656961
3327064081
3327064091
3327064101
3327064111
3327064121
3327064161
3327064171
3327064181
3327064191
3328707761
3328707771
3328707781
3328707791
3328707831
3328707841
3328707851
3328707861
3329768951
3329768981
3329769061
3329769181
3329769211
3329769231
3329769241
3329769361
3329769461
3329769481
3329769531
3329769581
3329769991
3329770321
3331328841
3331328851
3331328861
3331328871
3331328881
3331328891
3331328901
3331328911
3331328921
3331328931
3331328951
3331328991
3331329391
3333035711
3333035721
3333591841
3333592251
3333617891
3333617921
3333617941
3333617951
3334819701
3334819711
3337383201
3337383211
3337383221
3337383231
3337405451
3337405461
3337405471
3337405481
3337405491
3338211221
3338211241
3338211271
3338211291
3338211301
3338211341
3338211381
3339161931
3339162171
3339162181
3339325241
3339325251
3339325261
3339325271
3339325281
3339325291
3339325301
3339325311
3339325321
3339325371
3339325381
3339325401
3339325421
3339325431
3339325441
3339325451
3339325471
3339325511
3339325521
3339325531
3339325541
3339325551
3339325571
3339325581
3339325591
3339325601
3339325611
3339325621
3339325631
3339325641
3339325651
3339325671
3339775621
3339990061
3339990341
3339990431
3341847691
3342339371
3342356941
3342982431
3342982481
3342982541
3342982551
3342982581
3342982611
3342982621
3342982631
3343074961
3343497321
3343497401
3343497671
3343497931
3343497961
3343498071
3343527931
3343527951
3343527991
3343528051
3343528561
3343528681
3343528761
3343528771
3343528801
3343621951
3343622021
3343622051
3343622141
3343641031
3343641041
3343657181
3343657191
3343657201
3343960401
3343960421
3343960431
3343960511
3343960551
3343960611
3343960651
3343960671
3344024891
3344024901
3344024911
3344024921
3344024941
3344024961
3344024971
3344025031
3344025041
3344025051
3344025081
3344025231
3344025561
3344025731
3344025861
3344025871
3344026121
3344026131
3344027501
3344027531
3344027551
3344027561
3344027571
3344027581
3344027591
3344027611
3344779481
3344779511
3344779521
3345236551
3345684391
3345684401
3345684421
3345684431
3345684441
3345684451
3345684461
3346430901
3346450131
3346459671
3348078721
3348078751
3348078761
3348078771
3348478671
3348478801
3348479001
3348479051
3348479061
3348479091
3348479111
3348479121
3348479151
3348479281
3348943801
3348943841
3348943861
3348943871
3348943881
3348943891
3348943901
3348943911
3348943921
3348943931
3348943941
3348943951
3348943961
3348943971
3348943981
3348944011
3348944161
3348944181
3348944191
3348944201
3348944211
3348944221
3348944231
3348944241
3348944251
3348944261
3348944271
3348944281
3348944291
3348945161
3348945181
3348945241
3348945271
3348945301
3348945401
3348945421
3348945461
3348945681
3348945701
3348998441
3348998451
3348998461
3348998471
3348998481
3348998491
3348998501
3348998511
3348998521
3348998531
3348998541
3348998551
3349382021
3349382031
3349382091
3349382101
3349771421
3349771431
3349771441
3349771461
3349771471
3349771481
3349771491
3349771501
3349771511
3349771521
3349771531
3349771541
3349771551
3349771561
3349771571
3349771581
3349818731
3349819271
3349819381
3349819411
3349819731
3349819751
3349819761
3349819771
3349819781
3349819791
3349819801
3349819811
3349819821
3349819831
3349819841
3349819851
3349819861
3349819871
3349819881
3349819891
3349819901
3349819911
3349819921
3349819931
3349819941
3349819961
3349819971
3349819981
3349819991
3349820001
3350578351
3351311001
3351311101
3351531941
3351531951
3351532041
3351537451
3351537501
3351582481
3351582691
3351820821
3351820941
3351821291
3351821511
3351821571
3351821631
3351821671
3352843521
3352843711
3352918781
3353772871
3353772901
3353772911
3353772921
3353772931
3353772941
3353772951
3353772971
3353773021
3353773031
3353773041
3353773051
3353773061
3355163951
3355764111
3355764121
3355764131
3355764141
3355764151
3355764161
3355764171
3355764181
3355764191
3355764211
3355764221
3355764231
3355764241
3355764251
3355764261
3355764271
3355764281
3355764291
3355764301
3355764311
3355764321
3355764341
3355764351
3355764361
3355764371
3355764381
3355764391
3355764401
3355764411
3355764421
3355764431
3355764441
3355764471
3355764671
3355764691
3357272341
3357272351
3357272361
3357272371
3357272461
3357272531
3357272541
3357272551
3357272561
3357272571
3357272581
3357864331
3357892161
3357892411
3357892421
3357892431
3357892491
3357892501
3357892511
3357892931
3358689271
3358689281
3358689351
3358689461
3358689501
3358689551
3358689721
3358689791
3358689901
3358689921
3358689981
3358690001
3358690021
3358695531
3358695651
3358695721
3358886001
3358886021
3358886331
3358886341
3358886361
3358886411
3358886431
3358887551
3359025671
3359025681
3359025711
3359025761
3359025821
3359133071
3359133081
3359133091
3359354191
3359354201
3359354211
3359354341
3359354351
3359354361
3359354371
3359354451
3359354491
3359354501
3359354511
3359354561
3359354571
3359354831
3359354841
3359354851
3359354861
3359537491
3359537501
3359537511
3359537521
3359537761
3359537771
3359537781
3359537791
3359538181
3359538191
3359538201
3359538211
3359545891
3359545901
3359545921
3359545931
3359545941
3360300381
3360758481
3360758641
3360758961
3360759191
3360759361
3360759751
3360759841
3360760021
3360760031
3360760241
3360760341
3360760531
3360760541
3360760551
3360760561
3360760841
3360761061
3360799841
3360799861
3360799871
3360799891
3360799901
3360799911
3363950141
3365235781
3365235831
3365235841
3365235851
3365235861
3365235871
3365235881
3365235891
3365235901
3365235911
3365235921
3365236131
3365236141
3365236151
3365236161
3365236651
3365236691
3365236701
3365236711
3365236731
3366397511
3366397521
3366397531
3366397541
3366397551
3366397561
3366397571
3366397581
3368700021
3369101601
3369101701
3370255681
3370258721
3370319521
3370444201
3373331281
3373331411
3373927751
3373927761
3373927771
3373927781
3373927791
3373927801
3373927811
3373927821
3373927831
3373927841
3373927851
3373927861
3373927871
3373927881
3373927891
3373927901
3373927911
3373927921
3373927931
3373927941
3373927951
3373927961
3373927971
3373927981
3373927991
3373928001
3373928011
3373928021
3373928031
3373928041
3373928051
3373928061
3373928071
3373928081
3373928091
3373928101
3374418581
3374418691
3374419361
3374439951
3374440111
3377539481
3377539491
3377539501
3377539521
3377539541
3377539561
3377539581
3377949051
3377949061
3377949101
3377949151
3377949171
3381842581
3381842611
3381842641
3381848881
3381848901
3381848911
3381849011
3381849071
3381849321
3381849441
3386648801
3386648811
3386648821
3386648841
3386648851
3386648861
3387959051
3387959151
3387959211
3388083761
3388157951
3388157981
3388157991
3388158161
3388158331
3388287791
3388917691
3397452521
3397452921
3397861461
3397861491
3397861531
3397861541
3397861551
3397861641
3397861721
3397861821
3397861871
3397862011
3397862041
3397862071
3398548061
3398548111
3398548161
3398560001
3398560061
3398560121
3398955441
3398956101
3400486421
3400487011
3400487121
3400487221
3400487361
3400487371
3400487441
3400487461
3401331201
3401331261
3401331271
3401331291
3401331301
3401331321
3401331341
3401375461
3401375611
3401383301
3401383371
3401383421
3401383441
3407048201
3407048211
3407048231
3407048691
3407993011
3407993021
3407993091
3408087561
3408087571
3408087581
3409641871
3409679181
3409751771
3409752271
3409752351
3409879951
3409879961
3409879971
3410487211
3410487301
3410487591
3410511801
3410511811
3410511821
3410511831
3410511861
3410511871
3410511881
3410512091
3410512101
3410512111
3410512411
3410512421
3410512431
3410512451
3410512461
3410512491
3410512501
3410512511
3410512521
3410512531
3410512541
3410512551
3410512561
3410512571
3412325401
3419432161
3432659301
3432659311
3432659341
3432659351
3432659411
3432659421
3432659431
3432659461
3432659511
3432659521
3432659541
3432660621
3450335501
3450335511
3450335521
3450335531
3450335541
3450335551
